customer_id,first_purchase,last_purchase,total_orders,total_items,total_revenue,avg_line_revenue,unique_products,active_months,country,recency_days,customer_lifetime_days,orders_per_active_month,revenue_per_order,items_per_order
12346,2011-01-18 10:01:00,2011-01-18 10:01:00,1,74215,77183.6,77183.6,1,1,United Kingdom,326,1,1.0,77183.6,74215.0
12347,2010-12-07 14:57:00,2011-12-07 15:52:00,7,2458,4310.0,23.681318681318682,103,7,Iceland,2,366,1.0,615.7142857142857,351.14285714285717
12348,2010-12-16 19:09:00,2011-09-25 13:13:00,4,2341,1797.24,57.97548387096774,22,4,Finland,75,283,1.0,449.31,585.25
12349,2011-11-21 09:51:00,2011-11-21 09:51:00,1,631,1757.55,24.076027397260273,73,1,Italy,19,1,1.0,1757.55,631.0
12350,2011-02-02 16:01:00,2011-02-02 16:01:00,1,197,334.4,19.670588235294115,17,1,Norway,310,1,1.0,334.4,197.0
12352,2011-02-16 12:33:00,2011-11-03 14:37:00,8,536,2506.04,29.482823529411764,59,4,Norway,36,261,2.0,313.255,67.0
12353,2011-05-19 17:47:00,2011-05-19 17:47:00,1,20,89.0,22.25,4,1,Bahrain,204,1,1.0,89.0,20.0
12354,2011-04-21 13:11:00,2011-04-21 13:11:00,1,530,1079.4,18.610344827586207,58,1,Spain,232,1,1.0,1079.4,530.0
12355,2011-05-09 13:49:00,2011-05-09 13:49:00,1,240,459.4,35.33846153846154,13,1,Bahrain,214,1,1.0,459.4,240.0
12356,2011-01-18 09:50:00,2011-11-17 08:40:00,3,1591,2811.43,47.65135593220339,53,3,Portugal,23,303,1.0,937.1433333333333,530.3333333333334
12357,2011-11-06 16:07:00,2011-11-06 16:07:00,1,2708,6207.67,47.38679389312977,131,1,Switzerland,33,1,1.0,6207.67,2708.0
12358,2011-07-12 10:04:00,2011-12-08 10:26:00,2,248,1168.06,61.47684210526315,13,2,Austria,2,150,1.0,584.03,124.0
12359,2011-01-12 12:43:00,2011-10-13 12:47:00,4,1622,6372.58,25.695887096774193,214,4,Cyprus,58,275,1.0,1593.145,405.5
12360,2011-05-23 09:43:00,2011-10-18 15:22:00,3,1165,2662.06,20.63612403100775,105,3,Austria,52,149,1.0,887.3533333333334,388.3333333333333
12361,2011-02-25 13:51:00,2011-02-25 13:51:00,1,91,189.9,18.990000000000002,10,1,Belgium,287,1,1.0,189.9,91.0
12362,2011-02-17 10:30:00,2011-12-06 15:40:00,10,2229,5226.23,19.647481203007516,201,8,Belgium,3,293,1.25,522.6229999999999,222.9
12363,2011-04-11 13:29:00,2011-08-22 10:18:00,2,408,552.0,24.0,23,2,Unspecified,110,133,1.0,276.0,204.0
12364,2011-08-19 15:24:00,2011-12-02 10:22:00,4,1506,1313.1,15.448235294117646,70,4,Belgium,8,105,1.0,328.275,376.5
12365,2011-02-21 13:51:00,2011-02-21 14:04:00,2,174,641.38,29.153636363636362,22,1,Cyprus,291,1,2.0,320.69,87.0
12367,2011-12-05 16:48:00,2011-12-05 16:48:00,1,173,168.9,15.354545454545455,11,1,Denmark,4,1,1.0,168.9,173.0
12370,2010-12-14 12:58:00,2011-10-19 14:51:00,4,2353,3545.69,21.231676646706585,143,3,Cyprus,51,310,1.3333333333333333,886.4225,588.25
12371,2011-10-11 10:43:00,2011-10-26 10:16:00,2,591,1887.96,29.96761904761905,63,1,Switzerland,45,15,2.0,943.98,295.5
12372,2011-02-16 12:46:00,2011-09-29 12:12:00,3,794,1298.04,24.962307692307693,34,3,Denmark,72,225,1.0,432.68,264.6666666666667
12373,2011-02-01 13:10:00,2011-02-01 13:10:00,1,197,364.6,26.042857142857144,14,1,Austria,311,1,1.0,364.6,197.0
12374,2011-11-14 15:37:00,2011-11-14 15:37:00,1,342,742.9300000000001,22.513030303030305,33,1,Austria,25,1,1.0,742.9300000000001,342.0
12375,2011-09-02 14:23:00,2011-11-29 10:36:00,2,178,457.5,26.91176470588235,14,2,Finland,11,88,1.0,228.75,89.0
12377,2010-12-20 09:37:00,2011-01-28 15:45:00,2,944,1628.12,21.144415584415583,72,2,Switzerland,315,40,1.0,814.06,472.0
12378,2011-08-02 10:34:00,2011-08-02 10:34:00,1,2529,4008.62,18.30420091324201,219,1,Switzerland,130,1,1.0,4008.62,2529.0
12379,2011-06-22 16:32:00,2011-09-19 10:09:00,2,407,852.24,21.306,39,2,Belgium,82,89,1.0,426.12,203.5
12380,2011-06-07 09:49:00,2011-11-18 11:27:00,4,1127,2724.81,26.200096153846154,77,4,Belgium,22,165,1.0,681.2025,281.75
12381,2011-08-12 09:57:00,2011-12-05 12:44:00,5,808,1845.31,21.21045977011494,70,4,Norway,5,116,1.25,369.062,161.6
12383,2010-12-22 14:28:00,2011-06-08 08:02:00,5,1532,1850.56,18.69252525252525,84,5,Belgium,185,168,1.0,370.11199999999997,306.4
12384,2011-08-10 11:23:00,2011-11-11 08:39:00,2,126,585.27,21.676666666666666,26,2,Switzerland,29,93,1.0,292.635,63.0
12386,2010-12-08 09:53:00,2011-01-06 12:37:00,2,354,401.9,40.19,10,2,Australia,338,30,1.0,200.95,177.0
12388,2011-01-17 11:12:00,2011-11-24 12:30:00,6,1462,2780.66,27.8066,57,6,Australia,16,312,1.0,463.4433333333333,243.66666666666666
12390,2011-09-21 09:33:00,2011-09-21 09:33:00,1,353,549.84,17.1825,32,1,Belgium,80,1,1.0,549.84,353.0
12391,2011-11-18 12:07:00,2011-11-18 12:07:00,1,300,460.89,4.6089,92,1,Cyprus,22,1,1.0,460.89,300.0
12393,2011-01-11 09:47:00,2011-09-28 15:41:00,4,816,1582.6000000000001,24.728125000000002,47,3,Australia,72,261,1.3333333333333333,395.65000000000003,204.0
12394,2011-05-06 14:01:00,2011-10-07 08:08:00,2,819,1272.48,47.12888888888889,26,2,Belgium,64,154,1.0,636.24,409.5
12395,2010-12-03 16:35:00,2011-11-20 15:21:00,12,2118,3018.63,19.350192307692307,91,8,Belgium,19,352,1.5,251.5525,176.5
12397,2011-07-27 14:21:00,2011-11-04 09:52:00,2,1263,2409.9,19.126190476190477,110,2,Belgium,36,100,1.0,1204.95,631.5
12398,2011-10-25 10:27:00,2011-10-25 10:27:00,1,1394,1635.6599999999999,19.24305882352941,85,1,Switzerland,46,1,1.0,1635.6599999999999,1394.0
12399,2011-03-23 09:42:00,2011-08-12 13:15:00,4,1178,1108.65,18.790677966101697,47,4,Belgium,119,143,1.0,277.1625,294.5
12401,2011-02-09 13:50:00,2011-02-09 13:50:00,1,11,84.3,16.86,5,1,Belgium,303,1,1.0,84.3,11.0
12402,2011-01-20 13:49:00,2011-01-20 13:49:00,1,94,225.6,20.509090909090908,11,1,Belgium,323,1,1.0,225.6,94.0
12403,2011-10-21 10:51:00,2011-10-21 10:51:00,1,96,427.7,85.53999999999999,5,1,Denmark,50,1,1.0,427.7,96.0
12405,2011-07-14 08:52:00,2011-07-14 08:52:00,1,857,1710.39,31.67388888888889,54,1,Finland,149,1,1.0,1710.39,857.0
12406,2011-06-09 10:23:00,2011-11-17 19:22:00,2,1818,3415.3,32.52666666666667,92,2,Denmark,22,162,1.0,1707.65,909.0
12407,2011-03-20 13:21:00,2011-10-21 10:11:00,5,1416,1708.1200000000001,22.183376623376624,57,4,Belgium,50,215,1.25,341.624,283.2
12408,2011-03-24 14:46:00,2011-11-07 12:27:00,5,1409,2888.55,27.51,81,4,Belgium,33,228,1.25,577.71,281.8
12409,2011-06-10 12:19:00,2011-09-22 10:38:00,3,5551,11072.67,101.58412844036697,91,2,Switzerland,79,104,1.5,3690.89,1850.3333333333333
12410,2011-02-04 10:38:00,2011-02-04 10:39:00,2,211,693.3299999999999,26.666538461538458,26,1,Switzerland,309,1,2.0,346.66499999999996,105.5
12412,2011-06-23 13:51:00,2011-09-26 10:16:00,3,829,1226.88,20.112786885245903,43,3,Denmark,75,95,1.0,408.96000000000004,276.3333333333333
12413,2011-01-06 16:12:00,2011-10-04 09:00:00,3,286,758.1,19.95,29,3,France,67,271,1.0,252.70000000000002,95.33333333333333
12414,2011-02-02 14:51:00,2011-05-06 14:51:00,3,300,562.41,31.244999999999997,16,3,Austria,217,94,1.0,187.47,100.0
12415,2011-01-06 11:12:00,2011-11-15 14:22:00,21,77374,124914.53,174.95032212885152,444,11,Australia,24,314,1.9090909090909092,5948.310952380953,3684.4761904761904
12417,2010-12-17 11:51:00,2011-12-06 14:52:00,9,1552,3649.1,19.005729166666665,158,8,Belgium,3,355,1.125,405.4555555555555,172.44444444444446
12418,2011-08-19 11:08:00,2011-08-19 11:08:00,1,407,668.58,19.664117647058823,34,1,Switzerland,113,1,1.0,668.58,407.0
12420,2011-10-07 08:55:00,2011-10-07 08:55:00,1,345,600.39,20.70310344827586,29,1,Cyprus,64,1,1.0,600.39,345.0
12421,2011-01-24 15:09:00,2011-11-24 09:07:00,4,484,807.04,17.93422222222222,32,4,Spain,16,304,1.0,201.76,121.0
12422,2011-01-19 09:13:00,2011-09-05 09:48:00,3,370,803.5600000000001,20.604102564102565,39,3,Australia,96,230,1.0,267.85333333333335,123.33333333333333
12423,2010-12-21 10:54:00,2011-12-09 10:10:00,8,1339,1859.31,14.87448,97,8,Belgium,1,353,1.0,232.41375,167.375
12424,2011-06-30 12:06:00,2011-06-30 12:06:00,2,740,1760.96,58.69866666666667,30,1,Australia,163,1,2.0,880.48,370.0
12425,2011-09-22 17:31:00,2011-09-22 17:31:00,1,496,777.2,21.58888888888889,36,1,Portugal,78,1,1.0,777.2,496.0
12426,2011-05-29 12:26:00,2011-05-29 12:26:00,1,258,582.73,19.424333333333333,30,1,Germany,195,1,1.0,582.73,258.0
12427,2010-12-03 10:44:00,2011-11-18 08:56:00,3,533,825.8,26.638709677419353,26,3,Germany,22,350,1.0,275.26666666666665,177.66666666666666
12428,2011-03-01 09:33:00,2011-11-14 08:22:00,9,3536,7956.46,27.062789115646257,258,5,Finland,26,258,1.8,884.0511111111111,392.8888888888889
12429,2010-12-09 12:05:00,2011-11-30 17:22:00,4,1557,3750.4,38.66391752577319,82,4,Denmark,9,357,1.0,937.6,389.25
12430,2011-10-27 15:09:00,2011-10-27 15:09:00,1,117,256.4,23.30909090909091,11,1,Norway,43,1,1.0,256.4,117.0
12431,2010-12-01 10:03:00,2011-11-04 11:55:00,15,2906,6487.45,27.606170212765957,163,8,Australia,36,339,1.875,432.49666666666667,193.73333333333332
12432,2011-06-20 13:27:00,2011-10-28 11:43:00,5,1801,5059.32,46.845555555555556,107,2,Norway,43,130,2.5,1011.8639999999999,360.2
12433,2010-12-01 13:24:00,2011-12-09 10:02:00,7,11071,13375.87,31.847309523809525,219,5,Norway,1,373,1.4,1910.8385714285716,1581.5714285714287
12434,2011-03-24 13:05:00,2011-09-16 12:38:00,2,394,806.14,16.122799999999998,46,2,Australia,85,176,1.0,403.07,197.0
12435,2011-03-17 07:40:00,2011-09-21 09:06:00,2,2055,7829.89,217.49694444444447,31,2,Denmark,80,189,1.0,3914.945,1027.5
12436,2011-09-01 12:09:00,2011-09-01 12:09:00,1,211,509.01,31.813125,16,1,Norway,100,1,1.0,509.01,211.0
12437,2011-01-12 14:13:00,2011-12-08 11:35:00,18,2922,4951.41,24.88145728643216,118,10,France,2,330,1.8,275.0783333333333,162.33333333333334
12438,2011-07-22 13:29:00,2011-11-25 13:28:00,2,1180,2906.85,29.66173469387755,84,2,Norway,14,126,1.0,1453.425,590.0
12441,2010-12-08 10:45:00,2010-12-08 10:45:00,1,121,173.55,15.77727272727273,11,1,France,367,1,1.0,173.55,121.0
12442,2011-12-06 14:22:00,2011-12-06 14:22:00,1,182,172.06,14.338333333333333,12,1,Spain,3,1,1.0,172.06,182.0
12444,2011-06-21 14:00:00,2011-11-18 13:23:00,5,1153,5005.46,28.440113636363638,138,5,Norway,21,150,1.0,1001.092,230.6
12445,2011-11-17 18:43:00,2011-11-17 18:43:00,1,62,133.4,33.35,4,1,Spain,22,1,1.0,133.4,62.0
12446,2011-10-13 12:50:00,2011-10-13 12:50:00,1,351,1002.3100000000001,17.584385964912283,57,1,RSA,58,1,1.0,1002.3100000000001,351.0
12447,2011-04-10 13:25:00,2011-04-10 13:25:00,1,190,476.49,18.326538461538462,26,1,Belgium,243,1,1.0,476.49,190.0
12448,2011-10-26 13:46:00,2011-10-26 13:46:00,1,243,449.45,20.429545454545455,22,1,Spain,44,1,1.0,449.45,243.0
12449,2011-06-05 15:37:00,2011-11-17 13:46:00,4,1553,4067.29,21.294712041884818,118,4,Belgium,22,165,1.0,1016.8225,388.25
12450,2011-06-19 14:36:00,2011-07-06 14:41:00,2,128,197.88,24.735,7,2,Spain,156,18,1.0,98.94,64.0
12451,2011-01-19 09:05:00,2011-11-29 08:40:00,5,6575,9035.52,25.524067796610172,265,4,Switzerland,11,314,1.25,1807.104,1315.0
12452,2011-11-23 08:05:00,2011-11-23 10:28:00,2,185,430.57,19.571363636363635,21,1,Switzerland,17,1,2.0,215.285,92.5
12453,2011-07-28 14:08:00,2011-07-28 14:08:00,1,473,707.09,16.443953488372095,43,1,Austria,134,1,1.0,707.09,473.0
12454,2011-10-14 17:13:00,2011-10-14 17:13:00,1,1006,3528.34,235.22266666666667,15,1,Spain,56,1,1.0,3528.34,1006.0
12455,2011-02-16 09:56:00,2011-09-27 15:31:00,6,2089,2466.86,27.409555555555556,85,5,Spain,73,224,1.2,411.1433333333334,348.1666666666667
12456,2011-03-30 09:12:00,2011-10-26 14:41:00,3,1633,3181.04,25.44832,105,3,Switzerland,44,211,1.0,1060.3466666666666,544.3333333333334
12457,2011-04-14 18:57:00,2011-10-04 13:13:00,7,843,2363.23,38.11661290322581,53,3,Switzerland,66,173,2.3333333333333335,337.6042857142857,120.42857142857143
12458,2011-02-28 10:55:00,2011-09-29 15:25:00,2,506,947.4,24.931578947368422,35,2,Switzerland,71,214,1.0,473.7,253.0
12461,2011-07-08 10:23:00,2011-09-06 16:57:00,2,287,826.88,23.62514285714286,35,2,Switzerland,94,61,1.0,413.44,143.5
12462,2011-02-09 14:44:00,2011-11-21 09:11:00,2,536,1189.59,19.186935483870965,51,2,Spain,19,285,1.0,594.795,268.0
12463,2011-04-12 12:47:00,2011-10-17 13:44:00,4,776,1344.78,16.202168674698793,65,4,Belgium,53,189,1.0,336.195,194.0
12464,2011-02-03 13:30:00,2011-11-29 13:33:00,8,112,1212.05,41.79482758620689,6,5,Belgium,10,300,1.6,151.50625,14.0
12465,2011-06-23 13:37:00,2011-11-22 16:34:00,2,479,742.1899999999999,15.79127659574468,46,2,Belgium,17,153,1.0,371.09499999999997,239.5
12468,2011-01-27 13:29:00,2011-06-05 11:36:00,2,366,729.5400000000001,19.19842105263158,36,2,Germany,188,129,1.0,364.77000000000004,183.0
12471,2010-12-10 09:35:00,2011-12-07 15:43:00,30,8212,19824.05,43.09576086956522,150,12,Germany,2,363,2.5,660.8016666666666,273.73333333333335
12472,2010-12-05 14:19:00,2011-11-07 14:01:00,7,4148,6572.11,19.386755162241887,219,7,Germany,32,337,1.0,938.8728571428571,592.5714285714286
12473,2011-06-01 10:15:00,2011-11-10 13:46:00,5,2439,3938.5499999999997,23.443749999999998,140,4,Germany,29,163,1.25,787.7099999999999,487.8
12474,2011-01-14 10:06:00,2011-11-22 14:39:00,18,4847,7375.79,17.395731132075472,253,9,Germany,17,313,2.0,409.7661111111111,269.27777777777777
12475,2011-10-17 10:10:00,2011-10-17 10:10:00,1,535,723.38,20.093888888888888,36,1,Germany,54,1,1.0,723.38,535.0
12476,2010-12-13 14:39:00,2011-11-24 12:40:00,11,2408,6816.42,29.255021459227468,177,9,Germany,16,346,1.2222222222222223,619.6745454545454,218.9090909090909
12477,2011-02-11 12:45:00,2011-11-17 09:51:00,6,3653,13219.74,44.065799999999996,191,5,Germany,23,279,1.2,2203.29,608.8333333333334
12478,2011-12-06 09:56:00,2011-12-06 09:56:00,1,236,680.99,18.91638888888889,36,1,Greece,4,1,1.0,680.99,236.0
12479,2011-11-28 13:26:00,2011-11-28 13:26:00,1,385,527.2,17.006451612903227,31,1,Germany,11,1,1.0,527.2,385.0
12480,2011-01-07 15:27:00,2011-11-11 14:52:00,4,1707,3281.63,21.309285714285714,129,4,Germany,28,308,1.0,820.4075,426.75
12481,2010-12-09 10:13:00,2011-11-17 08:29:00,10,3304,5596.32,25.789493087557602,150,7,Germany,23,343,1.4285714285714286,559.632,330.4
12483,2011-01-04 14:20:00,2011-11-22 17:02:00,8,1110,2484.98,33.133066666666664,46,7,Sweden,17,323,1.1428571428571428,310.6225,138.75
12484,2011-01-07 14:04:00,2011-11-07 11:37:00,6,2191,4541.72,13.126358381502891,256,4,Spain,33,304,1.5,756.9533333333334,365.1666666666667
12488,2011-09-25 10:34:00,2011-11-30 08:50:00,3,529,1298.66,23.612000000000002,46,3,France,10,66,1.0,432.8866666666667,176.33333333333334
12489,2011-01-07 13:13:00,2011-01-07 13:13:00,1,105,334.93,22.328666666666667,15,1,France,336,1,1.0,334.93,105.0
12490,2011-01-14 09:13:00,2011-12-04 16:07:00,10,3064,5417.93,22.114,131,8,France,5,325,1.25,541.793,306.4
12491,2011-11-01 12:18:00,2011-11-01 12:18:00,1,260,460.40000000000003,17.70769230769231,25,1,France,39,1,1.0,460.40000000000003,260.0
12492,2011-08-26 14:51:00,2011-10-07 15:15:00,2,192,263.21000000000004,13.160500000000003,19,2,Germany,63,43,1.0,131.60500000000002,96.0
12493,2011-05-26 14:53:00,2011-06-27 10:17:00,2,207,433.74,19.715454545454545,20,2,France,166,32,1.0,216.87,103.5
12494,2010-12-09 11:31:00,2011-11-24 09:34:00,7,707,1246.1000000000001,16.183116883116885,63,6,France,16,350,1.1666666666666667,178.01428571428573,101.0
12497,2011-09-19 12:29:00,2011-09-19 12:29:00,1,1236,1043.1,74.50714285714285,14,1,Germany,82,1,1.0,1043.1,1236.0
12498,2011-10-13 09:30:00,2011-11-18 12:53:00,3,159,403.70000000000005,17.55217391304348,21,2,Germany,21,37,1.5,134.5666666666667,53.0
12500,2011-01-10 09:48:00,2011-11-16 16:20:00,11,2678,4257.82,69.80032786885245,34,7,Germany,23,311,1.5714285714285714,387.07454545454544,243.45454545454547
12501,2011-01-07 12:28:00,2011-01-07 12:28:00,1,1783,2169.39,14.559664429530201,149,1,Germany,337,1,1.0,2169.39,1783.0
12502,2011-02-03 10:41:00,2011-09-05 11:52:00,5,820,3723.87,25.332448979591835,102,5,Spain,96,215,1.0,744.774,164.0
12504,2011-11-09 14:56:00,2011-11-21 16:02:00,2,90,482.04999999999995,53.5611111111111,6,1,Germany,18,13,2.0,241.02499999999998,45.0
12506,2011-04-21 08:54:00,2011-04-21 08:54:00,1,23,73.5,3.1956521739130435,23,1,France,233,1,1.0,73.5,23.0
12507,2011-02-14 09:24:00,2011-07-28 17:09:00,3,894,1304.81,62.13380952380952,19,2,Spain,134,165,1.5,434.93666666666667,298.0
12508,2011-11-10 16:27:00,2011-11-13 15:37:00,2,272,398.27,5.772028985507246,57,1,France,26,3,2.0,199.135,136.0
12509,2011-02-28 14:45:00,2011-02-28 14:45:00,1,55,176.5,25.214285714285715,7,1,France,284,1,1.0,176.5,55.0
12510,2011-01-18 14:04:00,2011-07-20 10:15:00,2,353,982.5699999999999,29.774848484848484,29,2,Spain,143,183,1.0,491.28499999999997,176.5
12512,2011-10-04 14:53:00,2011-10-04 14:55:00,2,99,138.03,4.059705882352941,31,1,Israel,66,1,2.0,69.015,49.5
12513,2011-08-19 10:51:00,2011-08-19 10:51:00,1,462,612.29,17.494,35,1,France,113,1,1.0,612.29,462.0
12514,2011-03-17 16:38:00,2011-03-17 16:38:00,1,440,1017.68,19.954509803921567,51,1,Italy,267,1,1.0,1017.68,440.0
12515,2010-12-21 15:43:00,2010-12-21 15:43:00,1,131,383.7,23.98125,16,1,Italy,353,1,1.0,383.7,131.0
12516,2011-06-12 11:37:00,2011-09-23 09:13:00,2,875,1312.06,50.46384615384615,20,2,Germany,78,103,1.0,656.03,437.5
12517,2011-06-02 15:13:00,2011-11-11 14:04:00,5,1371,2502.84,8.812816901408452,232,4,Germany,28,162,1.25,500.56800000000004,274.2
12518,2011-08-21 13:18:00,2011-12-09 10:13:00,5,1318,2056.89,16.58782258064516,84,5,Germany,1,110,1.0,411.378,263.6
12519,2011-10-07 09:26:00,2011-10-07 09:26:00,1,183,340.84,18.935555555555553,17,1,Germany,64,1,1.0,340.84,183.0
12520,2011-03-11 11:35:00,2011-09-21 15:23:00,5,1439,2634.26,17.330657894736845,121,4,Germany,79,195,1.25,526.8520000000001,287.8
12521,2011-07-20 10:51:00,2011-07-20 10:51:00,1,309,599.68,15.781052631578946,38,1,Germany,143,1,1.0,599.68,309.0
12522,2011-10-19 14:41:00,2011-10-31 15:30:00,2,194,192.72,16.06,11,1,Germany,39,13,2.0,96.36,97.0
12523,2011-01-12 09:43:00,2011-11-20 12:55:00,11,865,1789.77,16.884622641509434,84,9,France,19,313,1.2222222222222223,162.70636363636365,78.63636363636364
12524,2011-01-10 10:35:00,2011-11-30 15:31:00,8,3699,4485.72,31.150833333333335,113,7,Germany,9,325,1.1428571428571428,560.715,462.375
12526,2011-09-06 14:19:00,2011-12-09 12:09:00,3,632,1316.66,18.54450704225352,64,3,Germany,1,94,1.0,438.8866666666667,210.66666666666666
12527,2011-01-18 12:05:00,2011-09-19 11:55:00,3,234,348.71000000000004,19.37277777777778,18,3,Germany,82,244,1.0,116.23666666666668,78.0
12528,2011-01-31 09:05:00,2011-11-30 14:40:00,6,756,1933.48,21.01608695652174,50,6,Germany,9,304,1.0,322.24666666666667,126.0
12530,2011-01-07 10:04:00,2011-10-11 12:34:00,4,913,1662.28,25.186060606060607,51,4,Germany,60,278,1.0,415.57,228.25
12531,2011-11-25 11:12:00,2011-11-25 11:12:00,1,45,125.22,7.365882352941177,17,1,Germany,15,1,1.0,125.22,45.0
12532,2011-11-09 13:47:00,2011-11-09 13:47:00,1,153,349.83000000000004,21.864375000000003,16,1,France,30,1,1.0,349.83000000000004,153.0
12534,2011-08-01 10:26:00,2011-08-01 10:26:00,1,651,1089.18,17.28857142857143,63,1,Germany,131,1,1.0,1089.18,651.0
12535,2011-06-06 12:47:00,2011-09-09 08:48:00,2,219,716.35,21.069117647058825,28,2,France,92,95,1.0,358.175,109.5
12536,2011-10-11 14:52:00,2011-10-27 14:20:00,3,2803,12601.830000000002,48.282873563218395,260,1,France,43,16,3.0,4200.610000000001,934.3333333333334
12538,2011-11-10 17:16:00,2011-11-10 17:16:00,1,191,363.95,17.33095238095238,21,1,Spain,29,1,1.0,363.95,191.0
12539,2011-01-10 09:11:00,2011-11-17 13:30:00,4,2067,5568.35,20.396886446886448,157,3,Spain,22,312,1.3333333333333333,1392.0875,516.75
12540,2010-12-13 09:39:00,2011-11-20 11:31:00,17,6685,13400.24,28.03397489539749,277,11,Spain,20,343,1.5454545454545454,788.2494117647059,393.2352941176471
12541,2011-03-04 09:32:00,2011-11-10 10:40:00,3,680,981.18,18.868846153846153,46,3,Spain,30,252,1.0,327.06,226.66666666666666
12544,2011-11-03 16:15:00,2011-11-03 16:15:00,1,136,372.7,19.61578947368421,19,1,Spain,36,1,1.0,372.7,136.0
12545,2011-03-25 12:04:00,2011-09-25 13:39:00,2,523,1000.39,20.0078,42,2,Spain,75,185,1.0,500.195,261.5
12546,2011-09-23 09:44:00,2011-10-24 12:09:00,2,633,1161.5,16.833333333333332,59,2,Spain,47,32,1.0,580.75,316.5
12547,2011-03-04 12:46:00,2011-05-26 12:38:00,2,134,207.79999999999998,25.974999999999998,7,2,Spain,198,83,1.0,103.89999999999999,67.0
12548,2011-06-26 15:35:00,2011-06-26 15:35:00,1,49,95.19999999999999,19.04,5,1,Spain,166,1,1.0,95.19999999999999,49.0
12550,2011-09-21 14:35:00,2011-09-21 14:35:00,1,569,964.83,16.92684210526316,57,1,Spain,79,1,1.0,964.83,569.0
12551,2010-12-17 11:23:00,2010-12-17 11:23:00,1,100,168.0,16.8,10,1,Spain,358,1,1.0,168.0,100.0
12552,2011-10-31 12:11:00,2011-11-01 10:02:00,2,88,437.82,21.891,20,2,Italy,39,1,1.0,218.91,44.0
12553,2011-01-14 10:42:00,2011-12-01 16:38:00,10,1965,3692.28,19.33130890052356,95,9,France,8,322,1.1111111111111112,369.228,196.5
12556,2011-07-11 13:35:00,2011-10-20 13:06:00,2,358,603.71,4.989338842975207,100,2,Spain,50,101,1.0,301.855,179.0
12557,2010-12-03 12:20:00,2011-11-23 16:59:00,5,4384,11990.960000000001,363.36242424242425,15,5,Spain,16,356,1.0,2398.192,876.8
12558,2011-12-02 10:41:00,2011-12-02 10:41:00,1,196,269.96,24.54181818181818,11,1,USA,8,1,1.0,269.96,196.0
12559,2011-01-24 10:12:00,2011-02-02 09:49:00,2,283,561.71,26.74809523809524,21,2,Germany,311,9,1.0,280.855,141.5
12560,2011-07-19 15:55:00,2011-12-04 13:54:00,3,1110,2134.01,20.323904761904764,91,3,Germany,5,138,1.0,711.3366666666667,370.0
12561,2011-02-10 11:39:00,2011-02-10 11:39:00,1,177,238.85,14.928125,16,1,Germany,303,1,1.0,238.85,177.0
12562,2011-05-25 12:44:00,2011-12-01 17:20:00,7,1779,3781.7400000000002,22.510357142857146,99,7,France,8,191,1.0,540.2485714285715,254.14285714285714
12564,2011-03-23 14:55:00,2011-03-23 14:55:00,1,133,456.9,21.757142857142856,21,1,France,261,1,1.0,456.9,133.0
12565,2011-02-24 10:34:00,2011-02-24 10:34:00,1,80,145.92,16.21333333333333,9,1,Saudi Arabia,289,1,1.0,145.92,80.0
12566,2011-09-14 14:30:00,2011-09-14 14:30:00,1,265,351.65,18.507894736842104,19,1,Germany,86,1,1.0,351.65,265.0
12567,2010-12-05 11:57:00,2011-11-17 11:02:00,10,4305,9401.28,21.079103139013455,323,7,France,23,347,1.4285714285714286,940.128,430.5
12569,2011-04-01 13:47:00,2011-12-07 16:24:00,32,1801,4124.69,21.939840425531912,92,9,Germany,2,251,3.5555555555555554,128.8965625,56.28125
12571,2011-08-10 12:35:00,2011-10-31 10:19:00,2,523,519.61,15.28264705882353,31,2,France,40,82,1.0,259.805,261.5
12572,2011-10-19 08:20:00,2011-12-01 09:20:00,2,452,1020.42,17.006999999999998,53,2,Germany,9,44,1.0,510.21,226.0
12573,2011-04-26 15:52:00,2011-04-26 15:52:00,1,84,160.54000000000002,5.733571428571429,26,1,France,227,1,1.0,160.54000000000002,84.0
12574,2011-01-28 09:20:00,2011-01-28 09:20:00,1,61,218.45,19.85909090909091,11,1,France,316,1,1.0,218.45,61.0
12576,2011-02-08 11:31:00,2011-11-04 10:11:00,5,967,1315.83,14.952613636363635,72,5,Poland,36,269,1.0,263.166,193.4
12577,2010-12-15 16:21:00,2011-11-04 13:24:00,3,472,657.8,4.474829931972788,137,2,France,35,324,1.5,219.26666666666665,157.33333333333334
12578,2011-01-13 15:34:00,2011-11-18 13:30:00,2,1196,2794.51,24.51324561403509,111,2,Italy,21,309,1.0,1397.255,598.0
12579,2011-09-22 17:15:00,2011-09-22 17:15:00,1,285,440.42,15.18689655172414,29,1,France,78,1,1.0,440.42,285.0
12580,2011-04-07 10:24:00,2011-04-07 10:24:00,1,238,415.7,17.320833333333333,24,1,Germany,247,1,1.0,415.7,238.0
12581,2011-10-31 08:56:00,2011-10-31 08:56:00,1,161,197.71,13.180666666666667,15,1,Germany,40,1,1.0,197.71,161.0
12582,2011-02-24 11:42:00,2011-04-15 08:45:00,2,300,511.36,23.243636363636366,21,2,Finland,239,50,1.0,255.68,150.0
12583,2010-12-01 08:45:00,2011-12-07 08:07:00,15,5060,7281.38,29.47927125506073,115,12,France,3,371,1.25,485.42533333333336,337.3333333333333
12584,2011-03-04 15:15:00,2011-12-06 09:35:00,9,416,2338.15,24.355729166666666,44,8,Italy,4,277,1.125,259.7944444444445,46.22222222222222
12585,2010-12-23 12:58:00,2011-04-19 13:39:00,2,1279,2040.1,23.44942528735632,77,2,Germany,234,118,1.0,1020.05,639.5
12586,2011-11-22 16:24:00,2011-11-22 16:24:00,1,79,196.94000000000003,17.903636363636366,11,1,Italy,17,1,1.0,196.94000000000003,79.0
12587,2011-12-02 12:47:00,2011-12-02 12:47:00,1,51,144.0,36.0,4,1,Finland,8,1,1.0,144.0,51.0
12588,2011-10-31 15:01:00,2011-10-31 15:01:00,1,53,214.89999999999998,21.49,10,1,Finland,39,1,1.0,214.89999999999998,53.0
12589,2011-07-18 12:05:00,2011-11-11 10:19:00,2,306,646.68,18.47657142857143,29,2,France,29,116,1.0,323.34,153.0
12590,2011-05-12 14:46:00,2011-05-12 14:52:00,2,4283,9864.26,145.06264705882353,68,1,Germany,211,1,2.0,4932.13,2141.5
12591,2011-01-26 14:35:00,2011-01-26 14:35:00,1,228,452.84999999999997,17.41730769230769,26,1,Italy,317,1,1.0,452.84999999999997,228.0
12592,2011-05-10 13:44:00,2011-09-08 15:04:00,2,290,437.6,24.311111111111114,11,2,Germany,92,122,1.0,218.8,145.0
12593,2011-05-05 09:29:00,2011-08-23 12:43:00,3,206,418.09999999999997,19.909523809523808,14,2,France,109,111,1.5,139.36666666666665,68.66666666666667
12594,2011-01-21 09:52:00,2011-11-02 12:20:00,10,1777,3338.2200000000003,28.290000000000003,50,9,Italy,38,286,1.1111111111111112,333.822,177.7
12596,2011-04-11 13:22:00,2011-10-19 13:02:00,2,474,618.27,22.898888888888887,25,2,Spain,51,191,1.0,309.135,237.0
12597,2011-03-16 14:00:00,2011-11-20 13:33:00,4,2236,3811.22,18.50106796116505,184,4,Spain,19,249,1.0,952.805,559.0
12598,2011-02-28 11:58:00,2011-11-30 12:18:00,8,1964,3023.08,22.902121212121212,84,5,France,10,276,1.6,377.885,245.5
12599,2011-02-08 13:28:00,2011-11-10 13:34:00,7,956,1032.58,16.654516129032256,32,6,France,29,276,1.1666666666666667,147.51142857142855,136.57142857142858
12600,2010-12-03 12:57:00,2011-11-11 10:29:00,10,774,2599.04,40.61,32,9,Germany,29,343,1.1111111111111112,259.904,77.4
12601,2011-01-11 10:38:00,2011-06-03 10:17:00,5,245,577.0600000000001,20.609285714285715,21,5,Germany,190,143,1.0,115.412,49.0
12602,2011-10-12 11:22:00,2011-10-12 11:22:00,1,162,153.12,12.76,12,1,France,59,1,1.0,153.12,162.0
12603,2011-11-18 10:42:00,2011-11-18 10:42:00,1,63,739.1999999999999,369.59999999999997,2,1,Germany,22,1,1.0,739.1999999999999,63.0
12604,2011-03-23 12:06:00,2011-09-21 14:08:00,2,201,254.18,15.88625,15,2,France,79,183,1.0,127.09,100.5
12607,2011-10-10 16:06:00,2011-10-10 16:06:00,1,1228,1579.51,15.63871287128713,101,1,USA,60,1,1.0,1579.51,1228.0
12609,2011-01-25 15:13:00,2011-09-22 16:34:00,3,648,1126.85,18.78083333333333,57,3,Germany,78,241,1.0,375.6166666666666,216.0
12610,2011-08-05 13:52:00,2011-11-17 09:34:00,5,1049,2099.54,19.80698113207547,85,3,Italy,23,104,1.6666666666666667,419.908,209.8
12611,2011-10-18 13:12:00,2011-10-18 13:12:00,1,846,1193.32,18.35876923076923,65,1,Italy,52,1,1.0,1193.32,846.0
12612,2011-09-26 15:35:00,2011-09-26 15:35:00,1,262,704.0400000000001,37.054736842105264,19,1,Germany,74,1,1.0,704.0400000000001,262.0
12613,2011-03-22 15:42:00,2011-10-13 14:59:00,5,1644,3344.38,21.858692810457516,124,3,Germany,57,205,1.6666666666666667,668.876,328.8
12614,2011-03-07 10:22:00,2011-03-07 10:22:00,1,76,315.6,15.780000000000001,20,1,Germany,278,1,1.0,315.6,76.0
12615,2011-06-24 13:35:00,2011-12-07 15:02:00,4,1376,2291.19,21.820857142857143,82,4,France,2,167,1.0,572.7975,344.0
12616,2011-02-15 14:17:00,2011-09-05 15:17:00,2,284,713.3,22.290625,25,2,France,95,203,1.0,356.65,142.0
12617,2011-11-10 14:39:00,2011-11-10 14:39:00,1,213,355.53,8.465,39,1,France,29,1,1.0,355.53,213.0
12618,2011-11-18 11:10:00,2011-11-18 11:10:00,1,96,177.31,16.11909090909091,11,1,Italy,22,1,1.0,177.31,96.0
12619,2011-03-31 13:10:00,2011-11-23 14:52:00,9,3378,3641.24,40.45822222222222,50,6,Germany,16,238,1.5,404.5822222222222,375.3333333333333
12620,2011-05-19 12:10:00,2011-11-25 10:20:00,3,1181,1339.41,14.558804347826088,89,3,France,15,190,1.0,446.47,393.6666666666667
12621,2010-12-09 10:16:00,2011-12-08 11:25:00,20,7440,13689.67,29.31406852248394,261,12,Germany,2,365,1.6666666666666667,684.4835,372.0
12622,2011-04-21 16:39:00,2011-04-21 16:39:00,1,69,180.1,16.37272727272727,11,1,Germany,232,1,1.0,180.1,69.0
12623,2011-03-08 13:50:00,2011-03-08 13:50:00,1,191,305.1,16.950000000000003,18,1,Germany,276,1,1.0,305.1,191.0
12624,2011-06-15 12:34:00,2011-08-25 15:04:00,2,355,641.13,16.87184210526316,36,2,France,106,72,1.0,320.565,177.5
12625,2011-01-24 13:27:00,2011-05-12 09:54:00,2,1612,2683.82,31.207209302325584,73,2,Germany,212,108,1.0,1341.91,806.0
12626,2011-01-17 11:01:00,2011-11-16 16:06:00,9,3453,6620.48,22.51863945578231,232,6,Germany,23,304,1.5,735.6088888888888,383.6666666666667
12627,2011-07-22 13:59:00,2011-11-29 12:07:00,7,2752,4478.53,19.47186956521739,162,5,Germany,11,130,1.4,639.79,393.14285714285717
12628,2011-10-06 09:28:00,2011-12-05 13:15:00,3,448,786.46,19.181951219512197,34,3,Germany,4,61,1.0,262.15333333333336,149.33333333333334
12630,2011-10-27 10:41:00,2011-11-30 10:48:00,2,548,1270.88,19.8575,60,2,Finland,10,35,1.0,635.44,274.0
12631,2011-10-13 13:53:00,2011-10-13 13:53:00,1,236,640.5,20.661290322580644,31,1,Finland,57,1,1.0,640.5,236.0
12633,2011-02-25 08:44:00,2011-10-12 11:40:00,4,1162,2163.98,21.425544554455445,73,4,Germany,59,230,1.0,540.995,290.5
12635,2011-07-08 08:43:00,2011-09-11 11:04:00,2,1172,1689.18,16.724554455445546,96,2,Germany,90,66,1.0,844.59,586.0
12637,2011-01-20 10:47:00,2011-10-03 13:46:00,8,3002,6021.9,15.440769230769229,205,6,France,67,257,1.3333333333333333,752.7375,375.25
12638,2011-11-06 13:11:00,2011-11-06 13:11:00,1,577,671.69,17.222820512820515,39,1,Sweden,33,1,1.0,671.69,577.0
12639,2011-04-15 12:48:00,2011-04-15 12:48:00,1,201,486.1,22.095454545454547,22,1,Sweden,239,1,1.0,486.1,201.0
12640,2011-09-19 12:01:00,2011-11-16 11:52:00,3,311,1174.58,22.16188679245283,47,2,France,24,58,1.5,391.52666666666664,103.66666666666667
12641,2011-08-16 13:26:00,2011-08-16 13:26:00,1,72,185.9,18.59,10,1,Sweden,115,1,1.0,185.9,72.0
12642,2011-08-24 09:23:00,2011-11-14 15:03:00,3,552,1013.26,21.558723404255318,39,3,Germany,25,83,1.0,337.75333333333333,184.0
12643,2011-01-11 11:48:00,2011-08-03 12:56:00,6,1808,3344.64,139.35999999999999,11,4,France,128,205,1.5,557.4399999999999,301.3333333333333
12644,2011-08-02 10:33:00,2011-08-02 10:33:00,1,325,477.91,15.416451612903227,31,1,Germany,130,1,1.0,477.91,325.0
12645,2011-01-27 13:08:00,2011-11-06 12:38:00,4,1084,1775.18,24.31753424657534,58,4,Germany,34,283,1.0,443.795,271.0
12646,2011-10-21 12:52:00,2011-12-05 10:14:00,2,897,1346.97,29.932666666666666,43,2,USA,5,45,1.0,673.485,448.5
12647,2010-12-05 14:02:00,2011-11-17 12:56:00,12,1431,3722.82,30.76710743801653,78,8,Germany,22,347,1.5,310.235,119.25
12648,2011-07-08 11:55:00,2011-07-08 11:55:00,1,160,318.05,15.145238095238096,21,1,Germany,155,1,1.0,318.05,160.0
12649,2011-05-11 14:37:00,2011-08-24 14:41:00,3,586,623.51,20.113225806451613,28,2,Germany,107,106,1.5,207.83666666666667,195.33333333333334
12650,2011-12-06 16:34:00,2011-12-06 16:34:00,1,254,314.44,15.722,20,1,France,3,1,1.0,314.44,254.0
12651,2011-01-09 12:46:00,2011-01-09 12:46:00,1,78,114.0,12.666666666666666,9,1,France,335,1,1.0,114.0,78.0
12652,2011-01-12 15:00:00,2011-01-12 15:00:00,1,505,919.98,19.16625,48,1,France,331,1,1.0,919.98,505.0
12653,2011-02-16 10:53:00,2011-07-14 10:41:00,2,919,2209.85,51.391860465116274,37,2,Israel,149,148,1.0,1104.925,459.5
12654,2011-02-17 13:16:00,2011-11-29 10:10:00,5,264,601.98,15.841578947368422,31,3,Germany,11,285,1.6666666666666667,120.396,52.8
12656,2011-04-20 09:20:00,2011-11-22 13:42:00,5,1723,4051.17,32.152142857142856,89,5,France,17,217,1.0,810.234,344.6
12657,2011-09-22 11:40:00,2011-11-28 15:47:00,4,1044,1643.18,34.961276595744685,35,3,France,11,68,1.3333333333333333,410.795,261.0
12658,2011-11-21 10:22:00,2011-11-21 10:22:00,1,320,686.05,19.056944444444444,36,1,Germany,19,1,1.0,686.05,320.0
12659,2011-11-10 11:53:00,2011-11-10 11:53:00,1,105,91.68,18.336000000000002,5,1,France,30,1,1.0,91.68,105.0
12660,2011-11-28 13:26:00,2011-11-28 13:26:00,1,127,245.1,18.853846153846153,13,1,France,11,1,1.0,245.1,127.0
12662,2010-12-01 13:04:00,2011-12-09 11:59:00,11,2058,3849.78,16.73817391304348,129,10,Germany,1,373,1.1,349.98,187.0909090909091
12664,2011-01-21 11:42:00,2011-12-01 17:07:00,9,1203,4881.88,131.94270270270272,10,7,Finland,8,315,1.2857142857142858,542.4311111111111,133.66666666666666
12665,2011-01-19 08:34:00,2011-01-19 08:34:00,1,37,63.0,21.0,3,1,Germany,325,1,1.0,63.0,37.0
12667,2011-10-12 17:00:00,2011-10-12 17:00:00,1,395,620.13,18.791818181818183,33,1,Finland,58,1,1.0,620.13,395.0
12668,2010-12-19 12:46:00,2011-11-28 10:56:00,4,1634,3807.15,23.64689440993789,115,4,Germany,12,344,1.0,951.7875,408.5
12669,2011-03-28 10:15:00,2011-07-12 09:54:00,3,1115,2744.0299999999997,27.168613861386135,98,3,France,151,106,1.0,914.6766666666666,371.6666666666667
12670,2011-04-21 10:16:00,2011-11-29 15:23:00,5,1397,2996.05,32.56576086956522,58,4,France,10,223,1.25,599.21,279.4
12672,2011-01-14 09:20:00,2011-01-14 09:20:00,1,78,225.89999999999998,22.589999999999996,10,1,France,330,1,1.0,225.89999999999998,78.0
12673,2011-01-17 11:46:00,2011-12-04 13:55:00,2,351,610.52,14.536190476190475,42,2,Germany,5,322,1.0,305.26,175.5
12674,2011-05-16 09:10:00,2011-11-01 12:12:00,4,1133,1970.6,23.742168674698792,52,4,France,39,170,1.0,492.65,283.25
12676,2011-02-01 15:41:00,2011-11-15 12:25:00,6,670,1331.39,29.586444444444446,33,6,Sweden,25,287,1.0,221.89833333333334,111.66666666666667
12678,2010-12-21 11:00:00,2011-10-28 13:04:00,12,10923,17628.46,106.83915151515151,105,9,France,42,312,1.3333333333333333,1469.0383333333332,910.25
12679,2011-03-01 12:26:00,2011-10-12 12:30:00,4,554,1113.02,23.187916666666666,43,4,France,59,226,1.0,278.255,138.5
12680,2011-08-18 15:44:00,2011-12-09 12:50:00,4,443,862.81,16.592499999999998,33,3,France,1,113,1.3333333333333333,215.7025,110.75
12681,2010-12-07 10:08:00,2011-11-25 11:33:00,22,7536,13787.54,21.610564263322885,267,10,France,15,354,2.2,626.7063636363637,342.54545454545456
12682,2010-12-03 13:59:00,2011-12-06 10:00:00,31,5575,12288.22,23.406133333333333,209,13,France,4,368,2.3846153846153846,396.3941935483871,179.83870967741936
12683,2010-12-09 10:37:00,2011-12-05 16:31:00,15,4987,8476.57,24.641191860465117,177,9,France,4,362,1.6666666666666667,565.1046666666666,332.46666666666664
12684,2011-05-10 12:55:00,2011-12-02 09:53:00,7,1985,2283.63,21.748857142857144,61,5,France,8,206,1.4,326.23285714285714,283.57142857142856
12685,2011-09-07 10:28:00,2011-11-11 13:46:00,6,1523,2863.08,18.236178343949042,117,3,France,28,66,2.0,477.18,253.83333333333334
12686,2010-12-03 09:51:00,2010-12-03 09:51:00,1,107,89.14,12.734285714285715,7,1,France,372,1,1.0,89.14,107.0
12688,2011-08-18 08:49:00,2011-08-18 08:49:00,1,3028,4873.8099999999995,28.501812865497072,171,1,Israel,114,1,1.0,4873.8099999999995,3028.0
12689,2011-08-04 10:04:00,2011-11-14 08:31:00,2,628,1247.61,17.327916666666667,57,2,France,26,102,1.0,623.805,314.0
12690,2011-05-18 09:09:00,2011-05-18 09:09:00,1,106,389.01,24.313125,16,1,France,206,1,1.0,389.01,106.0
12691,2010-12-17 14:46:00,2011-11-11 16:49:00,6,394,1035.8,32.36875,21,5,France,28,330,1.2,172.63333333333333,65.66666666666667
12693,2011-01-24 12:58:00,2011-08-04 17:51:00,4,255,855.91,21.946410256410257,35,4,Germany,127,193,1.0,213.9775,63.75
12694,2011-06-09 17:48:00,2011-09-30 13:06:00,2,509,869.67,23.504594594594593,32,2,France,70,113,1.0,434.835,254.5
12695,2011-05-13 13:15:00,2011-12-02 13:22:00,4,220,582.1,21.55925925925926,23,4,France,7,204,1.0,145.525,55.0
12697,2011-06-23 15:44:00,2011-11-11 08:47:00,3,508,957.59,23.355853658536585,37,3,Sweden,29,141,1.0,319.19666666666666,169.33333333333334
12700,2011-05-08 16:10:00,2011-12-02 10:47:00,4,2967,4939.99,18.432798507462685,193,4,France,8,208,1.0,1234.9975,741.75
12701,2011-04-11 13:02:00,2011-09-21 10:47:00,2,678,797.71,15.051132075471699,50,2,Germany,80,163,1.0,398.855,339.0
12702,2011-11-20 10:36:00,2011-11-20 10:36:00,1,53,219.0,18.25,12,1,Germany,20,1,1.0,219.0,53.0
12703,2011-09-29 17:52:00,2011-09-29 17:52:00,1,164,283.55,13.502380952380953,21,1,Germany,71,1,1.0,283.55,164.0
12704,2011-06-23 10:20:00,2011-12-02 13:15:00,8,1006,2340.84,26.600454545454546,64,5,Finland,7,163,1.6,292.605,125.75
12705,2010-12-17 15:58:00,2011-11-24 13:17:00,9,3997,6868.29,20.56374251497006,228,7,Germany,15,342,1.2857142857142858,763.1433333333333,444.1111111111111
12707,2011-02-21 08:38:00,2011-02-21 08:38:00,1,256,603.42,18.285454545454545,33,1,France,292,1,1.0,603.42,256.0
12708,2010-12-06 10:43:00,2011-11-10 09:52:00,10,1307,2712.91,17.27968152866242,86,9,Germany,30,339,1.1111111111111112,271.291,130.7
12709,2010-12-08 09:49:00,2011-11-24 15:38:00,15,3936,9736.52,46.81019230769231,93,10,Germany,15,352,1.5,649.1013333333334,262.4
12710,2011-05-22 14:05:00,2011-09-04 12:00:00,3,851,1149.02,14.922337662337663,75,3,Germany,97,105,1.0,383.00666666666666,283.6666666666667
12712,2010-12-03 14:30:00,2011-11-11 08:19:00,13,1062,4396.13,33.053609022556394,58,10,Germany,29,343,1.3,338.1638461538462,81.6923076923077
12713,2011-12-09 12:16:00,2011-12-09 12:16:00,1,508,848.55,22.330263157894734,38,1,Germany,1,1,1.0,848.55,508.0
12714,2011-02-18 10:53:00,2011-11-30 15:43:00,5,3069,4708.86,18.18092664092664,216,5,France,9,286,1.0,941.7719999999999,613.8
12715,2011-08-25 15:22:00,2011-08-25 15:22:00,1,197,353.86,16.85047619047619,20,1,Sweden,106,1,1.0,353.86,197.0
12716,2011-07-29 13:28:00,2011-12-06 08:55:00,2,708,1053.49,15.267971014492753,60,2,France,4,130,1.0,526.745,354.0
12717,2011-04-08 10:32:00,2011-07-11 14:47:00,2,506,1030.98,18.74509090909091,49,2,Greece,151,95,1.0,515.49,253.0
12718,2011-09-29 16:38:00,2011-09-29 16:38:00,1,203,238.25,12.539473684210526,19,1,France,71,1,1.0,238.25,203.0
12719,2011-10-05 14:50:00,2011-12-04 13:45:00,2,374,644.95,16.53717948717949,34,2,France,5,60,1.0,322.475,187.0
12720,2010-12-05 15:21:00,2011-12-07 08:03:00,25,4672,5781.73,16.332570621468925,211,13,Germany,3,367,1.9230769230769231,231.26919999999998,186.88
12721,2010-12-20 11:38:00,2011-11-08 12:13:00,6,1959,2656.13,16.497701863354038,133,6,France,32,324,1.0,442.68833333333333,326.5
12722,2011-07-12 11:55:00,2011-09-15 14:50:00,4,566,997.63,18.82320754716981,50,3,France,85,66,1.3333333333333333,249.4075,141.5
12723,2011-10-05 15:52:00,2011-12-06 10:19:00,5,434,725.07,10.508260869565218,53,3,France,4,62,1.6666666666666667,145.014,86.8
12724,2011-01-11 15:00:00,2011-12-04 16:02:00,4,445,1031.41,19.460566037735852,47,4,France,5,328,1.0,257.8525,111.25
12725,2010-12-03 15:45:00,2010-12-03 15:45:00,1,164,427.8,17.825,24,1,Italy,371,1,1.0,427.8,164.0
12726,2010-12-17 12:56:00,2011-11-11 13:35:00,7,3143,2609.1,21.041129032258063,57,7,France,28,330,1.0,372.7285714285714,449.0
12727,2011-01-23 15:17:00,2011-11-29 11:46:00,7,2098,3980.7,28.638129496402875,109,6,France,11,310,1.1666666666666667,568.6714285714286,299.7142857142857
12728,2011-01-11 13:31:00,2011-09-29 15:31:00,4,419,836.33,18.18108695652174,38,4,France,71,262,1.0,209.0825,104.75
12729,2011-08-18 11:40:00,2011-08-18 11:40:00,1,233,453.01,17.423461538461538,26,1,France,114,1,1.0,453.01,233.0
12731,2010-12-10 10:56:00,2011-11-16 11:59:00,12,8437,18895.91,68.96317518248175,109,10,France,24,342,1.2,1574.6591666666666,703.0833333333334
12732,2011-06-13 11:33:00,2011-06-13 11:33:00,1,111,236.26000000000002,19.688333333333336,12,1,France,180,1,1.0,236.26000000000002,111.0
12733,2011-04-19 16:19:00,2011-04-19 16:19:00,1,137,383.95,17.452272727272728,22,1,USA,234,1,1.0,383.95,137.0
12734,2010-12-22 12:47:00,2010-12-22 12:47:00,1,88,110.39999999999999,27.599999999999998,4,1,France,353,1,1.0,110.39999999999999,88.0
12735,2011-01-06 14:26:00,2011-01-28 13:37:00,2,368,779.5699999999999,18.12953488372093,38,1,France,315,22,2.0,389.78499999999997,184.0
12736,2011-01-11 07:57:00,2011-01-11 07:57:00,1,173,234.0,58.5,4,1,France,333,1,1.0,234.0,173.0
12738,2010-12-02 18:27:00,2010-12-02 18:27:00,1,148,155.35,14.122727272727273,11,1,Germany,372,1,1.0,155.35,148.0
12739,2011-09-01 17:45:00,2011-09-22 13:00:00,2,486,1013.04,26.658947368421053,38,1,United Arab Emirates,78,21,2.0,506.52,243.0
12740,2011-10-07 10:44:00,2011-10-07 10:44:00,1,342,427.6,15.837037037037037,27,1,France,64,1,1.0,427.6,342.0
12743,2011-07-28 16:06:00,2011-07-28 16:21:00,2,319,546.43,4.077835820895522,114,1,Unspecified,134,1,2.0,273.215,159.5
12744,2011-01-25 13:26:00,2011-10-19 11:18:00,7,5241,21279.29,95.85265765765766,178,4,Singapore,52,267,1.75,3039.8985714285714,748.7142857142857
12747,2010-12-05 15:38:00,2011-12-07 14:34:00,11,1275,4196.01,40.737961165048546,42,9,United Kingdom,2,367,1.2222222222222223,381.4554545454546,115.9090909090909
12748,2010-12-01 12:48:00,2011-12-09 12:20:00,209,25747,33719.73,7.338352557127313,1768,13,United Kingdom,1,373,16.076923076923077,161.3384210526316,123.19138755980862
12749,2011-05-10 15:25:00,2011-12-06 09:56:00,5,1471,4090.88,20.55718592964824,160,4,United Kingdom,4,210,1.25,818.176,294.2
12750,2011-08-03 09:13:00,2011-08-03 09:13:00,1,137,275.88,18.392,15,1,Poland,129,1,1.0,275.88,137.0
12752,2011-09-19 13:32:00,2011-09-19 13:32:00,1,2262,4366.78,82.3920754716981,53,1,Norway,81,1,1.0,4366.78,2262.0
12753,2010-12-12 11:44:00,2011-11-17 10:52:00,6,11421,21429.39,108.77862944162436,132,6,Japan,23,340,1.0,3571.565,1903.5
12754,2011-02-04 10:31:00,2011-04-18 09:00:00,3,6481,3010.74,47.78952380952381,49,3,Japan,236,73,1.0,1003.5799999999999,2160.3333333333335
12755,2010-12-09 10:44:00,2011-03-04 12:42:00,2,1491,3811.95,952.9875,4,2,Japan,281,86,1.0,1905.975,745.5
12756,2011-09-14 09:31:00,2011-09-14 09:31:00,1,144,112.07999999999998,28.019999999999996,4,1,Japan,87,1,1.0,112.07999999999998,144.0
12757,2011-05-12 19:01:00,2011-11-24 12:30:00,13,2402,7857.1,21.178167115902966,237,5,Portugal,16,196,2.6,604.3923076923077,184.76923076923077
12758,2011-03-08 12:05:00,2011-08-15 10:22:00,2,2135,2791.59,28.779278350515465,84,2,Portugal,117,160,1.0,1395.795,1067.5
12759,2011-03-09 08:09:00,2011-10-18 14:49:00,3,902,1531.44,16.12042105263158,81,3,Netherlands,52,224,1.0,510.48,300.6666666666667
12762,2011-11-14 14:23:00,2011-12-02 10:23:00,2,1227,1898.52,27.51478260869565,62,2,Portugal,8,18,1.0,949.26,613.5
12763,2010-12-05 15:46:00,2011-07-24 14:12:00,2,316,494.08,27.448888888888888,16,2,Japan,138,231,1.0,247.04,158.0
12764,2011-01-27 10:19:00,2011-01-27 10:19:00,1,386,1693.88,37.64177777777778,45,1,Lebanon,317,1,1.0,1693.88,386.0
12766,2010-12-08 13:53:00,2011-12-06 08:46:00,7,3646,6989.63,22.547193548387096,205,7,Portugal,4,363,1.0,998.5185714285715,520.8571428571429
12769,2011-04-15 10:25:00,2011-04-15 10:25:00,1,356,1143.6,35.7375,32,1,Brazil,239,1,1.0,1143.6,356.0
12770,2011-05-13 09:33:00,2011-05-13 09:33:00,1,743,1351.45,112.62083333333334,12,1,Japan,211,1,1.0,1351.45,743.0
12772,2011-10-11 09:19:00,2011-10-11 09:19:00,1,556,892.47,16.226727272727274,55,1,Portugal,60,1,1.0,892.47,556.0
12775,2011-02-01 13:45:00,2011-11-22 16:33:00,5,877,1386.04,21.00060606060606,47,5,Netherlands,17,295,1.0,277.20799999999997,175.4
12778,2011-01-31 14:35:00,2011-11-20 11:30:00,6,825,822.23,16.4446,40,5,Netherlands,20,293,1.2,137.03833333333333,137.5
12779,2010-12-03 13:40:00,2011-11-02 11:43:00,8,2024,3981.36,26.72053691275168,88,8,Poland,38,334,1.0,497.67,253.0
12781,2011-02-28 08:43:00,2011-10-07 10:37:00,2,671,826.74,33.0696,25,2,Czech Republic,64,222,1.0,413.37,335.5
12782,2010-12-17 11:30:00,2011-12-05 09:16:00,5,1086,2330.92,22.630291262135923,81,5,Portugal,5,353,1.0,466.184,217.2
12783,2011-09-25 15:35:00,2011-12-07 15:56:00,6,624,2225.91,26.49892857142857,76,4,Portugal,2,74,1.5,370.98499999999996,104.0
12784,2011-11-24 12:53:00,2011-11-30 15:38:00,2,300,574.42,9.73593220338983,54,1,Portugal,9,7,2.0,287.21,150.0
12785,2010-12-10 13:48:00,2010-12-10 13:48:00,1,131,311.95,22.282142857142855,14,1,Portugal,364,1,1.0,311.95,131.0
12787,2011-05-31 09:36:00,2011-11-30 08:44:00,3,261,463.66,23.183,17,3,Netherlands,10,183,1.0,154.55333333333334,87.0
12789,2011-10-05 13:34:00,2011-10-05 13:34:00,1,4,91.85,22.9625,4,1,Netherlands,65,1,1.0,91.85,4.0
12790,2011-05-31 14:14:00,2011-05-31 14:14:00,1,166,324.92,15.472380952380954,21,1,Netherlands,192,1,1.0,324.92,166.0
12791,2010-12-01 11:27:00,2010-12-01 11:27:00,1,97,192.60000000000002,96.30000000000001,2,1,Netherlands,374,1,1.0,192.60000000000002,97.0
12792,2011-03-28 11:36:00,2011-03-28 11:36:00,1,217,400.53999999999996,16.0216,25,1,Portugal,257,1,1.0,400.53999999999996,217.0
12793,2010-12-03 15:14:00,2011-01-09 12:12:00,2,295,545.48,22.728333333333335,21,2,Portugal,335,37,1.0,272.74,147.5
12794,2011-09-02 12:01:00,2011-10-17 14:54:00,2,592,860.41,19.12022222222222,43,2,Portugal,53,46,1.0,430.205,296.0
12795,2011-11-21 10:27:00,2011-11-21 10:27:00,1,68,430.48,30.74857142857143,14,1,Portugal,19,1,1.0,430.48,68.0
12797,2010-12-09 10:55:00,2010-12-09 10:55:00,1,118,254.03,19.540769230769232,13,1,Portugal,366,1,1.0,254.03,118.0
12798,2011-06-22 10:11:00,2011-11-29 15:52:00,3,5256,6977.04,872.13,6,3,Japan,10,161,1.0,2325.68,1752.0
12802,2011-06-06 09:36:00,2011-06-06 09:36:00,1,314,427.58,17.1032,25,1,Netherlands,187,1,1.0,427.58,314.0
12808,2010-12-06 10:27:00,2011-11-03 10:05:00,3,188,483.65000000000003,17.273214285714285,27,3,Portugal,37,332,1.0,161.21666666666667,62.666666666666664
12809,2011-06-15 10:51:00,2011-06-15 10:51:00,1,220,489.31,19.572400000000002,25,1,Portugal,178,1,1.0,489.31,220.0
12811,2011-02-28 15:39:00,2011-03-24 09:42:00,3,230,514.85,16.608064516129033,27,2,Portugal,261,24,1.5,171.61666666666667,76.66666666666667
12812,2011-10-26 09:54:00,2011-10-26 09:54:00,1,164,229.64000000000001,15.309333333333335,15,1,Japan,45,1,1.0,229.64000000000001,164.0
12814,2011-08-30 12:11:00,2011-08-30 12:11:00,1,49,125.92,62.96,2,1,Poland,102,1,1.0,125.92,49.0
12815,2011-05-25 13:34:00,2011-07-15 10:21:00,2,379,1063.46,22.6268085106383,38,2,Poland,148,51,1.0,531.73,189.5
12816,2011-06-16 13:24:00,2011-09-05 12:41:00,2,128,572.2,19.731034482758623,27,2,Poland,96,81,1.0,286.1,64.0
12817,2011-03-03 16:28:00,2011-03-03 16:28:00,1,53,166.04,41.51,4,1,Austria,281,1,1.0,166.04,53.0
12818,2011-03-23 12:06:00,2011-03-23 12:06:00,1,929,1542.08,110.14857142857143,14,1,Austria,262,1,1.0,1542.08,929.0
12820,2011-01-17 12:34:00,2011-12-06 15:12:00,4,722,942.34,15.97186440677966,55,4,United Kingdom,3,324,1.0,235.585,180.5
12821,2011-05-09 15:51:00,2011-05-09 15:51:00,1,70,92.72,15.453333333333333,6,1,United Kingdom,214,1,1.0,92.72,70.0
12822,2011-09-13 13:46:00,2011-09-30 10:04:00,2,550,948.88,20.62782608695652,41,1,United Kingdom,71,17,2.0,474.44,275.0
12823,2011-02-16 12:15:00,2011-09-26 07:35:00,5,230,1759.5,351.9,1,4,United Kingdom,75,222,1.25,351.9,46.0
12824,2011-10-11 12:49:00,2011-10-11 12:49:00,1,232,397.12,15.8848,25,1,United Kingdom,60,1,1.0,397.12,232.0
12826,2010-12-09 15:21:00,2011-12-07 10:25:00,7,1058,1474.72,16.205714285714286,58,6,United Kingdom,3,363,1.1666666666666667,210.67428571428573,151.14285714285714
12827,2011-10-26 15:44:00,2011-12-04 12:17:00,3,197,430.15000000000003,17.206000000000003,19,3,United Kingdom,6,39,1.0,143.38333333333335,65.66666666666667
12828,2011-08-01 16:16:00,2011-12-07 08:45:00,6,494,1018.71,18.19125,46,4,United Kingdom,3,128,1.5,169.785,82.33333333333333
12829,2010-12-14 14:54:00,2011-01-07 11:13:00,2,376,293.0,26.636363636363637,9,2,United Kingdom,337,24,1.0,146.5,188.0
12830,2011-06-21 10:53:00,2011-11-02 11:54:00,6,9848,6814.64,179.33263157894737,13,4,United Kingdom,38,135,1.5,1135.7733333333333,1641.3333333333333
12831,2011-03-22 13:02:00,2011-03-22 13:02:00,1,135,215.05,23.894444444444446,9,1,United Kingdom,262,1,1.0,215.05,135.0
12832,2011-09-02 13:48:00,2011-11-07 13:30:00,2,195,383.03,14.186296296296295,27,2,United Kingdom,32,66,1.0,191.515,97.5
12833,2011-07-17 13:46:00,2011-07-17 13:46:00,1,156,417.38,17.390833333333333,24,1,United Kingdom,145,1,1.0,417.38,156.0
12834,2011-03-02 09:49:00,2011-03-02 09:49:00,1,110,312.38,17.354444444444443,18,1,United Kingdom,283,1,1.0,312.38,110.0
12836,2011-02-01 11:19:00,2011-10-11 15:10:00,4,1064,2612.86,14.930628571428572,148,4,United Kingdom,59,253,1.0,653.215,266.0
12837,2011-06-19 16:07:00,2011-06-19 16:07:00,1,24,134.1,11.174999999999999,12,1,United Kingdom,173,1,1.0,134.1,24.0
12838,2010-12-01 11:57:00,2011-11-06 12:20:00,2,359,683.13,5.55390243902439,115,2,United Kingdom,34,341,1.0,341.565,179.5
12839,2010-12-07 15:48:00,2011-12-07 12:33:00,14,3807,5591.42,17.80707006369427,95,10,United Kingdom,3,365,1.4,399.38714285714286,271.92857142857144
12840,2011-04-27 12:21:00,2011-07-19 09:29:00,4,1511,2726.77,24.13070796460177,67,4,United Kingdom,144,83,1.0,681.6925,377.75
12841,2010-12-03 10:43:00,2011-12-05 11:13:00,25,2757,4022.35,9.577023809523808,229,13,United Kingdom,5,368,1.9230769230769231,160.894,110.28
12842,2011-02-04 12:36:00,2011-09-30 15:33:00,2,547,1118.99,32.9114705882353,34,2,United Kingdom,70,239,1.0,559.495,273.5
12843,2011-03-20 14:38:00,2011-10-05 12:09:00,8,781,1702.26,16.526796116504855,69,5,United Kingdom,66,199,1.6,212.7825,97.625
12844,2011-08-01 13:11:00,2011-11-10 13:31:00,2,125,325.96000000000004,6.268461538461539,47,2,United Kingdom,29,102,1.0,162.98000000000002,62.5
12845,2011-02-22 14:10:00,2011-03-17 13:34:00,4,204,354.09,13.114444444444443,26,2,United Kingdom,267,23,2.0,88.5225,51.0
12847,2011-11-17 13:16:00,2011-11-17 13:16:00,1,909,871.54,9.577362637362636,72,1,United Kingdom,22,1,1.0,871.54,909.0
12849,2011-03-16 12:26:00,2011-11-08 13:41:00,2,623,1050.8899999999999,20.6056862745098,47,2,United Kingdom,31,238,1.0,525.4449999999999,311.5
12851,2011-09-04 12:41:00,2011-09-04 12:41:00,1,109,135.18,2.7036000000000002,43,1,United Kingdom,97,1,1.0,135.18,109.0
12852,2011-02-18 08:47:00,2011-02-18 08:47:00,1,149,311.55,18.326470588235296,17,1,United Kingdom,295,1,1.0,311.55,149.0
12853,2011-01-28 10:28:00,2011-07-28 11:29:00,6,800,1957.1000000000001,25.09102564102564,66,3,United Kingdom,135,182,2.0,326.18333333333334,133.33333333333334
12854,2011-01-25 13:35:00,2011-09-22 12:15:00,3,627,1324.5,12.040909090909091,95,3,United Kingdom,79,240,1.0,441.5,209.0
12855,2010-12-02 09:37:00,2010-12-02 09:37:00,1,30,38.1,12.700000000000001,3,1,United Kingdom,373,1,1.0,38.1,30.0
12856,2011-10-07 12:38:00,2011-12-02 10:52:00,6,1079,2179.93,6.942452229299363,155,3,United Kingdom,8,56,2.0,363.32166666666666,179.83333333333334
12857,2011-02-10 12:32:00,2011-05-13 10:20:00,2,343,1106.4,24.05217391304348,37,2,United Kingdom,211,92,1.0,553.2,171.5
12863,2011-10-18 14:15:00,2011-10-18 14:15:00,1,188,521.2,104.24000000000001,5,1,United Kingdom,52,1,1.0,521.2,188.0
12864,2011-07-24 13:03:00,2011-07-24 13:03:00,1,216,147.12,49.04,3,1,United Kingdom,138,1,1.0,147.12,216.0
12865,2011-08-08 10:11:00,2011-11-13 14:31:00,2,925,1568.23,16.507684210526318,86,2,Austria,26,98,1.0,784.115,462.5
12866,2011-03-01 14:11:00,2011-03-01 14:11:00,1,171,559.12,21.504615384615384,26,1,Belgium,283,1,1.0,559.12,171.0
12867,2010-12-14 16:39:00,2011-11-13 15:30:00,7,4298,4036.82,7.503382899628253,240,7,United Kingdom,26,334,1.0,576.6885714285714,614.0
12868,2010-12-01 12:50:00,2011-06-07 10:42:00,6,928,1607.0600000000002,15.0192523364486,72,5,United Kingdom,186,188,1.2,267.84333333333336,154.66666666666666
12871,2011-05-16 13:32:00,2011-09-16 15:07:00,2,200,380.64,34.60363636363636,8,2,United Kingdom,84,124,1.0,190.32,100.0
12872,2010-12-09 14:44:00,2011-01-17 10:52:00,2,319,599.97,9.090454545454547,58,2,United Kingdom,327,39,1.0,299.985,159.5
12873,2011-03-02 14:58:00,2011-03-02 14:58:00,1,128,374.0,93.5,4,1,United Kingdom,282,1,1.0,374.0,128.0
12875,2010-12-12 12:03:00,2011-07-19 15:30:00,2,2019,343.2300000000001,171.61500000000004,1,2,United Kingdom,143,220,1.0,171.61500000000004,1009.5
12876,2011-05-27 13:34:00,2011-10-13 12:26:00,2,1941,2218.02,26.09435294117647,67,2,Belgium,58,139,1.0,1109.01,970.5
12877,2010-12-16 12:23:00,2011-12-06 10:30:00,12,1178,1535.77,9.972532467532467,100,11,United Kingdom,4,355,1.0909090909090908,127.98083333333334,98.16666666666667
12878,2011-03-18 14:02:00,2011-04-17 13:07:00,2,547,854.99,18.191276595744682,38,2,United Kingdom,236,30,1.0,427.495,273.5
12879,2011-09-09 12:11:00,2011-10-26 12:24:00,3,370,573.22,57.322,7,2,United Kingdom,45,48,1.5,191.07333333333335,123.33333333333333
12881,2011-03-09 11:44:00,2011-03-09 11:44:00,1,21,298.0,42.57142857142857,7,1,United Kingdom,276,1,1.0,298.0,21.0
12882,2011-11-06 11:22:00,2011-11-30 16:18:00,2,246,1463.04,112.54153846153847,12,1,United Kingdom,9,25,2.0,731.52,123.0
12883,2011-09-11 15:18:00,2011-11-15 09:32:00,4,196,703.47,16.749285714285715,39,2,United Kingdom,25,65,2.0,175.8675,49.0
12884,2011-09-12 13:10:00,2011-09-12 13:10:00,1,43,309.05,44.15,7,1,United Kingdom,88,1,1.0,309.05,43.0
12885,2011-08-08 11:45:00,2011-10-07 13:40:00,3,655,1175.22,16.552394366197184,66,2,United Kingdom,63,61,1.5,391.74,218.33333333333334
12886,2011-05-04 11:21:00,2011-10-03 10:09:00,2,770,1378.4,16.809756097560978,75,2,United Kingdom,68,152,1.0,689.2,385.0
12888,2011-03-29 14:31:00,2011-05-09 16:02:00,2,76,354.12,70.824,4,2,United Kingdom,214,42,1.0,177.06,38.0
12890,2011-11-15 17:26:00,2011-11-15 17:26:00,1,259,380.46999999999997,4.639878048780488,78,1,United Kingdom,24,1,1.0,380.46999999999997,259.0
12891,2011-02-20 11:28:00,2011-06-07 12:31:00,3,950,331.0,110.33333333333333,2,3,United Kingdom,186,108,1.0,110.33333333333333,316.6666666666667
12893,2011-11-09 12:34:00,2011-11-09 12:34:00,1,96,188.14,5.533529411764706,27,1,United Kingdom,31,1,1.0,188.14,96.0
12895,2011-09-14 08:35:00,2011-10-28 13:51:00,2,210,372.8,16.945454545454545,22,2,United Kingdom,42,45,1.0,186.4,105.0
12897,2011-02-11 11:40:00,2011-05-19 12:13:00,2,110,216.5,54.125,3,2,United Kingdom,205,98,1.0,108.25,55.0
12901,2011-03-14 10:41:00,2011-12-01 10:07:00,28,23075,17654.54,152.19431034482758,30,10,United Kingdom,9,262,2.8,630.5192857142857,824.1071428571429
12902,2011-03-20 12:06:00,2011-03-20 12:06:00,1,66,138.68,13.868,10,1,United Kingdom,265,1,1.0,138.68,66.0
12904,2011-06-20 13:18:00,2011-11-21 14:34:00,2,302,509.58,7.0775,59,2,United Kingdom,18,155,1.0,254.79,151.0
12906,2011-09-22 15:03:00,2011-11-28 09:55:00,5,1749,2919.81,46.34619047619047,55,2,United Kingdom,12,67,2.5,583.962,349.8
12908,2011-01-31 12:37:00,2011-06-16 15:39:00,2,1200,750.0,375.0,1,2,United Kingdom,176,137,1.0,375.0,600.0
12909,2011-03-31 12:51:00,2011-10-31 12:43:00,5,1280,2178.67,23.941428571428574,78,4,United Kingdom,40,214,1.25,435.73400000000004,256.0
12910,2011-04-12 10:01:00,2011-11-16 14:28:00,8,1692,3075.04,41.00053333333333,48,6,United Kingdom,23,219,1.3333333333333333,384.38,211.5
12912,2011-10-30 11:35:00,2011-12-07 08:55:00,5,670,1662.3,69.2625,17,3,United Kingdom,3,38,1.6666666666666667,332.46,134.0
12913,2010-12-06 16:36:00,2011-12-05 12:11:00,5,1419,2483.63,49.6726,37,5,United Kingdom,5,364,1.0,496.726,283.8
12915,2010-12-02 12:33:00,2011-07-14 11:34:00,2,93,363.65,16.529545454545453,19,2,United Kingdom,149,224,1.0,181.825,46.5
12916,2011-01-23 10:43:00,2011-07-24 10:35:00,4,1119,3006.15,28.094859813084113,53,4,United Kingdom,139,182,1.0,751.5375,279.75
12917,2011-08-03 16:42:00,2011-08-03 16:42:00,1,120,594.0,297.0,2,1,United Kingdom,128,1,1.0,594.0,120.0
12919,2011-06-23 09:22:00,2011-12-01 13:47:00,6,673,1335.19,26.7038,34,5,United Kingdom,8,162,1.2,222.53166666666667,112.16666666666667
12920,2011-11-22 15:05:00,2011-11-22 15:05:00,1,129,164.23,5.8653571428571425,27,1,United Kingdom,17,1,1.0,164.23,129.0
12921,2010-12-01 15:06:00,2011-11-30 16:22:00,37,9526,16587.09,23.037625,233,11,United Kingdom,9,365,3.3636363636363638,448.29972972972973,257.4594594594595
12922,2011-07-01 15:35:00,2011-07-01 15:35:00,1,370,405.38,14.477857142857143,28,1,United Kingdom,161,1,1.0,405.38,370.0
12923,2011-10-06 16:20:00,2011-10-06 16:20:00,1,69,176.97,6.102413793103448,28,1,United Kingdom,64,1,1.0,176.97,69.0
12924,2011-01-16 11:49:00,2011-09-12 13:55:00,4,481,933.7,31.123333333333335,22,4,United Kingdom,88,240,1.0,233.425,120.25
12925,2011-09-26 11:05:00,2011-12-05 11:11:00,2,541,694.05,15.423333333333332,42,2,United Kingdom,5,71,1.0,347.025,270.5
12928,2010-12-15 15:45:00,2011-11-04 14:24:00,5,1472,2062.7000000000003,24.555952380952384,59,5,United Kingdom,35,324,1.0,412.5400000000001,294.4
12929,2011-02-01 12:08:00,2011-02-01 12:08:00,1,37,117.85,14.73125,8,1,United Kingdom,312,1,1.0,117.85,37.0
12930,2011-06-21 13:25:00,2011-09-22 15:18:00,2,252,415.8,16.632,20,2,United Kingdom,78,94,1.0,207.9,126.0
12931,2010-12-17 09:45:00,2011-11-18 12:39:00,15,28004,42055.96,512.8775609756098,28,8,United Kingdom,22,337,1.875,2803.730666666667,1866.9333333333334
12933,2011-03-01 11:30:00,2011-11-15 16:38:00,3,499,607.53,5.7314150943396225,102,3,United Kingdom,24,260,1.0,202.51,166.33333333333334
12935,2011-01-24 13:58:00,2011-12-07 17:25:00,7,1853,2160.7,16.749612403100773,80,6,United Kingdom,2,318,1.1666666666666667,308.6714285714285,264.7142857142857
12936,2011-09-22 13:51:00,2011-11-22 17:32:00,4,559,1063.9,17.15967741935484,56,2,United Kingdom,17,62,2.0,265.975,139.75
12937,2011-03-17 14:19:00,2011-11-24 15:05:00,4,1007,1504.27,12.535583333333333,81,4,United Kingdom,15,253,1.0,376.0675,251.75
12938,2011-11-14 11:21:00,2011-11-14 11:21:00,1,140,114.14,12.682222222222222,9,1,United Kingdom,26,1,1.0,114.14,140.0
12939,2011-01-09 11:20:00,2011-10-06 14:33:00,8,4876,11581.8,246.42127659574467,21,6,United Kingdom,64,271,1.3333333333333333,1447.725,609.5
12940,2011-09-13 10:16:00,2011-10-16 12:09:00,2,411,913.54,9.227676767676767,87,2,United Kingdom,55,34,1.0,456.77,205.5
12942,2010-12-09 09:34:00,2011-07-31 14:39:00,3,203,683.9,9.118666666666666,68,3,United Kingdom,131,235,1.0,227.96666666666667,67.66666666666667
12944,2010-12-20 10:41:00,2011-11-04 11:04:00,2,289,604.51,20.150333333333332,29,2,United Kingdom,36,320,1.0,302.255,144.5
12945,2011-02-24 14:15:00,2011-02-24 14:15:00,1,165,462.95,20.128260869565217,23,1,United Kingdom,288,1,1.0,462.95,165.0
12947,2010-12-01 16:21:00,2011-07-19 10:06:00,6,1165,1603.99,16.535979381443298,83,5,United Kingdom,144,230,1.2,267.33166666666665,194.16666666666666
12948,2011-03-20 10:17:00,2011-11-23 17:10:00,7,1080,2064.95,17.801293103448273,82,5,United Kingdom,16,249,1.4,294.99285714285713,154.28571428571428
12949,2011-04-01 13:20:00,2011-11-09 11:25:00,8,2381,4167.22,19.382418604651164,166,4,United Kingdom,31,222,2.0,520.9025,297.625
12950,2011-11-15 13:48:00,2011-12-07 13:17:00,3,1380,1843.0,80.1304347826087,13,2,United Kingdom,2,22,1.5,614.3333333333334,460.0
12951,2011-01-13 10:33:00,2011-12-01 12:14:00,6,503,1064.07,16.89,53,5,United Kingdom,9,323,1.2,177.345,83.83333333333333
12952,2011-09-22 16:37:00,2011-12-04 10:35:00,4,653,1387.79,17.566962025316457,64,3,United Kingdom,6,73,1.3333333333333333,346.9475,163.25
12953,2011-11-30 09:24:00,2011-11-30 09:24:00,1,84,329.85,19.40294117647059,17,1,United Kingdom,10,1,1.0,329.85,84.0
12955,2011-03-17 09:03:00,2011-12-08 16:29:00,11,3664,4757.16,26.428666666666665,81,8,United Kingdom,1,267,1.375,432.4690909090909,333.09090909090907
12956,2011-02-06 16:08:00,2011-02-06 16:08:00,1,34,108.07,5.687894736842105,19,1,United Kingdom,306,1,1.0,108.07,34.0
12957,2011-01-04 12:18:00,2011-11-30 09:53:00,8,2549,4017.54,16.880420168067225,208,6,United Kingdom,10,330,1.3333333333333333,502.1925,318.625
12962,2011-08-18 13:38:00,2011-12-02 15:55:00,2,129,266.39,16.649375,15,2,United Kingdom,7,107,1.0,133.195,64.5
12963,2010-12-09 09:14:00,2011-12-01 12:55:00,8,881,1856.63,19.54347368421053,75,5,United Kingdom,8,358,1.6,232.07875,110.125
12965,2011-09-11 15:31:00,2011-09-11 15:31:00,1,283,771.91,7.081743119266055,108,1,United Kingdom,89,1,1.0,771.91,283.0
12966,2011-11-30 12:38:00,2011-11-30 12:38:00,1,75,160.18,16.018,10,1,United Kingdom,10,1,1.0,160.18,75.0
12967,2010-12-03 09:49:00,2010-12-16 19:10:00,2,438,1660.9,87.41578947368421,19,1,United Kingdom,358,14,2.0,830.45,219.0
12968,2011-08-19 15:44:00,2011-08-19 15:44:00,1,73,135.95,27.189999999999998,5,1,United Kingdom,112,1,1.0,135.95,73.0
12970,2011-01-21 14:04:00,2011-12-02 14:30:00,4,310,452.24,2.9949668874172186,116,2,United Kingdom,7,316,2.0,113.06,77.5
12971,2010-12-02 16:42:00,2011-12-06 12:20:00,86,9289,11189.91,36.68822950819672,94,13,United Kingdom,4,369,6.615384615384615,130.11523255813952,108.01162790697674
12974,2011-05-26 09:33:00,2011-05-26 09:33:00,1,24,144.8,18.1,8,1,United Kingdom,198,1,1.0,144.8,24.0
12976,2011-05-12 09:55:00,2011-05-12 09:55:00,1,561,738.6,33.57272727272727,22,1,United Kingdom,212,1,1.0,738.6,561.0
12977,2011-07-06 16:40:00,2011-07-06 16:40:00,1,12,39.239999999999995,4.359999999999999,9,1,United Kingdom,156,1,1.0,39.239999999999995,12.0
12980,2010-12-16 11:36:00,2011-07-05 09:34:00,9,886,7374.900000000001,368.745,6,7,United Kingdom,158,201,1.2857142857142858,819.4333333333334,98.44444444444444
12981,2011-07-29 14:14:00,2011-11-10 12:00:00,2,242,372.21999999999997,18.610999999999997,12,2,United Kingdom,30,104,1.0,186.10999999999999,121.0
12982,2011-04-11 11:51:00,2011-04-11 11:51:00,1,288,390.54,13.947857142857144,28,1,United Kingdom,243,1,1.0,390.54,288.0
12984,2011-11-21 12:37:00,2011-11-21 12:37:00,1,26,97.5,24.375,4,1,United Kingdom,19,1,1.0,97.5,26.0
12985,2011-11-11 12:44:00,2011-12-09 10:46:00,2,1533,1239.38,16.30763157894737,73,2,United Kingdom,1,28,1.0,619.69,766.5
12987,2011-05-26 12:00:00,2011-09-27 12:03:00,2,219,558.7,19.95357142857143,27,2,United Kingdom,74,125,1.0,279.35,109.5
12988,2011-02-20 14:31:00,2011-02-20 14:31:00,1,136,535.32,5.818695652173914,75,1,United Kingdom,292,1,1.0,535.32,136.0
12989,2010-12-10 13:24:00,2011-12-06 15:28:00,15,2943,6924.110000000001,108.18921875000001,41,11,United Kingdom,3,362,1.3636363636363635,461.6073333333334,196.2
12990,2011-02-02 15:39:00,2011-11-08 13:01:00,3,200,409.5,31.5,8,3,United Kingdom,31,279,1.0,136.5,66.66666666666667
12991,2011-08-19 14:39:00,2011-11-16 15:34:00,2,405,503.76,16.25032258064516,31,2,United Kingdom,23,90,1.0,251.88,202.5
12993,2011-02-14 14:29:00,2011-11-16 15:49:00,4,240,414.76,15.361481481481482,26,4,United Kingdom,23,276,1.0,103.69,60.0
12994,2011-03-16 08:31:00,2011-12-05 15:43:00,3,459,974.4200000000001,15.97409836065574,52,3,United Kingdom,4,265,1.0,324.8066666666667,153.0
12995,2011-09-15 15:44:00,2011-09-15 15:44:00,1,108,211.32,70.44,3,1,United Kingdom,85,1,1.0,211.32,108.0
12997,2011-01-26 15:49:00,2011-11-17 15:47:00,4,664,1226.89,20.794745762711866,45,4,United Kingdom,22,295,1.0,306.7225,166.0
12999,2011-04-08 10:26:00,2011-05-27 13:24:00,3,342,455.88,16.28142857142857,25,2,United Kingdom,196,50,1.5,151.96,114.0
13000,2010-12-10 10:26:00,2011-08-25 10:43:00,3,379,534.85,17.253225806451614,30,3,United Kingdom,107,259,1.0,178.28333333333333,126.33333333333333
13001,2011-01-17 12:45:00,2011-12-05 14:51:00,13,5505,9818.82,28.964070796460177,166,9,United Kingdom,4,323,1.4444444444444444,755.2938461538462,423.46153846153845
13002,2011-01-25 15:18:00,2011-01-25 15:18:00,1,73,120.94999999999999,17.27857142857143,7,1,United Kingdom,318,1,1.0,120.94999999999999,73.0
13003,2011-05-09 08:23:00,2011-08-26 10:50:00,3,103,149.05,24.84166666666667,4,3,United Kingdom,106,110,1.0,49.68333333333334,34.333333333333336
13004,2010-12-17 08:20:00,2011-11-28 11:27:00,18,4822,5655.91,13.999777227722772,277,11,United Kingdom,12,347,1.6363636363636365,314.21722222222223,267.8888888888889
13005,2011-04-07 13:32:00,2011-06-19 10:53:00,2,172,513.7,19.75769230769231,21,2,United Kingdom,174,73,1.0,256.85,86.0
13006,2011-10-14 13:49:00,2011-10-14 13:49:00,1,55,81.57,20.3925,4,1,United Kingdom,56,1,1.0,81.57,55.0
13008,2011-01-20 14:24:00,2011-01-20 14:24:00,1,175,229.46999999999997,16.390714285714285,14,1,United Kingdom,323,1,1.0,229.46999999999997,175.0
13011,2010-12-02 17:22:00,2010-12-02 17:22:00,1,13,50.550000000000004,16.85,3,1,United Kingdom,372,1,1.0,50.550000000000004,13.0
13012,2011-02-18 09:43:00,2011-11-30 13:05:00,8,824,1661.8400000000001,18.6723595505618,67,5,United Kingdom,9,286,1.6,207.73000000000002,103.0
13013,2010-12-03 12:28:00,2011-12-08 15:01:00,13,2224,4810.9400000000005,21.967762557077627,155,9,United Kingdom,1,371,1.4444444444444444,370.07230769230773,171.07692307692307
13014,2011-03-03 18:28:00,2011-11-29 12:27:00,10,905,3466.2799999999997,31.800733944954125,67,6,United Kingdom,11,271,1.6666666666666667,346.628,90.5
13015,2011-04-04 14:28:00,2011-10-17 13:19:00,5,1617,3346.28,19.012954545454548,156,3,United Kingdom,53,196,1.6666666666666667,669.2560000000001,323.4
13016,2011-08-08 15:00:00,2011-09-27 14:08:00,3,527,789.89,16.806170212765956,39,2,United Kingdom,73,50,1.5,263.2966666666667,175.66666666666666
13017,2011-12-02 15:53:00,2011-12-02 15:53:00,1,48,204.0,204.0,1,1,United Kingdom,7,1,1.0,204.0,48.0
13018,2011-02-17 11:05:00,2011-11-23 13:28:00,28,5435,7277.7,15.890174672489083,313,10,United Kingdom,16,280,2.8,259.91785714285714,194.10714285714286
13021,2010-12-16 10:12:00,2011-12-05 16:37:00,9,1352,2616.38,19.97236641221374,101,7,United Kingdom,4,355,1.2857142857142858,290.7088888888889,150.22222222222223
13023,2011-08-02 09:34:00,2011-10-06 16:27:00,2,286,689.9,17.2475,36,2,United Kingdom,64,66,1.0,344.95,143.0
13026,2011-03-09 11:35:00,2011-12-08 16:58:00,5,1620,975.36,24.384,32,5,United Kingdom,1,275,1.0,195.072,324.0
13027,2010-12-20 12:45:00,2011-08-18 09:39:00,6,17280,6912.0,265.84615384615387,6,5,United Kingdom,114,241,1.2,1152.0,2880.0
13028,2011-10-25 14:09:00,2011-11-17 11:10:00,2,798,661.3199999999999,14.695999999999998,40,2,United Kingdom,23,23,1.0,330.65999999999997,399.0
13029,2010-12-21 13:53:00,2011-11-09 09:13:00,3,134,1247.5,124.75,8,3,United Kingdom,31,323,1.0,415.8333333333333,44.666666666666664
13030,2010-12-06 14:31:00,2011-11-28 14:30:00,2,394,799.48,8.075555555555555,76,2,United Kingdom,11,357,1.0,399.74,197.0
13032,2011-09-13 16:40:00,2011-10-18 15:54:00,2,375,1010.18,14.227887323943662,55,2,United Kingdom,52,35,1.0,505.09,187.5
13033,2010-12-17 14:23:00,2010-12-17 14:23:00,1,83,190.55,17.322727272727274,11,1,United Kingdom,357,1,1.0,190.55,83.0
13034,2010-12-05 14:52:00,2011-10-16 12:21:00,2,369,642.77,17.372162162162162,37,2,United Kingdom,55,315,1.0,321.385,184.5
13035,2011-03-24 09:21:00,2011-09-27 08:57:00,2,644,921.88,34.1437037037037,23,2,United Kingdom,74,187,1.0,460.94,322.0
13037,2011-03-28 15:42:00,2011-07-24 15:46:00,3,431,881.07,18.355625,44,3,United Kingdom,138,119,1.0,293.69,143.66666666666666
13038,2011-02-22 11:43:00,2011-09-20 14:37:00,3,360,908.46,32.445,24,3,United Kingdom,80,211,1.0,302.82,120.0
13040,2011-11-06 13:53:00,2011-12-01 10:38:00,2,355,676.99,15.743953488372092,38,2,United Kingdom,9,25,1.0,338.495,177.5
13043,2011-03-11 14:52:00,2011-03-11 14:52:00,1,254,516.42,39.72461538461538,13,1,United Kingdom,273,1,1.0,516.42,254.0
13044,2011-02-21 15:20:00,2011-02-21 15:20:00,1,429,560.47,16.983939393939394,33,1,United Kingdom,291,1,1.0,560.47,429.0
13045,2011-09-01 15:04:00,2011-09-01 15:04:00,1,221,305.28000000000003,16.96,18,1,United Kingdom,99,1,1.0,305.28000000000003,221.0
13046,2011-03-18 15:43:00,2011-11-09 08:36:00,2,264,629.31,17.980285714285714,33,2,United Kingdom,31,236,1.0,314.655,132.0
13047,2010-12-01 08:34:00,2011-11-08 12:06:00,10,1391,3237.54,18.822906976744186,106,8,United Kingdom,32,343,1.25,323.754,139.1
13048,2011-01-16 14:36:00,2011-11-25 13:23:00,4,1238,1835.91,13.499338235294118,77,4,United Kingdom,14,313,1.0,458.9775,309.5
13049,2011-01-25 16:33:00,2011-10-06 15:31:00,2,268,656.6800000000001,46.90571428571429,14,2,United Kingdom,64,254,1.0,328.34000000000003,134.0
13050,2010-12-08 09:30:00,2011-11-25 09:18:00,17,3748,5836.86,14.483523573200992,246,10,United Kingdom,15,352,1.7,343.3447058823529,220.47058823529412
13052,2011-05-11 14:12:00,2011-05-11 14:12:00,1,222,348.15000000000003,19.34166666666667,18,1,United Kingdom,212,1,1.0,348.15000000000003,222.0
13055,2011-05-10 08:58:00,2011-09-22 14:26:00,3,894,1214.41,15.979078947368421,74,2,United Kingdom,78,136,1.5,404.80333333333334,298.0
13058,2011-07-11 12:01:00,2011-11-15 12:43:00,3,52,271.40000000000003,33.925000000000004,5,3,United Kingdom,25,128,1.0,90.46666666666668,17.333333333333332
13059,2011-04-04 10:40:00,2011-04-04 10:40:00,1,35,183.4,22.925,8,1,United Kingdom,250,1,1.0,183.4,35.0
13060,2011-03-31 11:37:00,2011-03-31 11:37:00,1,123,307.53,20.502,15,1,United Kingdom,254,1,1.0,307.53,123.0
13061,2011-09-28 16:04:00,2011-09-28 16:04:00,1,107,248.61,24.861,10,1,United Kingdom,72,1,1.0,248.61,107.0
13062,2011-06-01 15:12:00,2011-06-01 15:12:00,1,343,346.98,31.543636363636367,11,1,United Kingdom,191,1,1.0,346.98,343.0
13064,2011-01-16 13:41:00,2011-11-27 12:31:00,4,516,1119.49,16.22449275362319,51,4,United Kingdom,13,315,1.0,279.8725,129.0
13065,2010-12-01 16:52:00,2010-12-01 16:52:00,1,74,205.86,14.704285714285716,14,1,United Kingdom,373,1,1.0,205.86,74.0
13066,2011-11-07 17:06:00,2011-11-15 12:57:00,2,322,470.8,9.808333333333334,48,1,United Kingdom,24,8,2.0,235.4,161.0
13067,2011-09-18 13:38:00,2011-09-18 13:38:00,1,32,115.46000000000001,7.697333333333334,14,1,United Kingdom,82,1,1.0,115.46000000000001,32.0
13068,2011-01-24 08:20:00,2011-11-29 15:00:00,2,200,344.0,172.0,1,2,United Kingdom,10,310,1.0,172.0,100.0
13069,2010-12-05 11:02:00,2011-12-09 08:39:00,24,5885,4436.12,10.437929411764706,281,13,United Kingdom,1,369,1.8461538461538463,184.83833333333334,245.20833333333334
13070,2011-05-31 13:45:00,2011-05-31 13:45:00,1,110,228.8,25.422222222222224,9,1,United Kingdom,192,1,1.0,228.8,110.0
13072,2011-03-18 08:12:00,2011-03-18 08:12:00,1,69,177.15,25.307142857142857,7,1,United Kingdom,267,1,1.0,177.15,69.0
13075,2011-08-02 10:19:00,2011-08-02 10:19:00,1,485,919.61,41.80045454545455,22,1,United Kingdom,130,1,1.0,919.61,485.0
13077,2010-12-08 14:59:00,2011-12-08 19:24:00,4,863,729.27,6.5113392857142856,99,3,United Kingdom,1,366,1.3333333333333333,182.3175,215.75
13078,2010-12-08 09:07:00,2011-12-06 15:36:00,26,5630,12627.94,35.27357541899441,95,13,United Kingdom,3,364,2.0,485.69,216.53846153846155
13079,2011-07-22 14:41:00,2011-12-05 16:53:00,5,62,220.10000000000002,36.68333333333334,2,4,United Kingdom,4,137,1.25,44.02,12.4
13080,2011-06-13 14:59:00,2011-06-13 14:59:00,1,120,58.08,9.68,6,1,United Kingdom,179,1,1.0,58.08,120.0
13081,2010-12-03 17:20:00,2011-11-28 10:54:00,11,19068,28337.38,27.67322265625,503,7,United Kingdom,12,360,1.5714285714285714,2576.1254545454544,1733.4545454545455
13082,2011-01-05 15:42:00,2011-08-05 16:16:00,9,4324,3613.63,49.50178082191781,63,6,United Kingdom,126,213,1.5,401.51444444444445,480.44444444444446
13083,2011-09-25 10:46:00,2011-12-05 15:01:00,2,187,303.75,16.875,15,2,United Kingdom,4,72,1.0,151.875,93.5
13085,2011-02-17 13:57:00,2011-07-05 12:11:00,2,216,416.08000000000004,18.912727272727274,17,2,United Kingdom,158,138,1.0,208.04000000000002,108.0
13089,2010-12-05 10:27:00,2011-12-07 09:02:00,97,31070,58825.83,32.35744224422442,636,13,United Kingdom,3,367,7.461538461538462,606.4518556701031,320.30927835051546
13090,2010-12-02 07:48:00,2011-12-01 12:39:00,14,2263,8910.82,57.48916129032258,98,10,United Kingdom,9,365,1.4,636.4871428571429,161.64285714285714
13091,2011-11-11 15:54:00,2011-11-11 15:54:00,1,466,345.82,16.467619047619046,21,1,United Kingdom,28,1,1.0,345.82,466.0
13092,2010-12-15 12:27:00,2011-09-30 11:18:00,5,279,477.83,19.1132,19,5,United Kingdom,71,289,1.0,95.566,55.8
13093,2010-12-01 15:00:00,2011-03-09 12:14:00,8,3961,7832.47,49.260817610062894,97,4,United Kingdom,276,98,2.0,979.05875,495.125
13094,2010-12-06 10:34:00,2011-11-18 14:07:00,12,1716,1927.3200000000002,80.305,4,10,United Kingdom,21,348,1.2,160.61,143.0
13095,2011-09-30 12:03:00,2011-09-30 12:03:00,1,144,74.39999999999999,12.399999999999999,6,1,United Kingdom,71,1,1.0,74.39999999999999,144.0
13097,2010-12-14 15:13:00,2011-11-07 10:43:00,10,2363,6010.42,14.209030732860521,214,9,United Kingdom,33,328,1.1111111111111112,601.042,236.3
13098,2011-01-26 13:46:00,2011-12-08 14:14:00,28,15968,28882.44,50.49377622377622,156,12,United Kingdom,1,317,2.3333333333333335,1031.5157142857142,570.2857142857143
13099,2011-09-01 17:40:00,2011-09-01 17:40:00,1,288,207.35999999999999,207.35999999999999,1,1,United Kingdom,99,1,1.0,207.35999999999999,288.0
13101,2011-04-19 14:37:00,2011-04-19 14:37:00,1,113,101.19,12.64875,8,1,United Kingdom,234,1,1.0,101.19,113.0
13102,2010-12-09 13:38:00,2011-12-08 12:52:00,24,4204,6424.09,21.131875,140,12,United Kingdom,1,364,2.0,267.67041666666665,175.16666666666666
13103,2011-10-31 09:38:00,2011-10-31 09:38:00,1,82,243.94,30.4925,8,1,United Kingdom,40,1,1.0,243.94,82.0
13104,2010-12-20 11:58:00,2011-12-06 13:10:00,6,504,1098.48,54.924,14,6,United Kingdom,3,352,1.0,183.08,84.0
13106,2011-07-29 15:12:00,2011-07-29 15:12:00,1,18,76.5,76.5,1,1,United Kingdom,133,1,1.0,76.5,18.0
13107,2011-01-10 12:28:00,2011-10-26 14:52:00,4,1293,1531.6200000000001,26.407241379310346,54,4,United Kingdom,44,290,1.0,382.90500000000003,323.25
13108,2010-12-02 10:35:00,2010-12-02 10:35:00,1,298,350.06,35.006,10,1,United Kingdom,373,1,1.0,350.06,298.0
13109,2011-07-05 14:56:00,2011-10-11 10:16:00,2,520,786.54,16.734893617021275,41,2,United Kingdom,60,98,1.0,393.27,260.0
13110,2011-02-01 15:24:00,2011-11-08 14:30:00,7,388,1488.67,10.266689655172414,109,5,United Kingdom,31,280,1.4,212.66714285714286,55.42857142857143
13113,2010-12-08 13:21:00,2011-12-09 12:49:00,24,3045,12245.960000000001,61.229800000000004,95,11,United Kingdom,1,366,2.1818181818181817,510.2483333333334,126.875
13115,2011-06-08 16:15:00,2011-11-28 12:38:00,4,1567,2294.78,19.12316666666667,88,3,United Kingdom,12,173,1.3333333333333333,573.695,391.75
13116,2011-07-24 14:33:00,2011-07-24 14:33:00,1,291,501.14,16.704666666666665,30,1,United Kingdom,138,1,1.0,501.14,291.0
13117,2010-12-02 13:11:00,2011-11-18 12:02:00,8,945,984.91,12.959342105263158,66,7,United Kingdom,22,351,1.1428571428571428,123.11375,118.125
13118,2011-02-24 12:32:00,2011-11-20 12:46:00,5,410,1197.81,15.162151898734177,68,4,United Kingdom,20,270,1.25,239.56199999999998,82.0
13120,2011-04-15 10:19:00,2011-04-15 10:19:00,1,12,30.599999999999998,30.599999999999998,1,1,United Kingdom,239,1,1.0,30.599999999999998,12.0
13121,2011-03-15 16:47:00,2011-03-15 16:47:00,1,252,283.73,5.674600000000001,50,1,United Kingdom,269,1,1.0,283.73,252.0
13122,2011-04-13 14:12:00,2011-09-06 15:53:00,2,585,922.39,16.77072727272727,54,2,United Kingdom,94,147,1.0,461.195,292.5
13124,2010-12-15 15:00:00,2011-09-11 12:45:00,3,2147,3866.33,16.452468085106382,185,3,United Kingdom,90,270,1.0,1288.7766666666666,715.6666666666666
13126,2010-12-08 11:42:00,2011-12-05 10:00:00,8,2143,2099.64,14.997428571428571,124,6,United Kingdom,5,362,1.3333333333333333,262.455,267.875
13127,2011-09-23 10:26:00,2011-09-23 10:26:00,1,127,259.17,17.278000000000002,15,1,United Kingdom,78,1,1.0,259.17,127.0
13130,2011-09-06 15:30:00,2011-09-06 15:30:00,1,32,64.0,32.0,2,1,United Kingdom,94,1,1.0,64.0,32.0
13131,2011-06-05 10:54:00,2011-11-16 13:21:00,3,447,1073.3,24.393181818181816,30,3,United Kingdom,23,165,1.0,357.76666666666665,149.0
13132,2011-03-23 12:44:00,2011-03-23 12:44:00,1,20,77.3,25.766666666666666,3,1,United Kingdom,262,1,1.0,77.3,20.0
13133,2011-02-08 15:48:00,2011-03-11 10:31:00,2,32,109.8,15.685714285714285,7,2,United Kingdom,274,31,1.0,54.9,16.0
13134,2011-04-13 12:57:00,2011-09-15 10:35:00,4,1059,1793.58,18.301836734693875,94,3,United Kingdom,86,155,1.3333333333333333,448.395,264.75
13135,2011-05-27 10:52:00,2011-05-27 10:52:00,1,4300,3096.0,3096.0,1,1,United Kingdom,197,1,1.0,3096.0,4300.0
13136,2011-05-11 12:47:00,2011-10-14 13:41:00,5,1328,2607.61,20.53236220472441,94,4,United Kingdom,56,157,1.25,521.522,265.6
13137,2011-02-04 11:54:00,2011-11-29 12:09:00,8,2226,3650.41,5.185241477272727,345,7,United Kingdom,11,299,1.1428571428571428,456.30125,278.25
13138,2010-12-02 15:03:00,2011-11-17 16:51:00,6,473,962.39,15.276031746031746,31,6,United Kingdom,22,351,1.0,160.39833333333334,78.83333333333333
13139,2011-03-25 11:57:00,2011-11-23 13:54:00,7,2425,5064.94,29.79376470588235,132,5,United Kingdom,16,244,1.4,723.5628571428571,346.42857142857144
13140,2010-12-08 15:12:00,2011-08-23 15:33:00,3,186,423.72,9.211304347826088,40,2,United Kingdom,108,259,1.5,141.24,62.0
13141,2011-01-28 13:04:00,2011-09-16 09:54:00,5,1548,2388.75,17.694444444444443,113,4,United Kingdom,85,231,1.25,477.75,309.6
13142,2011-11-20 16:07:00,2011-11-20 16:07:00,1,258,307.09,13.351739130434781,23,1,United Kingdom,19,1,1.0,307.09,258.0
13144,2011-01-11 11:15:00,2011-01-11 11:15:00,1,21,110.95,36.983333333333334,3,1,United Kingdom,333,1,1.0,110.95,21.0
13145,2010-12-02 18:06:00,2011-10-31 12:45:00,4,145,618.52,103.08666666666666,5,4,United Kingdom,40,333,1.0,154.63,36.25
13146,2011-11-13 15:29:00,2011-11-13 15:29:00,1,154,228.91,13.465294117647058,16,1,United Kingdom,26,1,1.0,228.91,154.0
13147,2011-09-01 12:28:00,2011-11-29 13:59:00,4,144,712.8000000000001,178.20000000000002,1,3,United Kingdom,10,90,1.3333333333333333,178.20000000000002,36.0
13148,2010-12-10 13:06:00,2011-11-10 15:23:00,12,1975,3707.12,11.621065830721003,231,6,United Kingdom,29,336,2.0,308.9266666666667,164.58333333333334
13149,2011-02-23 13:57:00,2011-11-25 13:09:00,4,1280,1676.06,19.48906976744186,76,4,United Kingdom,14,275,1.0,419.015,320.0
13151,2011-02-17 12:29:00,2011-02-17 12:29:00,1,363,1257.8700000000001,16.998243243243245,73,1,United Kingdom,296,1,1.0,1257.8700000000001,363.0
13153,2011-12-04 12:14:00,2011-12-04 12:14:00,1,418,486.22,32.41466666666667,15,1,United Kingdom,6,1,1.0,486.22,418.0
13155,2010-12-06 12:44:00,2011-11-06 15:41:00,4,497,971.76,11.432470588235294,67,4,United Kingdom,33,336,1.0,242.94,124.25
13157,2011-02-14 14:03:00,2011-10-21 13:50:00,4,1439,1741.22,20.014022988505747,69,4,United Kingdom,49,249,1.0,435.305,359.75
13158,2011-01-25 09:58:00,2011-09-06 11:58:00,4,784,1201.06,15.203291139240505,59,4,United Kingdom,95,225,1.0,300.265,196.0
13159,2011-08-16 11:44:00,2011-12-01 11:20:00,4,1059,1437.85,11.883057851239668,114,3,United Kingdom,9,107,1.3333333333333333,359.4625,264.75
13160,2011-11-17 13:07:00,2011-11-17 13:07:00,1,56,91.8,22.95,4,1,United Kingdom,22,1,1.0,91.8,56.0
13161,2011-01-30 14:03:00,2011-01-30 14:03:00,1,29,112.75,14.09375,8,1,United Kingdom,313,1,1.0,112.75,29.0
13162,2011-01-09 10:43:00,2011-08-09 15:59:00,4,1713,1688.29,21.370759493670885,74,4,United Kingdom,122,213,1.0,422.0725,428.25
13165,2010-12-23 14:06:00,2011-10-24 15:05:00,2,1376,1021.48,24.32095238095238,40,2,United Kingdom,46,306,1.0,510.74,688.0
13166,2011-03-01 15:16:00,2011-03-01 15:16:00,1,216,417.2,10.175609756097561,39,1,United Kingdom,283,1,1.0,417.2,216.0
13167,2011-07-19 12:13:00,2011-11-21 12:24:00,4,785,791.33,12.174307692307693,51,4,United Kingdom,19,126,1.0,197.8325,196.25
13168,2011-01-25 13:55:00,2011-11-03 12:56:00,4,682,1319.19,10.070152671755725,102,4,United Kingdom,36,282,1.0,329.7975,170.5
13169,2011-04-01 14:24:00,2011-10-07 12:11:00,2,272,712.88,54.83692307692308,11,2,United Kingdom,64,189,1.0,356.44,136.0
13170,2011-11-13 12:19:00,2011-11-13 12:19:00,1,147,116.00999999999999,3.6253124999999997,29,1,United Kingdom,27,1,1.0,116.00999999999999,147.0
13171,2011-02-13 14:16:00,2011-11-18 10:27:00,3,229,468.41,10.182826086956522,37,3,United Kingdom,22,278,1.0,156.13666666666668,76.33333333333333
13173,2010-12-07 14:30:00,2011-12-05 15:51:00,2,277,353.65,8.224418604651163,41,2,United Kingdom,4,364,1.0,176.825,138.5
13174,2010-12-05 16:24:00,2011-11-23 14:35:00,3,1395,2817.03,8.971433121019109,228,3,United Kingdom,16,353,1.0,939.0100000000001,465.0
13176,2011-10-24 15:43:00,2011-10-24 15:43:00,1,453,492.84,6.845,66,1,United Kingdom,46,1,1.0,492.84,453.0
13177,2011-10-06 09:56:00,2011-10-06 09:56:00,1,91,282.45,16.61470588235294,17,1,United Kingdom,65,1,1.0,282.45,91.0
13178,2010-12-14 12:22:00,2011-11-13 16:14:00,11,3570,5725.47,21.60554716981132,95,8,United Kingdom,26,335,1.375,520.4972727272727,324.54545454545456
13182,2011-10-25 13:46:00,2011-10-25 13:46:00,1,201,121.18,11.016363636363637,11,1,United Kingdom,45,1,1.0,121.18,201.0
13183,2011-01-09 10:50:00,2011-12-02 10:30:00,9,2208,3957.78,42.10404255319149,51,8,United Kingdom,8,327,1.125,439.75333333333333,245.33333333333334
13184,2011-02-22 17:25:00,2011-11-25 12:02:00,10,1692,1701.29,9.39939226519337,138,6,United Kingdom,15,276,1.6666666666666667,170.129,169.2
13185,2011-03-17 11:56:00,2011-03-17 11:56:00,1,12,71.4,71.4,1,1,United Kingdom,268,1,1.0,71.4,12.0
13186,2011-08-03 09:09:00,2011-10-31 11:40:00,3,820,1575.89,19.947974683544306,69,3,United Kingdom,40,90,1.0,525.2966666666667,273.3333333333333
13187,2011-01-06 18:57:00,2011-01-06 18:57:00,1,95,236.02,6.378918918918919,37,1,United Kingdom,337,1,1.0,236.02,95.0
13188,2011-11-28 15:28:00,2011-11-28 15:28:00,1,25,114.60000000000001,57.300000000000004,2,1,United Kingdom,11,1,1.0,114.60000000000001,25.0
13189,2011-08-16 13:12:00,2011-11-21 10:39:00,2,842,260.68,8.988965517241379,29,2,United Kingdom,19,97,1.0,130.34,421.0
13192,2011-05-18 14:57:00,2011-09-05 14:13:00,2,595,911.94,14.475238095238096,57,2,United Kingdom,95,110,1.0,455.97,297.5
13193,2011-10-09 14:30:00,2011-10-09 14:30:00,1,50,117.88,4.0648275862068965,22,1,United Kingdom,61,1,1.0,117.88,50.0
13194,2011-07-27 09:01:00,2011-07-27 09:01:00,1,26,60.7,20.233333333333334,3,1,United Kingdom,136,1,1.0,60.7,26.0
13196,2011-03-22 14:24:00,2011-11-28 13:54:00,4,1224,1797.78,16.343454545454545,97,3,United Kingdom,11,251,1.3333333333333333,449.445,306.0
13198,2010-12-13 09:29:00,2011-11-29 15:17:00,6,2648,3401.2400000000002,15.049734513274338,199,6,United Kingdom,10,352,1.0,566.8733333333333,441.3333333333333
13199,2010-12-08 10:51:00,2011-12-06 12:30:00,38,6176,9817.12,82.49680672268909,48,13,United Kingdom,4,364,2.923076923076923,258.34526315789475,162.52631578947367
13200,2011-08-05 14:50:00,2011-11-20 15:35:00,4,516,870.09,18.915,42,3,United Kingdom,19,108,1.3333333333333333,217.5225,129.0
13203,2011-04-11 14:40:00,2011-11-30 10:45:00,4,800,869.46,15.253684210526316,56,4,United Kingdom,10,233,1.0,217.365,200.0
13207,2011-07-12 11:35:00,2011-11-24 14:52:00,2,130,250.26000000000002,31.282500000000002,7,2,United Kingdom,15,136,1.0,125.13000000000001,65.0
13208,2011-02-03 19:32:00,2011-10-12 09:54:00,6,804,1223.9,8.214093959731544,124,5,United Kingdom,59,251,1.2,203.98333333333335,134.0
13209,2010-12-13 10:31:00,2011-11-09 13:54:00,8,4253,5891.61,18.35392523364486,255,6,United Kingdom,30,332,1.3333333333333333,736.45125,531.625
13210,2011-09-07 08:18:00,2011-09-07 08:18:00,1,316,353.48,16.067272727272726,22,1,United Kingdom,94,1,1.0,353.48,316.0
13211,2010-12-13 16:17:00,2011-11-29 14:43:00,3,874,1197.42,21.3825,45,3,United Kingdom,10,351,1.0,399.14000000000004,291.3333333333333
13212,2011-10-09 14:48:00,2011-11-20 12:40:00,3,310,788.08,5.549859154929578,128,2,United Kingdom,20,42,1.5,262.6933333333333,103.33333333333333
13213,2011-05-24 12:22:00,2011-10-14 11:42:00,5,1360,1520.58,16.895333333333333,82,4,United Kingdom,57,143,1.25,304.116,272.0
13216,2011-03-17 12:18:00,2011-03-17 12:18:00,1,297,333.74,66.748,5,1,United Kingdom,268,1,1.0,333.74,297.0
13217,2011-07-06 12:08:00,2011-08-09 15:32:00,3,262,533.98,133.495,3,2,United Kingdom,122,35,1.5,177.99333333333334,87.33333333333333
13218,2011-08-04 16:59:00,2011-08-04 16:59:00,1,88,62.63999999999999,12.527999999999999,5,1,United Kingdom,127,1,1.0,62.63999999999999,88.0
13220,2011-04-17 10:59:00,2011-09-22 13:38:00,4,196,819.2900000000001,39.01380952380953,18,4,United Kingdom,78,159,1.0,204.82250000000002,49.0
13221,2010-12-15 13:24:00,2011-04-13 16:58:00,2,244,847.41,12.839545454545455,62,2,United Kingdom,240,120,1.0,423.705,122.0
13223,2011-04-21 15:16:00,2011-05-23 13:03:00,2,88,163.20000000000002,32.64,5,2,United Kingdom,200,32,1.0,81.60000000000001,44.0
13224,2011-07-11 14:10:00,2011-10-10 14:55:00,2,1518,2155.95,19.9625,101,2,United Kingdom,60,92,1.0,1077.975,759.0
13225,2010-12-13 09:49:00,2011-12-06 13:29:00,7,3416,6463.84,201.995,23,7,United Kingdom,3,359,1.0,923.4057142857143,488.0
13226,2011-03-11 14:35:00,2011-03-11 14:35:00,1,80,108.21000000000001,6.7631250000000005,16,1,United Kingdom,273,1,1.0,108.21000000000001,80.0
13227,2011-05-22 11:47:00,2011-05-22 11:47:00,1,99,257.7,28.633333333333333,9,1,United Kingdom,202,1,1.0,257.7,99.0
13228,2011-09-19 14:28:00,2011-09-19 14:28:00,1,200,358.0,179.0,2,1,United Kingdom,81,1,1.0,358.0,200.0
13229,2011-04-28 12:07:00,2011-04-28 12:07:00,1,63,160.95,16.095,10,1,United Kingdom,226,1,1.0,160.95,63.0
13230,2010-12-09 19:28:00,2011-12-05 16:03:00,14,1665,2806.97,4.5940589198036,393,9,United Kingdom,4,361,1.5555555555555556,200.49785714285713,118.92857142857143
13232,2011-04-10 13:48:00,2011-11-27 10:39:00,7,778,1357.6,6.558454106280193,147,5,United Kingdom,13,231,1.4,193.94285714285712,111.14285714285714
13233,2011-01-07 14:49:00,2011-09-26 13:25:00,2,1004,605.12,14.072558139534884,43,2,United Kingdom,74,262,1.0,302.56,502.0
13235,2011-05-11 17:13:00,2011-05-11 17:13:00,1,441,1031.07,17.77706896551724,53,1,United Kingdom,212,1,1.0,1031.07,441.0
13236,2011-08-25 08:58:00,2011-11-15 12:50:00,2,416,744.85,20.69027777777778,34,2,United Kingdom,25,83,1.0,372.425,208.0
13238,2010-12-14 14:37:00,2011-11-22 15:37:00,4,298,700.73,22.604193548387098,20,3,United Kingdom,17,344,1.3333333333333333,175.1825,74.5
13239,2011-03-23 10:25:00,2011-03-23 10:25:00,1,327,329.56,15.693333333333333,21,1,United Kingdom,262,1,1.0,329.56,327.0
13240,2010-12-09 12:49:00,2011-09-04 14:08:00,4,298,663.65,9.905223880597015,59,4,United Kingdom,96,270,1.0,165.9125,74.5
13242,2011-05-10 12:26:00,2011-08-19 12:53:00,3,130,270.40000000000003,20.800000000000004,12,2,United Kingdom,112,102,1.5,90.13333333333334,43.333333333333336
13243,2011-05-20 13:14:00,2011-05-20 13:14:00,1,233,600.07,10.346034482758622,56,1,United Kingdom,203,1,1.0,600.07,233.0
13244,2011-09-08 11:46:00,2011-09-08 11:46:00,1,38,121.74000000000001,4.508888888888889,27,1,United Kingdom,93,1,1.0,121.74000000000001,38.0
13245,2011-10-20 11:40:00,2011-10-20 11:40:00,1,125,430.5,26.90625,16,1,United Kingdom,51,1,1.0,430.5,125.0
13246,2011-01-13 13:36:00,2011-11-21 16:50:00,6,1602,1987.3,14.094326241134752,110,5,United Kingdom,18,313,1.2,331.21666666666664,267.0
13247,2011-09-18 11:31:00,2011-11-22 10:59:00,4,328,501.12,20.0448,18,3,United Kingdom,18,65,1.3333333333333333,125.28,82.0
13248,2011-06-03 13:05:00,2011-08-07 12:40:00,2,305,465.68,17.91076923076923,25,2,United Kingdom,125,65,1.0,232.84,152.5
13249,2011-03-23 15:26:00,2011-09-08 13:26:00,3,546,711.41,30.93086956521739,21,2,United Kingdom,92,169,1.5,237.13666666666666,182.0
13253,2011-01-04 15:43:00,2011-07-06 10:09:00,2,1572,1030.4,28.622222222222224,35,2,United Kingdom,157,183,1.0,515.2,786.0
13255,2010-12-01 11:58:00,2011-11-30 13:14:00,2,177,399.51,30.73153846153846,13,2,United Kingdom,9,365,1.0,199.755,88.5
13258,2011-05-18 13:11:00,2011-11-28 09:31:00,3,287,698.58,18.383684210526315,28,2,United Kingdom,12,194,1.5,232.86,95.66666666666667
13259,2011-10-09 10:48:00,2011-10-09 10:48:00,1,132,292.32,3.36,77,1,United Kingdom,62,1,1.0,292.32,132.0
13260,2011-10-09 13:21:00,2011-10-09 13:21:00,1,142,557.62,69.7025,8,1,United Kingdom,61,1,1.0,557.62,142.0
13261,2011-02-27 10:41:00,2011-03-16 12:22:00,2,210,944.1,104.9,8,2,United Kingdom,269,18,1.0,472.05,105.0
13262,2011-03-21 15:06:00,2011-03-21 15:06:00,1,125,200.29,18.208181818181817,11,1,United Kingdom,263,1,1.0,200.29,125.0
13263,2011-01-18 16:31:00,2011-12-08 13:59:00,35,4780,7454.07,4.444883720930233,450,11,United Kingdom,1,324,3.1818181818181817,212.97342857142857,136.57142857142858
13265,2011-03-11 09:54:00,2011-10-17 15:02:00,5,1752,2107.66,23.1610989010989,66,5,United Kingdom,53,221,1.0,421.532,350.4
13266,2011-03-28 10:14:00,2011-11-28 14:39:00,12,4428,3834.2599999999998,20.504064171122995,82,9,United Kingdom,11,246,1.3333333333333333,319.52166666666665,369.0
13267,2010-12-08 09:20:00,2011-12-07 11:12:00,19,1969,4521.49,21.428862559241704,88,10,United Kingdom,3,365,1.9,237.97315789473683,103.63157894736842
13268,2011-03-17 13:20:00,2011-11-22 11:51:00,11,3658,3214.69,7.306113636363636,257,6,United Kingdom,18,250,1.8333333333333333,292.24454545454546,332.54545454545456
13269,2010-12-05 11:51:00,2011-12-08 14:53:00,15,3514,5346.2300000000005,16.91844936708861,177,10,United Kingdom,1,369,1.5,356.41533333333336,234.26666666666668
13270,2010-12-08 14:53:00,2010-12-08 14:53:00,1,200,590.0,590.0,1,1,United Kingdom,366,1,1.0,590.0,200.0
13271,2011-11-02 14:31:00,2011-11-02 14:31:00,1,253,217.38,2.264375,79,1,United Kingdom,37,1,1.0,217.38,253.0
13272,2011-09-11 12:06:00,2011-11-08 14:00:00,2,96,276.56,18.437333333333335,15,2,United Kingdom,31,59,1.0,138.28,48.0
13273,2011-08-18 14:02:00,2011-08-18 14:02:00,1,153,138.98,8.68625,16,1,United Kingdom,113,1,1.0,138.98,153.0
13276,2011-09-01 10:03:00,2011-10-07 12:44:00,2,161,590.9300000000001,19.69766666666667,30,2,United Kingdom,64,37,1.0,295.46500000000003,80.5
13277,2011-07-29 10:06:00,2011-11-24 09:21:00,4,176,258.4,32.3,5,3,United Kingdom,16,118,1.3333333333333333,64.6,44.0
13278,2011-10-30 11:49:00,2011-10-30 11:49:00,1,537,542.73,11.798478260869565,46,1,United Kingdom,41,1,1.0,542.73,537.0
13279,2011-09-22 17:24:00,2011-09-22 17:24:00,1,73,137.75,15.305555555555555,9,1,United Kingdom,78,1,1.0,137.75,73.0
13280,2011-01-06 17:10:00,2011-08-09 13:14:00,3,522,814.86,9.586588235294117,67,2,United Kingdom,122,215,1.5,271.62,174.0
13282,2011-05-03 12:03:00,2011-11-21 15:33:00,3,307,1132.14,30.59837837837838,29,3,United Kingdom,18,203,1.0,377.38000000000005,102.33333333333333
13283,2011-06-07 12:39:00,2011-10-11 09:50:00,2,90,93.66,13.379999999999999,7,2,United Kingdom,60,126,1.0,46.83,45.0
13284,2011-01-13 09:23:00,2011-01-13 09:23:00,1,91,201.19,15.476153846153846,13,1,United Kingdom,331,1,1.0,201.19,91.0
13285,2011-02-22 17:13:00,2011-11-16 13:19:00,4,2051,2709.12,14.487272727272726,157,4,United Kingdom,23,267,1.0,677.28,512.75
13291,2011-07-07 10:36:00,2011-07-07 10:36:00,1,233,361.11,8.597857142857142,41,1,United Kingdom,156,1,1.0,361.11,233.0
13292,2011-02-28 15:00:00,2011-11-01 10:04:00,2,347,578.9399999999999,18.67548387096774,29,2,United Kingdom,39,246,1.0,289.46999999999997,173.5
13294,2011-04-04 12:37:00,2011-06-03 08:54:00,2,453,873.74,16.18037037037037,48,2,United Kingdom,190,60,1.0,436.87,226.5
13295,2010-12-15 11:21:00,2010-12-15 11:21:00,1,82,201.20000000000002,20.12,10,1,United Kingdom,360,1,1.0,201.20000000000002,82.0
13296,2011-07-25 13:46:00,2011-07-25 13:46:00,1,78,87.4,17.48,5,1,United Kingdom,137,1,1.0,87.4,78.0
13297,2011-10-03 15:08:00,2011-12-02 09:32:00,4,963,2089.85,35.421186440677964,52,3,United Kingdom,8,60,1.3333333333333333,522.4625,240.75
13298,2011-12-08 13:11:00,2011-12-08 13:11:00,1,96,360.0,180.0,2,1,United Kingdom,1,1,1.0,360.0,96.0
13299,2011-03-16 12:55:00,2011-03-16 12:55:00,1,30,142.5,28.5,5,1,United Kingdom,268,1,1.0,142.5,30.0
13300,2011-06-23 13:09:00,2011-06-23 13:09:00,1,203,371.89,18.5945,20,1,United Kingdom,169,1,1.0,371.89,203.0
13301,2011-02-20 13:13:00,2011-08-28 11:25:00,4,345,618.09,7.630740740740741,75,4,United Kingdom,104,189,1.0,154.5225,86.25
13302,2011-07-07 17:56:00,2011-07-07 17:56:00,1,5,63.75,63.75,1,1,United Kingdom,155,1,1.0,63.75,5.0
13304,2010-12-23 14:35:00,2010-12-23 14:35:00,1,238,300.42,14.305714285714286,21,1,United Kingdom,351,1,1.0,300.42,238.0
13305,2010-12-02 12:10:00,2011-12-05 15:15:00,10,1232,2000.86,24.701975308641973,50,9,United Kingdom,4,369,1.1111111111111112,200.08599999999998,123.2
13307,2011-08-11 17:14:00,2011-08-11 17:14:00,1,4,15.0,15.0,1,1,United Kingdom,120,1,1.0,15.0,4.0
13308,2011-05-20 13:13:00,2011-11-17 09:31:00,3,843,1385.51,25.657592592592593,49,3,United Kingdom,23,181,1.0,461.83666666666664,281.0
13309,2011-02-04 12:29:00,2011-12-02 16:34:00,5,1544,1456.79,13.614859813084111,82,5,United Kingdom,7,302,1.0,291.358,308.8
13310,2011-01-19 14:50:00,2011-11-11 17:23:00,3,587,1132.03,15.722638888888888,65,3,United Kingdom,28,297,1.0,377.3433333333333,195.66666666666666
13311,2011-07-12 14:26:00,2011-12-05 12:55:00,2,305,598.57,23.02192307692308,25,2,United Kingdom,4,146,1.0,299.285,152.5
13313,2011-01-04 10:00:00,2011-11-17 16:48:00,5,851,1555.32,19.939999999999998,47,4,United Kingdom,22,318,1.25,311.06399999999996,170.2
13314,2011-09-27 10:20:00,2011-12-08 12:29:00,3,560,775.94,12.515161290322581,55,3,United Kingdom,2,73,1.0,258.6466666666667,186.66666666666666
13316,2011-03-30 13:01:00,2011-11-02 13:40:00,4,6948,5977.7300000000005,68.70954022988506,66,4,United Kingdom,37,218,1.0,1494.4325000000001,1737.0
13317,2010-12-16 09:22:00,2011-10-04 13:35:00,6,1035,2273.68,18.336129032258064,100,4,United Kingdom,66,293,1.5,378.94666666666666,172.5
13318,2011-11-02 13:26:00,2011-12-08 18:51:00,3,304,640.76,32.038,14,2,United Kingdom,1,37,1.5,213.58666666666667,101.33333333333333
13319,2010-12-09 10:04:00,2011-12-04 13:34:00,26,4724,10845.550000000001,22.784768907563027,209,13,United Kingdom,5,361,2.0,417.1365384615385,181.69230769230768
13320,2011-05-10 10:29:00,2011-09-22 18:07:00,4,1096,1548.7,14.610377358490567,77,3,United Kingdom,78,136,1.3333333333333333,387.175,274.0
13321,2011-09-14 15:18:00,2011-09-28 15:24:00,2,372,567.36,51.57818181818182,10,1,United Kingdom,72,15,2.0,283.68,186.0
13322,2011-11-22 14:21:00,2011-11-22 14:21:00,1,117,199.48000000000002,7.9792000000000005,25,1,United Kingdom,17,1,1.0,199.48000000000002,117.0
13323,2011-09-16 13:23:00,2011-12-06 17:12:00,5,175,787.85,37.516666666666666,6,3,United Kingdom,3,82,1.6666666666666667,157.57,35.0
13324,2010-12-14 09:50:00,2011-11-03 16:28:00,10,5205,7121.95,94.95933333333333,25,6,United Kingdom,36,325,1.6666666666666667,712.1949999999999,520.5
13325,2011-09-19 10:36:00,2011-09-19 10:36:00,1,240,675.3,56.275,12,1,United Kingdom,82,1,1.0,675.3,240.0
13327,2010-12-09 15:32:00,2011-11-01 10:21:00,8,1600,3627.77,33.59046296296296,74,7,United Kingdom,39,327,1.1428571428571428,453.47125,200.0
13328,2011-01-27 15:22:00,2011-01-27 15:22:00,1,680,1308.48,76.96941176470588,17,1,United Kingdom,316,1,1.0,1308.48,680.0
13329,2010-12-08 10:11:00,2011-11-08 10:29:00,2,463,789.0,46.411764705882355,16,2,United Kingdom,32,336,1.0,394.5,231.5
13330,2011-01-28 10:08:00,2011-09-08 12:27:00,3,751,1140.93,21.526981132075473,37,3,United Kingdom,93,224,1.0,380.31,250.33333333333334
13332,2011-11-25 13:30:00,2011-11-25 13:30:00,1,179,350.9,16.70952380952381,21,1,United Kingdom,14,1,1.0,350.9,179.0
13334,2011-02-07 11:42:00,2011-09-18 15:21:00,3,1774,3536.82,13.197089552238806,207,3,United Kingdom,82,224,1.0,1178.94,591.3333333333334
13336,2011-09-23 14:05:00,2011-09-23 14:05:00,1,559,795.12,15.590588235294117,51,1,United Kingdom,77,1,1.0,795.12,559.0
13338,2011-07-05 09:06:00,2011-07-05 09:06:00,1,256,487.02,25.632631578947368,19,1,United Kingdom,158,1,1.0,487.02,256.0
13339,2011-05-23 08:31:00,2011-05-23 08:31:00,1,326,860.12,15.928148148148148,54,1,United Kingdom,201,1,1.0,860.12,326.0
13340,2011-03-08 11:39:00,2011-10-25 13:15:00,7,5770,10736.48,80.12298507462687,128,4,United Kingdom,45,232,1.75,1533.782857142857,824.2857142857143
13341,2011-03-24 09:50:00,2011-03-24 09:50:00,1,301,775.85,18.472619047619048,42,1,United Kingdom,261,1,1.0,775.85,301.0
13343,2011-06-15 12:24:00,2011-06-15 12:24:00,1,135,353.43,18.60157894736842,19,1,United Kingdom,178,1,1.0,353.43,135.0
13344,2011-03-07 10:28:00,2011-10-03 09:45:00,3,971,2543.72,21.37579831932773,115,2,United Kingdom,68,210,1.5,847.9066666666666,323.6666666666667
13345,2011-02-25 09:01:00,2011-02-25 09:01:00,1,141,389.5,19.475,20,1,United Kingdom,288,1,1.0,389.5,141.0
13347,2011-09-30 13:28:00,2011-09-30 13:28:00,1,205,341.36,42.67,8,1,United Kingdom,70,1,1.0,341.36,205.0
13348,2011-10-06 17:28:00,2011-10-06 17:28:00,1,136,233.76,16.697142857142858,14,1,United Kingdom,64,1,1.0,233.76,136.0
13349,2011-11-29 08:07:00,2011-11-29 08:07:00,1,225,247.32,15.4575,16,1,United Kingdom,11,1,1.0,247.32,225.0
13350,2011-09-21 13:33:00,2011-11-23 16:33:00,2,287,979.12,24.478,36,2,United Kingdom,16,64,1.0,489.56,143.5
13351,2011-10-04 12:55:00,2011-10-04 12:55:00,1,117,373.94,23.37125,16,1,United Kingdom,66,1,1.0,373.94,117.0
13352,2011-10-10 13:55:00,2011-10-10 13:55:00,1,321,397.97999999999996,16.5825,24,1,United Kingdom,60,1,1.0,397.97999999999996,321.0
13354,2011-09-29 13:17:00,2011-09-29 13:17:00,1,604,743.53,14.579019607843136,51,1,United Kingdom,71,1,1.0,743.53,604.0
13355,2011-08-09 14:48:00,2011-08-09 14:48:00,1,314,674.7,21.084375,32,1,United Kingdom,122,1,1.0,674.7,314.0
13356,2011-09-20 14:33:00,2011-09-20 14:33:00,1,325,768.24,18.291428571428572,42,1,United Kingdom,80,1,1.0,768.24,325.0
13357,2011-03-27 13:56:00,2011-03-27 13:56:00,1,322,609.95,6.777222222222223,85,1,United Kingdom,257,1,1.0,609.95,322.0
13358,2011-03-16 11:52:00,2011-03-16 11:52:00,1,285,439.03,15.138965517241378,29,1,United Kingdom,269,1,1.0,439.03,285.0
13359,2011-10-07 09:30:00,2011-10-07 09:30:00,1,161,439.56,19.11130434782609,23,1,United Kingdom,64,1,1.0,439.56,161.0
13362,2011-02-25 11:33:00,2011-11-30 14:41:00,4,1382,3090.7400000000002,18.618915662650604,128,4,United Kingdom,9,279,1.0,772.6850000000001,345.5
13363,2011-10-27 10:46:00,2011-11-22 12:40:00,2,710,992.5,16.541666666666668,47,2,United Kingdom,18,27,1.0,496.25,355.0
13364,2011-09-29 18:13:00,2011-09-29 18:13:00,1,71,134.95999999999998,13.495999999999999,10,1,United Kingdom,71,1,1.0,134.95999999999998,71.0
13365,2011-05-06 12:00:00,2011-11-06 12:36:00,2,1247,2225.37,17.385703125,122,2,United Kingdom,34,185,1.0,1112.685,623.5
13366,2011-10-20 13:37:00,2011-10-20 13:37:00,1,144,56.160000000000004,56.160000000000004,1,1,United Kingdom,50,1,1.0,56.160000000000004,144.0
13368,2011-01-06 12:32:00,2011-03-28 09:59:00,2,327,623.4,21.49655172413793,29,2,United Kingdom,257,81,1.0,311.7,163.5
13369,2010-12-09 11:30:00,2010-12-09 11:30:00,1,149,308.28000000000003,22.020000000000003,14,1,United Kingdom,366,1,1.0,308.28000000000003,149.0
13370,2010-12-03 10:26:00,2010-12-03 10:26:00,1,343,754.87,19.355641025641027,39,1,United Kingdom,372,1,1.0,754.87,343.0
13372,2011-09-11 12:46:00,2011-09-11 12:46:00,1,159,378.64,16.46260869565217,23,1,United Kingdom,90,1,1.0,378.64,159.0
13373,2011-03-08 14:35:00,2011-10-10 10:51:00,3,1651,3312.25,20.963607594936708,135,3,United Kingdom,61,216,1.0,1104.0833333333333,550.3333333333334
13375,2011-09-12 10:19:00,2011-09-12 10:19:00,1,442,778.65,21.044594594594592,37,1,United Kingdom,89,1,1.0,778.65,442.0
13376,2011-04-19 13:03:00,2011-09-01 16:16:00,3,493,1019.76,19.240754716981133,45,3,United Kingdom,99,136,1.0,339.92,164.33333333333334
13379,2011-07-26 12:26:00,2011-11-13 13:45:00,3,601,572.56,5.902680412371134,85,3,United Kingdom,26,111,1.0,190.85333333333332,200.33333333333334
13381,2011-02-14 10:10:00,2011-11-08 11:58:00,6,2029,3639.31,21.15877906976744,77,6,United Kingdom,32,268,1.0,606.5516666666666,338.1666666666667
13382,2011-03-04 10:03:00,2011-03-04 10:03:00,1,131,222.99,14.866000000000001,15,1,United Kingdom,281,1,1.0,222.99,131.0
13384,2011-06-14 12:47:00,2011-11-09 11:04:00,7,2422,4151.93,27.315328947368425,123,5,United Kingdom,31,148,1.4,593.1328571428572,346.0
13385,2011-01-14 09:52:00,2011-01-14 09:52:00,1,281,534.57,15.273428571428573,35,1,United Kingdom,330,1,1.0,534.57,281.0
13388,2011-07-31 12:52:00,2011-07-31 12:52:00,2,282,677.1,19.345714285714287,35,1,United Kingdom,131,1,2.0,338.55,141.0
13389,2011-04-21 12:12:00,2011-11-28 14:01:00,3,429,797.96,15.646274509803922,50,3,United Kingdom,11,222,1.0,265.9866666666667,143.0
13390,2011-09-26 08:38:00,2011-09-26 08:38:00,1,224,544.08,41.8523076923077,13,1,United Kingdom,75,1,1.0,544.08,224.0
13391,2011-05-20 10:50:00,2011-05-20 10:50:00,1,4,59.8,59.8,1,1,United Kingdom,204,1,1.0,59.8,4.0
13394,2011-02-03 10:39:00,2011-12-08 11:36:00,8,2392,2520.02,16.258193548387098,124,8,United Kingdom,2,309,1.0,315.0025,299.0
13395,2011-06-07 15:04:00,2011-06-07 15:04:00,1,336,307.72,14.653333333333334,21,1,United Kingdom,185,1,1.0,307.72,336.0
13396,2011-01-24 13:37:00,2011-11-10 16:59:00,2,600,1360.99,31.65093023255814,42,2,United Kingdom,29,291,1.0,680.495,300.0
13397,2011-01-04 13:50:00,2011-09-28 10:56:00,5,430,1544.13,40.635000000000005,28,5,United Kingdom,73,267,1.0,308.826,86.0
13398,2011-05-31 13:17:00,2011-05-31 13:17:00,1,281,457.34,17.59,26,1,United Kingdom,192,1,1.0,457.34,281.0
13402,2010-12-02 17:12:00,2011-08-04 15:51:00,2,479,621.23,15.92897435897436,32,2,United Kingdom,127,245,1.0,310.615,239.5
13403,2011-11-22 08:28:00,2011-11-22 08:28:00,1,44,75.0,25.0,3,1,United Kingdom,18,1,1.0,75.0,44.0
13404,2011-05-11 11:57:00,2011-12-08 15:37:00,2,111,252.49,22.953636363636363,11,2,United Kingdom,1,212,1.0,126.245,55.5
13405,2011-01-26 09:27:00,2011-09-26 17:01:00,3,165,572.451,21.201888888888888,25,3,United Kingdom,74,244,1.0,190.817,55.0
13408,2010-12-01 10:39:00,2011-12-08 09:05:00,62,16232,28117.04,58.82225941422595,234,13,United Kingdom,2,372,4.769230769230769,453.5006451612903,261.80645161290323
13410,2011-02-21 14:38:00,2011-11-15 15:33:00,5,518,1003.06,35.82357142857143,15,5,United Kingdom,24,268,1.0,200.612,103.6
13411,2011-08-24 13:57:00,2011-08-24 13:57:00,1,72,213.55,11.863888888888889,17,1,United Kingdom,107,1,1.0,213.55,72.0
13414,2011-02-16 12:13:00,2011-07-29 11:45:00,3,1574,1390.5,57.9375,23,2,United Kingdom,134,163,1.5,463.5,524.6666666666666
13416,2011-09-19 14:43:00,2011-10-27 08:56:00,2,142,712.5,37.5,11,2,United Kingdom,44,38,1.0,356.25,71.0
13417,2011-05-18 16:26:00,2011-12-05 08:49:00,2,162,640.83,22.886785714285715,26,2,United Kingdom,5,201,1.0,320.415,81.0
13418,2010-12-02 10:45:00,2011-11-28 10:23:00,18,3918,6127.43,20.156019736842108,223,9,United Kingdom,12,361,2.0,340.4127777777778,217.66666666666666
13419,2011-10-07 12:49:00,2011-10-07 12:49:00,1,275,221.06,13.81625,16,1,United Kingdom,64,1,1.0,221.06,275.0
13420,2011-06-22 11:35:00,2011-07-13 08:48:00,2,101,159.85,19.98125,8,2,United Kingdom,150,21,1.0,79.925,50.5
13421,2011-02-22 15:46:00,2011-10-30 14:21:00,2,1181,1851.08,17.798846153846153,88,2,United Kingdom,40,250,1.0,925.54,590.5
13422,2011-10-06 13:42:00,2011-10-06 13:42:00,1,1326,2626.3,20.67952755905512,127,1,United Kingdom,64,1,1.0,2626.3,1326.0
13425,2011-02-18 08:34:00,2011-08-23 17:13:00,3,1123,1624.21,20.823205128205128,66,3,United Kingdom,108,187,1.0,541.4033333333333,374.3333333333333
13426,2010-12-15 12:43:00,2011-12-09 08:59:00,10,2245,3641.32,23.193121019108283,103,9,United Kingdom,1,359,1.1111111111111112,364.132,224.5
13427,2011-05-08 15:58:00,2011-11-20 13:02:00,3,545,582.6,20.089655172413792,25,3,United Kingdom,19,196,1.0,194.20000000000002,181.66666666666666
13428,2011-11-29 14:20:00,2011-11-29 14:20:00,1,156,218.47,2.952297297297297,70,1,United Kingdom,10,1,1.0,218.47,156.0
13429,2011-09-25 15:59:00,2011-11-29 09:10:00,4,1390,1006.8,15.02686567164179,55,3,United Kingdom,11,65,1.3333333333333333,251.7,347.5
13430,2011-09-14 14:26:00,2011-11-21 08:19:00,2,751,679.45,13.866326530612247,48,2,United Kingdom,19,68,1.0,339.725,375.5
13431,2011-09-12 11:25:00,2011-10-03 13:49:00,2,672,1269.1,27.589130434782607,44,2,United Kingdom,67,22,1.0,634.55,336.0
13434,2011-09-04 10:35:00,2011-09-26 14:30:00,2,300,534.24,53.424,9,1,United Kingdom,74,23,2.0,267.12,150.0
13435,2011-06-03 17:07:00,2011-12-04 14:45:00,7,2129,3809.8900000000003,37.72168316831684,68,6,United Kingdom,5,184,1.1666666666666667,544.2700000000001,304.14285714285717
13436,2011-12-08 10:33:00,2011-12-08 10:33:00,1,76,196.89,16.4075,12,1,United Kingdom,2,1,1.0,196.89,76.0
13437,2011-06-02 14:30:00,2011-11-25 14:00:00,7,1283,3408.06,20.40754491017964,143,4,United Kingdom,14,176,1.75,486.86571428571426,183.28571428571428
13439,2011-03-29 14:20:00,2011-03-29 14:20:00,1,242,283.71,5.253888888888889,54,1,United Kingdom,255,1,1.0,283.71,242.0
13441,2011-09-09 09:38:00,2011-09-09 09:38:00,1,204,296.64,22.818461538461538,13,1,United Kingdom,92,1,1.0,296.64,204.0
13447,2011-11-04 10:10:00,2011-11-16 13:38:00,3,584,1129.14,19.137966101694918,55,1,United Kingdom,23,13,3.0,376.38000000000005,194.66666666666666
13448,2010-12-01 10:52:00,2011-11-23 12:33:00,6,1660,3539.37,18.150615384615385,137,4,United Kingdom,17,358,1.5,589.895,276.6666666666667
13449,2011-11-16 08:28:00,2011-11-16 08:28:00,1,222,291.88,15.362105263157895,19,1,United Kingdom,24,1,1.0,291.88,222.0
13450,2011-05-05 19:48:00,2011-11-13 11:54:00,6,1982,2043.7199999999998,28.784788732394365,32,5,United Kingdom,27,192,1.2,340.61999999999995,330.3333333333333
13451,2011-01-09 15:35:00,2011-11-13 15:58:00,5,2149,2976.15,6.718171557562077,315,5,United Kingdom,26,309,1.0,595.23,429.8
13452,2011-03-14 11:38:00,2011-03-25 14:19:00,2,2,590.0,295.0,1,1,United Kingdom,259,12,2.0,295.0,1.0
13453,2011-02-23 09:44:00,2011-06-27 09:34:00,2,134,356.97999999999996,20.998823529411762,16,2,United Kingdom,166,124,1.0,178.48999999999998,67.0
13455,2010-12-08 13:11:00,2011-11-15 11:21:00,2,354,1058.34,23.007391304347824,42,2,United Kingdom,25,342,1.0,529.17,177.0
13456,2011-05-16 15:34:00,2011-11-22 09:18:00,6,765,1766.72,28.043174603174602,43,5,United Kingdom,18,190,1.2,294.4533333333333,127.5
13458,2010-12-15 12:05:00,2011-12-02 15:29:00,14,5508,9646.57,25.252801047120418,242,11,United Kingdom,7,353,1.2727272727272727,689.0407142857142,393.42857142857144
13460,2011-10-21 09:50:00,2011-11-10 17:17:00,2,286,183.44,10.790588235294118,16,2,United Kingdom,29,21,1.0,91.72,143.0
13461,2011-06-29 10:23:00,2011-11-01 09:01:00,3,1170,1445.0,53.51851851851852,14,3,United Kingdom,39,125,1.0,481.6666666666667,390.0
13462,2011-04-01 11:20:00,2011-04-01 11:20:00,1,62,151.5,16.833333333333332,9,1,United Kingdom,253,1,1.0,151.5,62.0
13464,2011-10-12 15:01:00,2011-10-12 15:01:00,1,403,674.68,16.45560975609756,41,1,United Kingdom,58,1,1.0,674.68,403.0
13466,2011-06-08 16:39:00,2011-06-08 16:39:00,1,259,307.9,18.11176470588235,17,1,United Kingdom,184,1,1.0,307.9,259.0
13467,2011-11-03 16:56:00,2011-11-29 10:01:00,2,584,1083.71,10.946565656565657,89,1,United Kingdom,11,26,2.0,541.855,292.0
13468,2010-12-01 15:08:00,2011-12-08 10:39:00,37,2589,5704.97,18.89062913907285,184,13,United Kingdom,2,372,2.8461538461538463,154.1883783783784,69.97297297297297
13470,2011-08-16 17:06:00,2011-09-01 14:57:00,2,100,165.0,16.5,7,2,United Kingdom,99,16,1.0,82.5,50.0
13471,2011-10-23 13:10:00,2011-12-08 15:44:00,4,1590,2531.58,9.736846153846153,214,3,United Kingdom,1,47,1.3333333333333333,632.895,397.5
13473,2011-01-11 08:45:00,2011-10-10 11:20:00,2,266,422.64,20.125714285714285,21,2,United Kingdom,61,273,1.0,211.32,133.0
13474,2011-04-17 13:53:00,2011-04-17 13:53:00,1,132,229.59,3.58734375,59,1,United Kingdom,236,1,1.0,229.59,132.0
13475,2011-02-14 12:36:00,2011-06-01 13:52:00,4,1012,1431.78,16.648604651162792,64,4,United Kingdom,191,108,1.0,357.945,253.0
13476,2011-03-03 14:43:00,2011-06-14 12:00:00,2,417,1238.47,21.352931034482758,56,2,United Kingdom,179,103,1.0,619.235,208.5
13477,2011-02-21 12:29:00,2011-11-02 12:04:00,6,1021,1454.58,18.41240506329114,57,6,United Kingdom,38,254,1.0,242.42999999999998,170.16666666666666
13479,2011-04-19 11:27:00,2011-05-23 10:45:00,2,134,300.95,20.063333333333333,14,2,United Kingdom,201,34,1.0,150.475,67.0
13481,2011-03-28 09:07:00,2011-10-25 09:07:00,5,1142,1804.56,16.55559633027523,98,4,United Kingdom,46,212,1.25,360.912,228.4
13482,2011-04-21 17:03:00,2011-04-21 17:03:00,1,116,184.64,16.785454545454545,11,1,United Kingdom,232,1,1.0,184.64,116.0
13483,2011-10-05 11:53:00,2011-10-05 11:53:00,1,160,140.34,14.034,10,1,United Kingdom,66,1,1.0,140.34,160.0
13484,2011-04-12 16:30:00,2011-04-12 16:30:00,1,44,313.8,39.225,8,1,United Kingdom,241,1,1.0,313.8,44.0
13485,2011-04-20 13:58:00,2011-04-20 13:58:00,1,277,454.24,19.749565217391304,23,1,United Kingdom,233,1,1.0,454.24,277.0
13486,2011-07-07 17:19:00,2011-09-22 13:13:00,3,669,1122.41,16.2668115942029,69,3,United Kingdom,78,77,1.0,374.1366666666667,223.0
13487,2010-12-21 14:54:00,2011-10-13 12:07:00,3,265,575.4,16.923529411764704,26,3,United Kingdom,58,296,1.0,191.79999999999998,88.33333333333333
13488,2010-12-07 13:01:00,2011-11-22 14:41:00,13,4518,8968.31,21.25191943127962,271,10,United Kingdom,17,351,1.3,689.87,347.53846153846155
13489,2011-02-18 10:42:00,2011-08-26 13:16:00,4,560,449.52,32.10857142857143,11,3,United Kingdom,105,190,1.3333333333333333,112.38,140.0
13491,2010-12-02 14:30:00,2011-10-19 08:32:00,10,903,1215.82,14.137441860465115,73,7,United Kingdom,52,321,1.4285714285714286,121.582,90.3
13492,2011-05-09 10:06:00,2011-07-26 14:25:00,3,408,1269.84,25.3968,38,2,Switzerland,136,79,1.5,423.28,136.0
13493,2011-02-25 16:42:00,2011-03-09 15:35:00,2,380,618.63,77.32875,6,2,Switzerland,275,12,1.0,309.315,190.0
13494,2011-02-01 11:58:00,2011-02-01 11:58:00,1,162,316.26000000000005,17.570000000000004,18,1,United Kingdom,312,1,1.0,316.26000000000005,162.0
13495,2010-12-06 15:14:00,2011-12-02 11:21:00,5,829,2044.8700000000001,42.60145833333333,34,4,United Kingdom,8,361,1.25,408.97400000000005,165.8
13496,2010-12-15 10:17:00,2011-11-29 10:58:00,2,341,653.33,18.66657142857143,28,2,United Kingdom,11,350,1.0,326.665,170.5
13497,2010-12-06 11:37:00,2011-03-02 09:04:00,2,163,348.05,18.318421052631578,19,2,United Kingdom,283,86,1.0,174.025,81.5
13499,2011-03-15 08:52:00,2011-11-22 11:21:00,5,1365,1159.11,27.59785714285714,31,4,United Kingdom,18,253,1.25,231.82199999999997,273.0
13500,2011-08-09 12:20:00,2011-11-16 15:35:00,3,609,1166.77,17.950307692307693,60,2,United Kingdom,23,100,1.5,388.92333333333335,203.0
13501,2011-02-24 18:59:00,2011-02-24 18:59:00,1,560,1340.32,25.775384615384613,52,1,Switzerland,288,1,1.0,1340.32,560.0
13502,2011-01-20 09:03:00,2011-11-23 10:39:00,3,264,292.0,16.22222222222222,17,3,United Kingdom,17,308,1.0,97.33333333333333,88.0
13503,2011-09-29 13:23:00,2011-09-29 13:23:00,1,248,216.85,12.755882352941176,17,1,United Kingdom,71,1,1.0,216.85,248.0
13504,2011-10-06 13:20:00,2011-10-06 13:20:00,1,178,295.93,13.451363636363636,22,1,United Kingdom,64,1,1.0,295.93,178.0
13505,2011-04-21 12:07:00,2011-09-28 11:56:00,4,2486,4393.63,20.435488372093022,182,4,Switzerland,73,160,1.0,1098.4075,621.5
13506,2010-12-05 12:15:00,2011-01-27 13:53:00,2,324,458.52,17.635384615384616,26,2,United Kingdom,316,54,1.0,229.26,162.0
13507,2011-07-17 11:50:00,2011-12-06 13:13:00,4,1597,2479.16,15.303456790123455,146,4,United Kingdom,3,143,1.0,619.79,399.25
13508,2011-04-10 11:58:00,2011-04-10 11:58:00,1,24,110.97,9.2475,12,1,United Kingdom,244,1,1.0,110.97,24.0
13509,2011-02-28 13:27:00,2011-12-01 10:10:00,7,1106,979.72,22.266363636363636,27,6,United Kingdom,9,276,1.1666666666666667,139.96,158.0
13510,2011-06-09 09:32:00,2011-12-08 13:46:00,4,1386,1791.56,15.578782608695652,86,4,United Kingdom,1,183,1.0,447.89,346.5
13512,2011-03-24 10:03:00,2011-03-24 10:03:00,1,143,251.21,16.747333333333334,15,1,United Kingdom,261,1,1.0,251.21,143.0
13513,2011-08-05 11:50:00,2011-08-05 11:50:00,1,109,205.1,20.509999999999998,10,1,United Kingdom,127,1,1.0,205.1,109.0
13514,2011-09-27 09:39:00,2011-09-27 09:39:00,1,40,152.20000000000002,38.050000000000004,4,1,United Kingdom,74,1,1.0,152.20000000000002,40.0
13515,2011-04-06 10:33:00,2011-09-28 11:26:00,4,681,891.12,15.103728813559322,50,4,United Kingdom,73,176,1.0,222.78,170.25
13516,2011-04-15 11:06:00,2011-11-18 13:15:00,3,985,1389.41,31.5775,43,3,United Kingdom,21,218,1.0,463.1366666666667,328.3333333333333
13517,2011-06-13 08:44:00,2011-10-11 11:43:00,3,1369,2128.42,15.09517730496454,125,3,United Kingdom,60,121,1.0,709.4733333333334,456.3333333333333
13518,2011-09-15 10:29:00,2011-09-15 10:29:00,1,392,659.4399999999999,17.353684210526314,36,1,United Kingdom,86,1,1.0,659.4399999999999,392.0
13519,2011-09-22 18:24:00,2011-09-22 18:24:00,1,23,122.75,15.34375,8,1,United Kingdom,78,1,1.0,122.75,23.0
13520,2010-12-03 10:36:00,2011-10-12 10:20:00,6,1649,3624.35,38.97150537634408,49,6,Switzerland,59,313,1.0,604.0583333333333,274.8333333333333
13521,2011-11-29 15:09:00,2011-12-08 13:50:00,3,736,1093.65,2.508371559633028,313,2,United Kingdom,1,9,1.5,364.55,245.33333333333334
13522,2011-11-09 15:11:00,2011-11-09 15:11:00,1,44,125.80000000000001,25.160000000000004,5,1,United Kingdom,30,1,1.0,125.80000000000001,44.0
13523,2010-12-08 14:22:00,2011-11-06 15:11:00,5,1752,3964.88,23.051627906976744,157,4,United Kingdom,33,334,1.25,792.976,350.4
13524,2011-05-04 12:26:00,2011-10-30 12:34:00,5,324,680.1800000000001,25.191851851851855,17,5,United Kingdom,41,180,1.0,136.036,64.8
13525,2011-04-05 15:36:00,2011-11-25 12:01:00,2,394,628.78,104.79666666666667,5,2,United Kingdom,15,234,1.0,314.39,197.0
13527,2011-01-17 11:17:00,2011-11-06 12:04:00,7,1692,2287.51,10.257892376681616,153,5,United Kingdom,34,294,1.4,326.7871428571429,241.71428571428572
13529,2011-05-19 11:50:00,2011-09-22 09:15:00,2,74,307.76,20.517333333333333,15,2,United Kingdom,79,126,1.0,153.88,37.0
13531,2010-12-08 15:03:00,2011-05-18 16:56:00,2,174,483.8,21.990909090909092,17,2,United Kingdom,205,162,1.0,241.9,87.0
13532,2011-11-06 12:25:00,2011-11-06 12:25:00,1,129,210.31,3.1865151515151515,66,1,United Kingdom,34,1,1.0,210.31,129.0
13533,2011-03-17 12:47:00,2011-06-10 11:54:00,3,204,270.79,3.563026315789474,61,2,United Kingdom,183,85,1.5,90.26333333333334,68.0
13534,2010-12-16 15:23:00,2011-12-07 14:52:00,25,2961,5870.08,19.83135135135135,119,12,United Kingdom,2,356,2.0833333333333335,234.8032,118.44
13536,2011-09-25 13:30:00,2011-12-08 16:38:00,7,2136,3448.29,19.264189944134078,91,4,United Kingdom,1,75,1.75,492.61285714285714,305.14285714285717
13538,2011-01-28 10:40:00,2011-10-27 16:34:00,7,175,1280.85,51.233999999999995,10,7,United Kingdom,43,273,1.0,182.97857142857143,25.0
13539,2011-02-03 15:23:00,2011-09-15 10:18:00,3,320,631.34,17.063243243243242,35,3,United Kingdom,86,224,1.0,210.4466666666667,106.66666666666667
13544,2011-04-13 12:09:00,2011-10-31 11:57:00,2,127,291.41,3.349540229885058,76,2,United Kingdom,40,201,1.0,145.705,63.5
13546,2011-05-23 12:14:00,2011-11-27 14:50:00,3,359,626.99,6.397857142857143,72,3,United Kingdom,12,189,1.0,208.99666666666667,119.66666666666667
13548,2011-04-10 11:35:00,2011-09-04 14:50:00,2,441,682.41,5.503306451612903,114,2,United Kingdom,96,148,1.0,341.205,220.5
13549,2011-04-11 13:42:00,2011-11-14 09:20:00,7,458,918.2,18.00392156862745,37,5,United Kingdom,26,217,1.4,131.17142857142858,65.42857142857143
13551,2011-01-24 14:46:00,2011-01-24 14:46:00,1,12,91.80000000000001,22.950000000000003,4,1,United Kingdom,319,1,1.0,91.80000000000001,12.0
13552,2011-01-28 10:10:00,2011-10-04 15:19:00,12,1417,3740.07,34.31256880733945,82,7,United Kingdom,66,250,1.7142857142857142,311.6725,118.08333333333333
13555,2011-05-22 11:06:00,2011-09-27 12:36:00,4,2660,4149.28,30.50941176470588,128,2,United Kingdom,74,129,2.0,1037.32,665.0
13557,2011-03-04 12:14:00,2011-11-11 15:24:00,2,546,584.06,17.178235294117645,31,2,United Kingdom,28,253,1.0,292.03,273.0
13558,2011-10-02 13:01:00,2011-12-04 11:24:00,4,344,605.06,3.457485714285714,123,3,United Kingdom,6,63,1.3333333333333333,151.265,86.0
13560,2011-12-02 13:11:00,2011-12-02 13:11:00,1,64,174.37,5.283939393939394,32,1,United Kingdom,7,1,1.0,174.37,64.0
13561,2011-05-08 12:39:00,2011-05-08 12:39:00,1,83,141.85999999999999,10.132857142857143,14,1,United Kingdom,216,1,1.0,141.85999999999999,83.0
13562,2011-04-08 12:42:00,2011-09-19 10:51:00,3,757,1799.33,21.943048780487803,50,3,United Kingdom,82,164,1.0,599.7766666666666,252.33333333333334
13563,2011-07-22 17:21:00,2011-09-16 14:45:00,2,209,777.53,15.867959183673468,49,2,United Kingdom,84,56,1.0,388.765,104.5
13564,2010-12-06 17:26:00,2011-07-18 14:33:00,3,661,1749.02,21.07253012048193,68,2,United Kingdom,144,224,1.5,583.0066666666667,220.33333333333334
13565,2011-01-09 14:28:00,2011-11-20 14:33:00,2,172,240.22,6.321578947368421,35,2,United Kingdom,19,316,1.0,120.11,86.0
13566,2011-09-18 12:40:00,2011-10-30 11:59:00,2,575,874.71,4.969943181818182,134,2,United Kingdom,41,42,1.0,437.355,287.5
13568,2011-06-19 14:42:00,2011-06-19 14:42:00,1,70,192.85,4.382954545454545,41,1,United Kingdom,173,1,1.0,192.85,70.0
13569,2010-12-07 12:29:00,2011-11-22 13:07:00,2,164,373.75,4.397058823529412,73,2,United Kingdom,17,351,1.0,186.875,82.0
13570,2011-04-10 13:36:00,2011-04-10 13:36:00,1,161,239.49,8.870000000000001,27,1,United Kingdom,243,1,1.0,239.49,161.0
13571,2011-03-31 12:43:00,2011-11-27 10:47:00,12,1759,2092.32,6.1358357771261005,157,9,United Kingdom,13,241,1.3333333333333333,174.36,146.58333333333334
13572,2011-05-18 11:59:00,2011-05-18 11:59:00,1,534,1384.25,41.946969696969695,32,1,United Kingdom,206,1,1.0,1384.25,534.0
13573,2011-03-31 14:47:00,2011-10-20 14:33:00,2,303,294.4,11.323076923076922,24,2,United Kingdom,50,203,1.0,147.2,151.5
13575,2011-06-16 14:24:00,2011-11-16 13:14:00,5,449,732.0699999999999,15.914565217391303,41,5,United Kingdom,23,153,1.0,146.414,89.8
13576,2010-12-01 17:24:00,2011-11-29 15:34:00,18,2646,6717.34,53.312222222222225,78,12,United Kingdom,10,363,1.5,373.18555555555554,147.0
13577,2011-04-12 10:33:00,2011-11-14 15:19:00,4,791,1687.6000000000001,20.33253012048193,61,4,United Kingdom,25,217,1.0,421.90000000000003,197.75
13579,2010-12-05 16:10:00,2011-11-25 08:41:00,2,176,467.04,20.30608695652174,19,2,United Kingdom,15,355,1.0,233.52,88.0
13581,2011-02-03 14:41:00,2011-02-03 14:41:00,1,30,118.0,11.8,10,1,United Kingdom,309,1,1.0,118.0,30.0
13583,2011-07-07 10:40:00,2011-07-07 10:40:00,1,725,781.03,14.736415094339621,53,1,United Kingdom,156,1,1.0,781.03,725.0
13584,2011-02-06 12:49:00,2011-02-06 12:49:00,1,37,142.4,5.933333333333334,24,1,United Kingdom,307,1,1.0,142.4,37.0
13587,2011-10-07 12:31:00,2011-10-07 12:31:00,1,180,712.4,89.05,8,1,United Kingdom,64,1,1.0,712.4,180.0
13588,2011-03-29 15:53:00,2011-11-24 10:42:00,9,2606,2478.95,14.246839080459768,131,6,United Kingdom,16,240,1.5,275.43888888888887,289.55555555555554
13589,2011-06-13 12:44:00,2011-11-25 12:10:00,2,114,379.65,18.07857142857143,21,2,United Kingdom,15,165,1.0,189.825,57.0
13590,2011-02-09 13:25:00,2011-11-28 12:54:00,6,1848,1981.92,22.780689655172413,70,6,United Kingdom,11,292,1.0,330.32,308.0
13591,2011-03-18 12:18:00,2011-10-06 12:26:00,3,485,1117.13,19.26086206896552,56,3,United Kingdom,65,203,1.0,372.3766666666667,161.66666666666666
13592,2011-03-20 14:01:00,2011-11-04 09:49:00,4,84,247.95999999999998,15.497499999999999,15,3,United Kingdom,36,229,1.3333333333333333,61.989999999999995,21.0
13593,2011-01-07 16:32:00,2011-08-23 13:35:00,5,731,2037.0800000000002,15.914687500000001,77,4,United Kingdom,108,228,1.25,407.41600000000005,146.2
13594,2011-10-18 10:19:00,2011-10-18 10:19:00,1,359,396.97,15.268076923076924,26,1,United Kingdom,53,1,1.0,396.97,359.0
13596,2011-11-27 11:57:00,2011-12-04 12:01:00,2,406,697.04,4.199036144578313,133,2,United Kingdom,6,8,1.0,348.52,203.0
13598,2011-10-23 14:28:00,2011-10-23 14:28:00,1,58,180.17000000000002,4.504250000000001,33,1,United Kingdom,47,1,1.0,180.17000000000002,58.0
13599,2010-12-08 10:11:00,2011-12-08 16:10:00,21,3294,5153.67,20.86506072874494,171,9,United Kingdom,1,366,2.3333333333333335,245.41285714285715,156.85714285714286
13600,2011-01-31 15:27:00,2011-01-31 15:27:00,1,324,219.52,11.553684210526317,19,1,United Kingdom,312,1,1.0,219.52,324.0
13601,2011-05-12 16:52:00,2011-10-25 17:31:00,2,548,693.32,7.003232323232324,90,2,United Kingdom,45,167,1.0,346.66,274.0
13602,2011-10-06 11:47:00,2011-10-06 11:47:00,1,267,428.89,18.647391304347824,23,1,United Kingdom,65,1,1.0,428.89,267.0
13603,2011-11-13 15:57:00,2011-11-13 15:57:00,1,164,164.34,6.086666666666667,27,1,United Kingdom,26,1,1.0,164.34,164.0
13606,2011-02-01 11:42:00,2011-11-10 17:46:00,3,279,280.53999999999996,6.524186046511627,40,3,United Kingdom,29,283,1.0,93.51333333333332,93.0
13607,2011-10-30 16:17:00,2011-10-30 16:17:00,1,290,678.01,6.918469387755102,93,1,United Kingdom,40,1,1.0,678.01,290.0
13610,2011-02-27 14:44:00,2011-11-27 15:38:00,7,516,1131.88,5.008318584070797,165,7,United Kingdom,12,274,1.0,161.69714285714286,73.71428571428571
13611,2010-12-15 10:31:00,2011-09-11 14:51:00,3,766,1171.8,15.835135135135134,67,3,United Kingdom,89,271,1.0,390.59999999999997,255.33333333333334
13614,2011-01-13 12:37:00,2011-11-15 14:47:00,4,570,1610.46,8.01223880597015,171,4,United Kingdom,24,307,1.0,402.615,142.5
13615,2011-01-25 08:21:00,2011-01-25 08:21:00,1,189,417.69,18.160434782608696,23,1,United Kingdom,319,1,1.0,417.69,189.0
13617,2011-06-12 12:55:00,2011-10-30 13:50:00,3,300,544.18,12.367727272727272,31,3,United Kingdom,40,141,1.0,181.39333333333332,100.0
13618,2011-06-19 11:09:00,2011-06-19 11:09:00,1,246,177.34,13.641538461538461,13,1,United Kingdom,174,1,1.0,177.34,246.0
13621,2011-08-15 08:26:00,2011-08-15 08:26:00,1,343,213.85,11.255263157894737,19,1,United Kingdom,117,1,1.0,213.85,343.0
13623,2011-02-15 13:08:00,2011-11-09 12:00:00,5,294,747.78,9.231851851851852,75,5,United Kingdom,31,267,1.0,149.55599999999998,58.8
13626,2011-04-01 10:05:00,2011-04-01 10:05:00,1,209,257.23,13.53842105263158,19,1,United Kingdom,253,1,1.0,257.23,209.0
13627,2010-12-17 09:52:00,2011-10-11 14:20:00,5,1269,1638.47,17.80945652173913,84,5,United Kingdom,59,299,1.0,327.694,253.8
13629,2011-01-05 12:09:00,2011-11-16 13:21:00,11,4372,7792.36,132.07389830508475,28,9,United Kingdom,23,316,1.2222222222222223,708.3963636363636,397.45454545454544
13630,2011-02-27 12:49:00,2011-12-04 15:16:00,7,1391,2031.78,28.61661971830986,51,6,United Kingdom,5,281,1.1666666666666667,290.2542857142857,198.71428571428572
13631,2011-03-17 17:13:00,2011-09-01 09:57:00,11,467,3070.42,279.1290909090909,6,5,United Kingdom,100,168,2.2,279.1290909090909,42.45454545454545
13632,2011-04-10 15:07:00,2011-11-15 10:51:00,5,1037,2121.27,14.529246575342466,121,4,United Kingdom,25,219,1.25,424.254,207.4
13634,2011-01-16 15:30:00,2011-11-06 13:40:00,5,704,1575.16,8.378510638297874,156,5,United Kingdom,33,294,1.0,315.03200000000004,140.8
13635,2011-10-03 10:55:00,2011-10-03 10:55:00,1,677,1071.03,17.274677419354838,62,1,United Kingdom,68,1,1.0,1071.03,677.0
13636,2011-02-27 14:29:00,2011-11-03 10:30:00,5,592,949.12,15.065396825396826,57,5,United Kingdom,37,249,1.0,189.824,118.4
13637,2011-04-27 13:06:00,2011-10-18 13:32:00,3,409,810.5,8.024752475247524,79,3,United Kingdom,52,175,1.0,270.1666666666667,136.33333333333334
13638,2011-11-24 10:38:00,2011-11-24 10:38:00,1,93,122.64,15.33,8,1,United Kingdom,16,1,1.0,122.64,93.0
13639,2011-09-26 13:36:00,2011-09-26 13:36:00,1,800,1033.34,25.833499999999997,39,1,United Kingdom,74,1,1.0,1033.34,800.0
13642,2011-05-08 12:34:00,2011-05-08 12:34:00,1,173,354.8,5.375757575757576,57,1,United Kingdom,216,1,1.0,354.8,173.0
13643,2011-06-07 11:40:00,2011-11-08 15:37:00,3,273,519.44,18.551428571428573,24,3,United Kingdom,31,155,1.0,173.14666666666668,91.0
13644,2011-08-26 11:53:00,2011-11-23 14:07:00,4,2067,2624.26,17.974383561643837,144,4,United Kingdom,16,90,1.0,656.065,516.75
13645,2011-08-11 16:11:00,2011-08-11 16:11:00,1,158,252.1,50.42,5,1,United Kingdom,120,1,1.0,252.1,158.0
13647,2011-04-19 09:49:00,2011-11-30 12:00:00,4,895,1678.1200000000001,21.2420253164557,65,4,United Kingdom,10,226,1.0,419.53000000000003,223.75
13649,2010-12-08 14:46:00,2011-03-28 11:51:00,2,139,346.6,15.069565217391306,23,2,United Kingdom,257,110,1.0,173.3,69.5
13650,2011-03-17 12:37:00,2011-11-23 12:22:00,6,922,1836.34,19.128541666666667,79,5,United Kingdom,17,251,1.2,306.0566666666667,153.66666666666666
13651,2011-10-31 12:11:00,2011-11-04 14:59:00,2,33,94.2,15.700000000000001,6,2,United Kingdom,35,5,1.0,47.1,16.5
13652,2010-12-06 09:21:00,2011-10-25 08:51:00,3,578,1095.08,17.38222222222222,48,3,United Kingdom,46,323,1.0,365.02666666666664,192.66666666666666
13654,2011-03-11 12:54:00,2011-10-27 16:24:00,6,2182,2707.33,16.30921686746988,157,5,United Kingdom,43,231,1.2,451.22166666666664,363.6666666666667
13655,2011-04-12 09:53:00,2011-08-17 14:25:00,2,605,932.97,16.66017857142857,52,2,United Kingdom,114,128,1.0,466.485,302.5
13656,2011-01-06 15:42:00,2011-06-28 10:31:00,2,490,379.65,7.747959183673469,49,2,United Kingdom,165,173,1.0,189.825,245.0
13657,2011-05-22 12:35:00,2011-11-29 12:32:00,2,209,382.14,23.88375,16,2,United Kingdom,11,191,1.0,191.07,104.5
13658,2011-05-19 17:15:00,2011-11-30 10:13:00,5,1019,2639.17,24.43675925925926,91,3,United Kingdom,10,195,1.6666666666666667,527.8340000000001,203.8
13659,2011-01-23 12:08:00,2011-05-18 12:37:00,2,894,1573.2,15.126923076923077,92,2,United Kingdom,206,116,1.0,786.6,447.0
13662,2011-03-25 13:23:00,2011-09-15 12:04:00,3,543,897.76,16.938867924528303,50,3,United Kingdom,86,174,1.0,299.25333333333333,181.0
13663,2011-06-13 15:44:00,2011-06-13 15:44:00,1,91,189.47,14.574615384615385,13,1,United Kingdom,179,1,1.0,189.47,91.0
13666,2011-02-25 13:05:00,2011-10-10 15:39:00,3,41,84.65,7.054166666666667,12,2,United Kingdom,60,228,1.5,28.21666666666667,13.666666666666666
13667,2011-07-13 15:42:00,2011-07-13 15:42:00,1,154,305.02,3.505977011494253,82,1,United Kingdom,149,1,1.0,305.02,154.0
13668,2010-12-12 12:35:00,2011-12-07 12:11:00,21,3742,6363.59,13.539553191489363,284,12,United Kingdom,3,360,1.75,303.02809523809526,178.1904761904762
13669,2011-07-13 11:44:00,2011-10-20 09:32:00,2,237,218.55,24.283333333333335,9,2,United Kingdom,51,99,1.0,109.275,118.5
13670,2011-09-25 15:25:00,2011-09-25 15:25:00,1,282,349.7,13.988,25,1,United Kingdom,75,1,1.0,349.7,282.0
13672,2011-01-11 13:54:00,2011-02-11 13:53:00,2,57,186.39000000000001,31.065,4,2,United Kingdom,301,31,1.0,93.19500000000001,28.5
13673,2011-11-07 15:40:00,2011-11-21 12:11:00,2,119,396.92,6.106461538461539,47,1,United Kingdom,19,14,2.0,198.46,59.5
13675,2011-02-28 12:14:00,2011-07-11 12:57:00,2,330,486.82000000000005,19.472800000000003,25,2,United Kingdom,151,134,1.0,243.41000000000003,165.0
13678,2011-07-11 10:14:00,2011-07-11 10:14:00,1,924,232.6,14.5375,16,1,United Kingdom,152,1,1.0,232.6,924.0
13680,2011-01-04 14:12:00,2011-12-08 13:47:00,4,1936,3722.42,19.089333333333332,164,3,United Kingdom,1,338,1.3333333333333333,930.605,484.0
13681,2011-07-07 15:21:00,2011-11-22 11:13:00,4,360,827.83,14.523333333333333,37,3,United Kingdom,18,138,1.3333333333333333,206.9575,90.0
13682,2011-06-05 14:06:00,2011-06-05 14:06:00,1,10,59.5,19.833333333333332,3,1,United Kingdom,187,1,1.0,59.5,10.0
13684,2011-02-27 10:13:00,2011-02-27 10:13:00,1,39,67.23,2.241,29,1,United Kingdom,286,1,1.0,67.23,39.0
13685,2011-10-10 12:59:00,2011-12-07 11:41:00,7,5056,3119.44,79.98564102564103,29,2,United Kingdom,3,58,3.5,445.63428571428574,722.2857142857143
13686,2011-06-10 09:10:00,2011-06-10 09:10:00,1,70,72.0,9.0,8,1,United Kingdom,183,1,1.0,72.0,70.0
13689,2011-10-07 13:21:00,2011-10-07 13:21:00,1,512,910.0,151.66666666666666,6,1,United Kingdom,63,1,1.0,910.0,512.0
13690,2011-10-11 15:03:00,2011-10-11 15:03:00,1,67,172.25,19.13888888888889,9,1,United Kingdom,59,1,1.0,172.25,67.0
13692,2011-04-17 12:57:00,2011-11-15 11:17:00,3,1226,1488.32,28.081509433962264,48,3,United Kingdom,25,212,1.0,496.1066666666666,408.6666666666667
13694,2010-12-01 12:12:00,2011-12-06 09:32:00,50,63312,65039.62,114.50637323943663,366,13,United Kingdom,4,370,3.8461538461538463,1300.7924,1266.24
13695,2011-03-25 11:31:00,2011-11-08 14:26:00,15,1603,2504.13,27.823666666666668,46,9,United Kingdom,31,229,1.6666666666666667,166.942,106.86666666666666
13697,2011-11-01 09:14:00,2011-11-01 09:14:00,1,177,151.29999999999998,12.608333333333333,12,1,United Kingdom,39,1,1.0,151.29999999999998,177.0
13699,2011-07-07 16:51:00,2011-07-07 16:51:00,1,66,308.58000000000004,22.041428571428575,14,1,United Kingdom,155,1,1.0,308.58000000000004,66.0
13700,2011-01-16 13:18:00,2011-11-13 13:00:00,10,2304,2265.12,11.498071065989848,139,7,United Kingdom,26,301,1.4285714285714286,226.512,230.4
13703,2011-01-25 13:10:00,2011-01-25 13:10:00,1,10,99.5,99.5,1,1,United Kingdom,318,1,1.0,99.5,10.0
13704,2011-09-12 14:40:00,2011-12-04 15:13:00,9,1531,2308.06,17.224328358208954,111,4,United Kingdom,5,84,2.25,256.4511111111111,170.11111111111111
13705,2010-12-01 10:29:00,2011-12-02 12:32:00,3,363,711.86,25.423571428571428,25,3,United Kingdom,8,367,1.0,237.28666666666666,121.0
13706,2011-02-10 09:21:00,2011-02-10 09:21:00,1,189,330.79,16.5395,20,1,United Kingdom,303,1,1.0,330.79,189.0
13707,2011-01-28 13:27:00,2011-03-17 18:03:00,2,351,806.41,16.800208333333334,48,2,United Kingdom,267,49,1.0,403.205,175.5
13708,2011-03-13 13:46:00,2011-03-13 13:46:00,1,306,296.88,5.821176470588235,49,1,United Kingdom,271,1,1.0,296.88,306.0
13709,2011-01-28 14:57:00,2011-12-06 10:28:00,13,3516,6328.05,18.833482142857143,244,6,United Kingdom,4,312,2.1666666666666665,486.7730769230769,270.46153846153845
13710,2011-11-08 08:16:00,2011-11-08 08:16:00,1,176,180.48,22.56,8,1,United Kingdom,32,1,1.0,180.48,176.0
13711,2011-05-05 10:29:00,2011-05-05 10:31:00,2,140,252.06,19.38923076923077,11,1,United Kingdom,219,1,2.0,126.03,70.0
13712,2011-04-07 12:33:00,2011-04-07 12:33:00,1,352,228.84,22.884,10,1,United Kingdom,247,1,1.0,228.84,352.0
13715,2010-12-02 08:52:00,2011-03-03 19:21:00,5,563,1079.34,10.279428571428571,89,3,United Kingdom,281,92,1.6666666666666667,215.868,112.6
13716,2011-03-15 13:49:00,2011-03-15 13:49:00,1,138,138.28,6.584761904761905,21,1,United Kingdom,269,1,1.0,138.28,138.0
13717,2011-02-14 13:21:00,2011-11-07 14:13:00,6,1959,1445.01,14.166764705882352,92,6,United Kingdom,32,267,1.0,240.835,326.5
13718,2011-02-17 11:58:00,2011-04-07 13:24:00,2,173,306.55,25.545833333333334,9,2,United Kingdom,246,50,1.0,153.275,86.5
13719,2011-04-19 13:56:00,2011-11-24 15:26:00,5,609,1041.68,17.361333333333334,56,4,United Kingdom,15,220,1.25,208.336,121.8
13720,2011-03-30 09:17:00,2011-08-15 12:46:00,4,501,799.9,18.60232558139535,42,4,United Kingdom,117,139,1.0,199.975,125.25
13721,2011-11-03 14:05:00,2011-11-03 14:05:00,1,316,524.14,18.719285714285714,28,1,United Kingdom,36,1,1.0,524.14,316.0
13722,2011-03-02 11:43:00,2011-07-31 12:44:00,3,1401,2375.41,27.945999999999998,75,2,United Kingdom,132,152,1.5,791.8033333333333,467.0
13723,2011-05-06 17:04:00,2011-05-06 17:04:00,1,43,199.85000000000002,33.30833333333334,6,1,United Kingdom,217,1,1.0,199.85000000000002,43.0
13725,2011-02-04 12:18:00,2011-10-21 10:03:00,8,806,1980.56,19.043846153846154,95,5,United Kingdom,50,259,1.6,247.57,100.75
13726,2011-08-31 11:06:00,2011-11-01 10:49:00,2,1054,1079.6599999999999,25.70619047619047,39,2,United Kingdom,39,62,1.0,539.8299999999999,527.0
13727,2011-11-06 12:16:00,2011-11-11 09:46:00,2,162,333.48,16.674,19,1,United Kingdom,29,5,2.0,166.74,81.0
13728,2011-02-02 12:09:00,2011-11-03 10:49:00,6,458,1016.14,16.12920634920635,38,6,United Kingdom,37,274,1.0,169.35666666666665,76.33333333333333
13730,2011-07-01 12:47:00,2011-07-27 08:35:00,2,488,752.6,17.50232558139535,38,1,United Kingdom,136,26,2.0,376.3,244.0
13731,2011-04-07 10:10:00,2011-05-04 14:33:00,2,278,610.59,16.068157894736842,36,2,United Kingdom,219,28,1.0,305.295,139.0
13732,2011-11-11 15:49:00,2011-11-11 15:49:00,1,498,491.86,14.904848484848486,33,1,United Kingdom,28,1,1.0,491.86,498.0
13735,2011-04-19 13:49:00,2011-11-15 11:14:00,4,1130,2885.2400000000002,14.72061224489796,158,4,United Kingdom,25,210,1.0,721.3100000000001,282.5
13736,2011-03-24 13:04:00,2011-12-04 15:19:00,2,497,731.9,3.831937172774869,166,2,United Kingdom,5,256,1.0,365.95,248.5
13737,2011-05-23 16:32:00,2011-05-23 16:32:00,1,125,339.59999999999997,11.319999999999999,29,1,United Kingdom,200,1,1.0,339.59999999999997,125.0
13739,2011-11-21 13:35:00,2011-11-21 13:35:00,1,54,216.9,72.3,3,1,United Kingdom,18,1,1.0,216.9,54.0
13740,2011-04-13 10:32:00,2011-04-13 10:32:00,1,425,350.75,15.25,23,1,United Kingdom,241,1,1.0,350.75,425.0
13741,2011-05-06 13:43:00,2011-09-29 09:19:00,3,218,668.4300000000001,19.65970588235294,34,3,United Kingdom,72,146,1.0,222.81000000000003,72.66666666666667
13742,2011-01-23 14:59:00,2011-11-23 11:07:00,12,1124,3131.02,9.753956386292835,200,7,United Kingdom,17,304,1.7142857142857142,260.91833333333335,93.66666666666667
13743,2011-03-25 14:46:00,2011-12-07 10:09:00,7,1776,1341.6,32.72195121951219,8,6,United Kingdom,3,257,1.1666666666666667,191.65714285714284,253.71428571428572
13744,2011-02-20 14:08:00,2011-09-05 15:19:00,2,1249,1156.36,16.060555555555553,54,2,United Kingdom,95,198,1.0,578.18,624.5
13745,2011-06-30 16:43:00,2011-06-30 16:43:00,1,496,300.04,12.001600000000002,25,1,United Kingdom,162,1,1.0,300.04,496.0
13747,2010-12-01 10:37:00,2010-12-01 10:37:00,1,8,79.6,79.6,1,1,United Kingdom,374,1,1.0,79.6,8.0
13748,2010-12-01 09:00:00,2011-09-05 09:45:00,5,439,948.25,33.86607142857143,24,3,United Kingdom,96,279,1.6666666666666667,189.65,87.8
13750,2011-01-07 11:49:00,2011-10-17 12:16:00,5,516,1647.26,68.63583333333334,20,5,United Kingdom,54,284,1.0,329.452,103.2
13751,2011-02-24 15:56:00,2011-02-24 15:56:00,1,152,296.25,32.916666666666664,9,1,United Kingdom,288,1,1.0,296.25,152.0
13752,2011-04-07 12:04:00,2011-08-07 14:16:00,6,876,1186.28,15.608947368421052,64,5,United Kingdom,124,123,1.2,197.71333333333334,146.0
13753,2011-02-25 12:48:00,2011-02-25 12:48:00,1,512,741.26,21.178857142857144,35,1,United Kingdom,288,1,1.0,741.26,512.0
13754,2011-01-26 14:58:00,2011-07-11 11:51:00,2,214,282.59999999999997,23.549999999999997,11,2,United Kingdom,152,166,1.0,141.29999999999998,107.0
13755,2011-10-07 15:45:00,2011-12-06 12:26:00,9,1264,2161.35,6.319736842105263,232,3,United Kingdom,4,60,3.0,240.14999999999998,140.44444444444446
13756,2010-12-07 11:41:00,2011-12-07 16:44:00,14,3188,5189.52,36.54591549295775,66,9,United Kingdom,2,366,1.5555555555555556,370.68,227.71428571428572
13758,2010-12-01 12:08:00,2011-11-28 11:11:00,7,1844,3190.55,27.26965811965812,104,5,United Kingdom,12,362,1.4,455.79285714285714,263.42857142857144
13759,2011-09-29 15:40:00,2011-11-06 14:47:00,2,287,659.4100000000001,26.376400000000004,24,2,United Kingdom,33,38,1.0,329.70500000000004,143.5
13760,2011-03-28 12:52:00,2011-10-16 16:13:00,2,197,286.79,5.03140350877193,50,2,United Kingdom,54,203,1.0,143.395,98.5
13761,2011-06-13 08:43:00,2011-10-20 14:01:00,2,642,1070.65,15.295000000000002,68,2,United Kingdom,50,130,1.0,535.325,321.0
13762,2011-05-05 09:15:00,2011-05-05 09:15:00,1,272,306.72,43.81714285714286,7,1,United Kingdom,219,1,1.0,306.72,272.0
13763,2011-10-07 15:13:00,2011-10-07 15:13:00,1,728,1714.96,114.33066666666667,15,1,United Kingdom,63,1,1.0,1714.96,728.0
13764,2011-01-06 14:53:00,2011-09-30 12:03:00,3,932,1521.76,7.3161538461538465,183,3,United Kingdom,71,267,1.0,507.25333333333333,310.6666666666667
13767,2010-12-01 10:47:00,2011-12-07 15:00:00,37,7322,17220.36,46.79445652173913,55,12,United Kingdom,2,372,3.0833333333333335,465.41513513513513,197.8918918918919
13769,2010-12-07 13:28:00,2011-12-07 15:08:00,10,1163,2796.51,20.71488888888889,73,9,United Kingdom,2,366,1.1111111111111112,279.651,116.3
13771,2011-04-06 15:47:00,2011-10-06 14:18:00,4,1477,2634.45,22.138235294117646,114,3,United Kingdom,64,183,1.3333333333333333,658.6125,369.25
13772,2011-04-14 12:31:00,2011-11-06 11:43:00,3,546,1132.13,6.396214689265538,141,3,United Kingdom,34,206,1.0,377.3766666666667,182.0
13774,2011-09-19 12:06:00,2011-09-19 12:06:00,1,192,345.0,15.681818181818182,22,1,United Kingdom,82,1,1.0,345.0,192.0
13777,2010-12-01 16:01:00,2011-12-09 12:25:00,33,12897,25977.16,131.86375634517768,36,13,United Kingdom,1,373,2.5384615384615383,787.1866666666666,390.8181818181818
13778,2011-08-28 15:25:00,2011-08-28 15:25:00,1,70,178.7,19.855555555555554,9,1,United Kingdom,103,1,1.0,178.7,70.0
13780,2011-06-22 11:43:00,2011-12-02 13:49:00,2,318,360.01,6.315964912280702,56,2,United Kingdom,7,164,1.0,180.005,159.0
13781,2011-04-03 12:08:00,2011-04-03 12:08:00,1,30,127.84,7.5200000000000005,17,1,United Kingdom,251,1,1.0,127.84,30.0
13782,2011-01-16 11:08:00,2011-11-27 11:54:00,6,371,912.0,7.930434782608696,96,5,United Kingdom,13,316,1.2,152.0,61.833333333333336
13784,2011-01-11 14:38:00,2011-11-30 09:33:00,11,2493,2462.79,79.44483870967741,9,9,United Kingdom,10,323,1.2222222222222223,223.89,226.63636363636363
13786,2010-12-07 13:53:00,2010-12-07 13:53:00,1,136,230.39999999999998,32.91428571428571,7,1,United Kingdom,367,1,1.0,230.39999999999998,136.0
13787,2010-12-10 14:45:00,2011-09-25 12:06:00,2,337,309.04,9.969032258064518,24,2,United Kingdom,76,289,1.0,154.52,168.5
13790,2011-12-05 15:48:00,2011-12-05 15:48:00,1,748,348.8,7.751111111111111,45,1,United Kingdom,4,1,1.0,348.8,748.0
13791,2011-06-24 16:38:00,2011-08-04 11:44:00,2,1200,1516.0,137.8181818181818,7,2,United Kingdom,128,41,1.0,758.0,600.0
13792,2011-02-25 14:03:00,2011-10-04 14:31:00,2,92,195.55,15.042307692307693,13,2,United Kingdom,66,222,1.0,97.775,46.0
13798,2010-12-02 17:24:00,2011-12-08 15:51:00,57,23948,37153.85,106.4580229226361,113,13,United Kingdom,1,371,4.384615384615385,651.8219298245614,420.140350877193
13799,2011-02-18 14:18:00,2011-08-15 12:07:00,2,402,688.86,17.663076923076922,32,2,United Kingdom,117,178,1.0,344.43,201.0
13800,2011-02-03 12:27:00,2011-02-03 12:27:00,1,331,558.32,16.91878787878788,33,1,United Kingdom,310,1,1.0,558.32,331.0
13801,2011-10-04 10:15:00,2011-10-04 10:15:00,1,168,324.8,14.121739130434783,23,1,United Kingdom,67,1,1.0,324.8,168.0
13802,2011-02-01 12:03:00,2011-07-24 10:54:00,3,2572,4599.42,76.657,55,3,United Kingdom,139,173,1.0,1533.14,857.3333333333334
13803,2011-03-29 12:57:00,2011-03-29 12:57:00,1,121,277.07,16.298235294117646,17,1,United Kingdom,255,1,1.0,277.07,121.0
13804,2011-02-23 09:09:00,2011-11-09 12:32:00,7,1498,2635.79,19.23934306569343,124,4,United Kingdom,31,260,1.75,376.5414285714286,214.0
13805,2011-08-02 15:29:00,2011-10-18 14:50:00,2,1900,924.6,71.12307692307692,10,2,United Kingdom,52,77,1.0,462.3,950.0
13806,2011-10-07 11:43:00,2011-10-07 11:43:00,1,56,256.38,25.637999999999998,10,1,United Kingdom,64,1,1.0,256.38,56.0
13807,2010-12-07 15:48:00,2010-12-07 15:48:00,1,36,112.6,16.085714285714285,7,1,United Kingdom,367,1,1.0,112.6,36.0
13808,2011-09-04 12:07:00,2011-12-04 12:18:00,5,782,1747.66,22.995526315789476,70,3,United Kingdom,6,92,1.6666666666666667,349.53200000000004,156.4
13809,2011-02-07 13:15:00,2011-02-07 13:15:00,1,29,155.05,12.920833333333334,11,1,Cyprus,305,1,1.0,155.05,29.0
13810,2011-10-14 12:57:00,2011-11-11 08:33:00,3,312,1499.01,42.828857142857146,32,2,Germany,29,28,1.5,499.67,104.0
13811,2011-04-14 18:40:00,2011-06-09 09:54:00,3,68,814.5,62.65384615384615,7,2,Germany,184,56,1.5,271.5,22.666666666666668
13812,2011-08-26 12:54:00,2011-10-28 14:27:00,3,333,539.0,14.972222222222221,33,2,Germany,42,64,1.5,179.66666666666666,111.0
13813,2011-07-28 10:33:00,2011-10-31 10:38:00,4,552,1366.8600000000001,19.809565217391306,54,3,Germany,40,96,1.3333333333333333,341.71500000000003,138.0
13814,2011-07-25 13:54:00,2011-09-08 13:48:00,2,864,1579.12,27.703859649122805,37,2,Germany,92,45,1.0,789.56,432.0
13815,2011-01-25 12:16:00,2011-11-17 14:19:00,4,2560,4027.36,22.882727272727273,132,3,Germany,22,297,1.3333333333333333,1006.84,640.0
13816,2011-10-06 14:37:00,2011-11-16 08:38:00,2,269,571.6700000000001,20.416785714285716,25,2,Germany,24,41,1.0,285.83500000000004,134.5
13817,2010-12-23 11:46:00,2011-11-10 17:49:00,2,211,382.98,15.957500000000001,20,2,Germany,29,323,1.0,191.49,105.5
13819,2011-01-24 10:38:00,2011-02-11 10:38:00,3,1109,1140.35,31.676388888888887,26,2,United Kingdom,302,19,1.5,380.1166666666666,369.6666666666667
13821,2011-03-23 11:30:00,2011-07-18 09:49:00,2,153,385.64,6.536271186440678,51,2,United Kingdom,145,117,1.0,192.82,76.5
13822,2011-10-30 15:55:00,2011-12-04 12:13:00,2,611,632.0,6.583333333333333,90,2,United Kingdom,6,35,1.0,316.0,305.5
13823,2011-09-09 10:42:00,2011-11-21 10:22:00,2,439,957.66,23.941499999999998,39,2,United Kingdom,19,73,1.0,478.83,219.5
13824,2011-02-02 13:07:00,2011-11-07 12:41:00,5,768,1698.94,36.93347826086956,34,5,United Kingdom,33,278,1.0,339.788,153.6
13826,2011-06-16 13:48:00,2011-06-16 13:48:00,1,82,189.5,18.95,10,1,United Kingdom,176,1,1.0,189.5,82.0
13827,2011-07-19 15:38:00,2011-10-13 12:38:00,3,141,412.05,4.430645161290323,83,2,United Kingdom,58,86,1.5,137.35,47.0
13828,2011-11-17 16:02:00,2011-11-17 16:02:00,1,311,209.49,13.966000000000001,15,1,United Kingdom,22,1,1.0,209.49,311.0
13831,2010-12-05 12:13:00,2011-11-23 15:41:00,6,745,2202.99,29.77013513513513,58,5,United Kingdom,16,354,1.2,367.16499999999996,124.16666666666667
13832,2011-11-20 15:36:00,2011-11-20 15:36:00,1,28,52.199999999999996,17.4,3,1,United Kingdom,19,1,1.0,52.199999999999996,28.0
13833,2011-07-03 13:27:00,2011-07-03 13:27:00,1,118,384.8,13.26896551724138,28,1,United Kingdom,159,1,1.0,384.8,118.0
13835,2011-05-08 15:22:00,2011-11-14 15:37:00,4,442,834.57,15.174000000000001,48,4,United Kingdom,25,191,1.0,208.6425,110.5
13837,2011-01-26 12:15:00,2011-05-12 12:10:00,2,183,271.24,14.275789473684211,17,2,United Kingdom,212,106,1.0,135.62,91.5
13838,2010-12-05 10:45:00,2011-12-04 11:00:00,4,263,691.73,3.975459770114943,144,3,United Kingdom,6,365,1.3333333333333333,172.9325,65.75
13841,2011-04-01 12:10:00,2011-04-01 12:10:00,1,100,85.0,85.0,1,1,United Kingdom,253,1,1.0,85.0,100.0
13842,2010-12-08 10:39:00,2011-10-12 10:51:00,9,1768,3385.62,16.43504854368932,155,9,United Kingdom,59,309,1.0,376.18,196.44444444444446
13844,2011-11-28 13:21:00,2011-11-28 13:21:00,1,196,361.62,18.081,20,1,United Kingdom,11,1,1.0,361.62,196.0
13845,2011-10-06 08:25:00,2011-10-06 08:25:00,1,182,312.98,34.775555555555556,9,1,United Kingdom,65,1,1.0,312.98,182.0
13846,2010-12-14 16:07:00,2011-11-15 12:07:00,3,388,865.0600000000001,15.728363636363637,55,3,United Kingdom,25,336,1.0,288.35333333333335,129.33333333333334
13848,2010-12-08 15:10:00,2011-09-08 12:58:00,3,3700,1255.0,251.0,3,3,United Kingdom,92,274,1.0,418.3333333333333,1233.3333333333333
13849,2011-06-22 10:11:00,2011-10-19 10:59:00,2,1016,1537.95,15.227227722772279,97,2,United Kingdom,52,120,1.0,768.975,508.0
13850,2011-08-02 14:04:00,2011-08-02 14:04:00,1,944,1595.48,17.155698924731183,93,1,United Kingdom,129,1,1.0,1595.48,944.0
13851,2011-02-24 17:18:00,2011-09-05 12:36:00,3,1705,2651.46,32.73407407407407,77,3,United Kingdom,96,193,1.0,883.82,568.3333333333334
13853,2011-10-13 14:18:00,2011-10-13 14:18:00,1,312,1090.14,47.39739130434783,23,1,United Kingdom,57,1,1.0,1090.14,312.0
13854,2010-12-09 10:48:00,2011-12-01 09:06:00,25,2296,8109.5199999999995,73.72290909090908,39,12,United Kingdom,9,357,2.0833333333333335,324.38079999999997,91.84
13856,2011-05-20 13:13:00,2011-06-24 10:03:00,3,494,388.5,27.75,10,2,United Kingdom,169,35,1.5,129.5,164.66666666666666
13858,2011-10-13 16:17:00,2011-10-13 16:17:00,1,75,216.17,19.651818181818182,11,1,United Kingdom,57,1,1.0,216.17,75.0
13859,2011-01-17 16:14:00,2011-01-17 16:14:00,1,129,201.16,7.184285714285714,27,1,United Kingdom,326,1,1.0,201.16,129.0
13860,2011-09-14 09:27:00,2011-12-08 12:57:00,5,591,1245.9,16.39342105263158,58,4,United Kingdom,1,86,1.25,249.18,118.2
13862,2011-01-11 15:13:00,2011-11-21 16:24:00,8,1688,2209.36,15.894676258992806,97,8,United Kingdom,18,315,1.0,276.17,211.0
13863,2011-04-06 10:20:00,2011-04-06 10:20:00,1,224,305.78,15.288999999999998,20,1,United Kingdom,248,1,1.0,305.78,224.0
13865,2011-02-23 12:04:00,2011-10-12 13:31:00,4,204,501.56,16.718666666666667,26,4,United Kingdom,58,232,1.0,125.39,51.0
13866,2011-09-26 14:54:00,2011-09-26 14:54:00,1,57,145.67000000000002,20.810000000000002,7,1,United Kingdom,74,1,1.0,145.67000000000002,57.0
13867,2011-05-05 17:28:00,2011-11-08 15:48:00,3,513,1015.29,16.644098360655736,51,3,United Kingdom,31,187,1.0,338.43,171.0
13868,2011-11-01 12:45:00,2011-12-02 16:32:00,2,1964,3192.54,96.74363636363637,32,2,United Kingdom,7,32,1.0,1596.27,982.0
13869,2010-12-17 15:14:00,2011-08-08 13:53:00,4,1721,3104.95,10.11384364820847,234,4,United Kingdom,123,234,1.0,776.2375,430.25
13870,2011-02-25 09:09:00,2011-12-07 13:23:00,8,1325,2770.94,24.095130434782607,91,6,United Kingdom,2,286,1.3333333333333333,346.3675,165.625
13871,2011-02-04 09:30:00,2011-11-17 10:49:00,13,2806,6403.25,19.057291666666668,155,10,United Kingdom,23,287,1.3,492.5576923076923,215.84615384615384
13873,2011-02-03 09:37:00,2011-08-12 10:08:00,3,140,389.6,16.93913043478261,21,3,United Kingdom,120,191,1.0,129.86666666666667,46.666666666666664
13874,2010-12-16 18:20:00,2010-12-16 18:20:00,1,180,540.45,30.025000000000002,18,1,United Kingdom,358,1,1.0,540.45,180.0
13875,2011-02-11 15:39:00,2011-10-17 09:36:00,5,1316,1786.79,17.180673076923078,79,5,United Kingdom,54,248,1.0,357.358,263.2
13876,2011-10-07 10:22:00,2011-10-07 10:22:00,1,36,122.7,17.52857142857143,7,1,United Kingdom,64,1,1.0,122.7,36.0
13877,2011-09-14 15:49:00,2011-09-14 15:49:00,1,108,117.24,39.08,3,1,United Kingdom,86,1,1.0,117.24,108.0
13878,2011-10-16 12:19:00,2011-10-16 12:19:00,1,475,1281.53,35.598055555555554,35,1,United Kingdom,55,1,1.0,1281.53,475.0
13880,2010-12-07 14:00:00,2011-11-18 13:44:00,13,1842,3219.77,19.513757575757577,125,10,United Kingdom,21,346,1.3,247.67461538461538,141.69230769230768
13881,2011-02-01 10:14:00,2011-12-06 12:50:00,20,10118,17159.52,96.40179775280899,72,11,United Kingdom,4,309,1.8181818181818181,857.976,505.9
13882,2011-10-06 15:28:00,2011-12-07 11:16:00,5,953,1191.13,18.325076923076924,54,3,United Kingdom,3,62,1.6666666666666667,238.22600000000003,190.6
13883,2011-03-31 17:17:00,2011-11-29 10:45:00,5,1436,2674.48,18.834366197183098,108,3,United Kingdom,11,243,1.6666666666666667,534.896,287.2
13884,2011-03-01 13:40:00,2011-12-02 16:30:00,5,300,787.6,13.349152542372881,45,3,United Kingdom,7,277,1.6666666666666667,157.52,60.0
13885,2011-05-23 08:52:00,2011-06-03 15:07:00,2,182,506.8,18.1,28,2,United Kingdom,189,12,1.0,253.4,91.0
13886,2011-09-29 13:17:00,2011-09-29 13:17:00,1,126,243.56,15.2225,16,1,United Kingdom,71,1,1.0,243.56,126.0
13887,2011-05-19 17:22:00,2011-05-19 17:22:00,1,147,349.55,18.397368421052633,19,1,United Kingdom,204,1,1.0,349.55,147.0
13888,2011-05-05 14:41:00,2011-08-12 10:13:00,2,258,605.63,15.14075,38,2,United Kingdom,120,99,1.0,302.815,129.0
13889,2011-09-08 09:13:00,2011-09-08 09:13:00,1,146,416.90000000000003,27.793333333333337,15,1,United Kingdom,93,1,1.0,416.90000000000003,146.0
13890,2010-12-16 09:31:00,2011-12-08 15:36:00,10,831,1883.8100000000002,17.125545454545456,74,5,United Kingdom,1,358,2.0,188.38100000000003,83.1
13892,2011-04-07 12:04:00,2011-11-13 11:50:00,4,983,632.97,23.443333333333335,26,3,United Kingdom,27,220,1.3333333333333333,158.2425,245.75
13893,2011-02-15 11:30:00,2011-02-15 11:30:00,1,190,821.1,39.1,21,1,United Kingdom,298,1,1.0,821.1,190.0
13894,2011-02-02 12:54:00,2011-11-16 09:44:00,3,354,564.62,20.911851851851853,25,2,United Kingdom,24,287,1.5,188.20666666666668,118.0
13895,2011-06-28 10:17:00,2011-11-11 16:57:00,4,1365,2593.07,21.975169491525424,97,4,United Kingdom,28,137,1.0,648.2675,341.25
13897,2011-10-20 14:30:00,2011-10-20 14:30:00,1,200,311.16,18.303529411764707,17,1,United Kingdom,50,1,1.0,311.16,200.0
13898,2011-01-18 10:28:00,2011-01-18 10:28:00,1,133,155.93,12.994166666666667,12,1,United Kingdom,326,1,1.0,155.93,133.0
13899,2011-03-10 09:30:00,2011-11-23 13:40:00,2,156,388.52,20.448421052631577,19,2,United Kingdom,16,259,1.0,194.26,78.0
13900,2011-03-22 10:13:00,2011-06-09 19:26:00,3,430,740.95,17.23139534883721,42,3,United Kingdom,183,80,1.0,246.98333333333335,143.33333333333334
13901,2011-01-25 09:01:00,2011-09-28 14:48:00,5,1739,2867.2,19.242953020134227,144,5,United Kingdom,72,247,1.0,573.4399999999999,347.8
13904,2011-02-18 11:18:00,2011-11-02 13:41:00,2,332,332.64,12.793846153846154,24,2,United Kingdom,37,258,1.0,166.32,166.0
13908,2011-03-08 12:04:00,2011-09-21 11:49:00,4,1478,2369.55,19.42254098360656,104,4,United Kingdom,80,197,1.0,592.3875,369.5
13911,2011-02-04 14:46:00,2011-10-13 15:43:00,9,2731,2580.91,17.43858108108108,120,6,United Kingdom,57,252,1.5,286.7677777777778,303.44444444444446
13914,2011-11-03 16:28:00,2011-11-28 10:35:00,2,380,626.45,18.983333333333334,28,1,United Kingdom,12,25,2.0,313.225,190.0
13917,2011-06-01 12:46:00,2011-10-21 09:56:00,2,228,272.04,15.113333333333335,16,2,United Kingdom,50,142,1.0,136.02,114.0
13918,2011-03-31 18:05:00,2011-10-21 12:25:00,2,1140,1212.8400000000001,40.428000000000004,30,2,United Kingdom,50,204,1.0,606.4200000000001,570.0
13919,2011-08-10 10:15:00,2011-10-11 14:24:00,2,474,384.81,13.743214285714286,24,2,Denmark,59,63,1.0,192.405,237.0
13922,2010-12-23 10:38:00,2010-12-23 10:38:00,1,93,172.25,24.607142857142858,7,1,United Kingdom,352,1,1.0,172.25,93.0
13923,2011-10-17 12:33:00,2011-10-17 12:33:00,1,185,351.13,17.5565,20,1,United Kingdom,54,1,1.0,351.13,185.0
13924,2011-09-28 15:07:00,2011-12-08 09:39:00,6,1575,1838.8500000000001,15.716666666666669,90,4,United Kingdom,2,71,1.5,306.475,262.5
13925,2011-07-28 12:09:00,2011-09-08 12:47:00,4,331,678.25,16.54268292682927,28,3,United Kingdom,93,43,1.3333333333333333,169.5625,82.75
13926,2011-11-16 13:16:00,2011-11-16 13:16:00,1,104,223.85000000000002,20.35,11,1,United Kingdom,23,1,1.0,223.85000000000002,104.0
13927,2011-09-26 12:00:00,2011-09-26 12:00:00,1,214,348.99,16.61857142857143,21,1,United Kingdom,75,1,1.0,348.99,214.0
13928,2011-07-29 15:59:00,2011-11-29 10:33:00,4,129,464.57,17.206296296296298,23,3,United Kingdom,11,123,1.3333333333333333,116.1425,32.25
13929,2011-01-17 15:11:00,2011-06-23 15:26:00,2,143,842.65,93.62777777777778,8,2,United Kingdom,169,158,1.0,421.325,71.5
13930,2011-07-26 11:00:00,2011-10-13 09:45:00,2,274,337.34,19.843529411764706,15,2,United Kingdom,58,79,1.0,168.67,137.0
13931,2011-03-04 08:43:00,2011-09-05 10:12:00,2,725,1237.53,21.336724137931036,56,2,United Kingdom,96,186,1.0,618.765,362.5
13932,2011-02-18 12:02:00,2011-02-18 12:02:00,1,72,307.4,19.2125,16,1,United Kingdom,295,1,1.0,307.4,72.0
13933,2011-07-14 13:35:00,2011-08-22 14:03:00,2,205,608.7900000000001,26.469130434782613,23,2,United Kingdom,109,40,1.0,304.39500000000004,102.5
13934,2011-03-21 08:39:00,2011-03-21 08:39:00,1,390,922.1,29.74516129032258,31,1,United Kingdom,264,1,1.0,922.1,390.0
13936,2011-06-13 08:47:00,2011-06-13 08:47:00,1,330,376.58,14.483846153846153,26,1,United Kingdom,180,1,1.0,376.58,330.0
13937,2011-06-23 16:35:00,2011-06-23 16:35:00,1,123,158.85,17.65,9,1,United Kingdom,169,1,1.0,158.85,123.0
13938,2011-11-04 14:37:00,2011-11-04 14:37:00,1,70,71.66,10.237142857142857,7,1,United Kingdom,35,1,1.0,71.66,70.0
13939,2011-02-01 11:30:00,2011-11-16 13:33:00,3,847,568.55,12.634444444444444,43,3,United Kingdom,23,289,1.0,189.51666666666665,282.3333333333333
13940,2011-07-18 16:05:00,2011-11-22 15:15:00,4,516,839.14,17.12530612244898,39,4,United Kingdom,17,127,1.0,209.785,129.0
13941,2010-12-02 10:17:00,2011-11-18 09:43:00,5,2364,5112.96,113.62133333333334,24,5,United Kingdom,22,351,1.0,1022.592,472.8
13946,2011-03-17 10:02:00,2011-09-21 13:33:00,3,443,561.5699999999999,51.05181818181818,11,3,United Kingdom,79,189,1.0,187.18999999999997,147.66666666666666
13947,2011-10-05 14:42:00,2011-10-05 14:42:00,1,44,90.6,18.119999999999997,5,1,United Kingdom,65,1,1.0,90.6,44.0
13948,2010-12-14 10:18:00,2010-12-14 10:18:00,1,40,102.0,34.0,3,1,United Kingdom,361,1,1.0,102.0,40.0
13949,2011-09-06 11:55:00,2011-12-07 09:35:00,6,2474,2427.32,15.170750000000002,124,4,United Kingdom,3,92,1.5,404.55333333333334,412.3333333333333
13950,2011-04-07 11:29:00,2011-11-28 14:44:00,4,323,745.06,21.28742857142857,33,3,United Kingdom,11,236,1.3333333333333333,186.265,80.75
13951,2011-02-18 15:21:00,2011-06-16 16:43:00,3,459,674.45,17.293589743589745,38,3,United Kingdom,176,119,1.0,224.8166666666667,153.0
13952,2011-04-15 09:27:00,2011-05-06 09:00:00,2,1431,3251.071,23.730445255474454,120,2,United Kingdom,218,21,1.0,1625.5355,715.5
13953,2010-12-22 10:29:00,2011-12-02 16:04:00,7,2724,3515.68,175.784,8,7,United Kingdom,7,346,1.0,502.23999999999995,389.14285714285717
13954,2011-09-30 10:52:00,2011-12-08 12:50:00,2,150,439.92,17.5968,24,2,United Kingdom,2,70,1.0,219.96,75.0
13955,2011-02-07 12:24:00,2011-07-08 17:19:00,2,154,322.96,9.786666666666665,33,2,United Kingdom,154,152,1.0,161.48,77.0
13956,2011-03-13 12:51:00,2011-12-04 13:20:00,5,491,1026.42,6.752763157894737,123,5,United Kingdom,5,267,1.0,205.28400000000002,98.2
13959,2010-12-12 13:56:00,2011-09-21 15:06:00,3,357,598.2,6.502173913043479,79,3,United Kingdom,79,284,1.0,199.4,119.0
13960,2011-09-29 12:39:00,2011-11-18 15:27:00,2,142,230.22,19.185,11,2,United Kingdom,21,51,1.0,115.11,71.0
13962,2011-04-08 11:21:00,2011-11-18 08:47:00,2,87,169.55,15.413636363636364,11,2,United Kingdom,22,224,1.0,84.775,43.5
13963,2010-12-07 09:21:00,2011-02-04 14:43:00,4,460,664.54,18.986857142857144,35,3,United Kingdom,308,60,1.3333333333333333,166.135,115.0
13967,2011-07-17 12:02:00,2011-07-17 12:02:00,1,42,80.7,40.35,2,1,United Kingdom,146,1,1.0,80.7,42.0
13969,2010-12-09 19:32:00,2011-12-02 15:11:00,18,4542,9053.94,14.463162939297126,334,11,United Kingdom,7,358,1.6363636363636365,502.99666666666667,252.33333333333334
13971,2011-02-27 12:27:00,2011-11-21 12:06:00,8,1844,2758.26,18.511812080536913,118,7,United Kingdom,19,267,1.1428571428571428,344.7825,230.5
13972,2011-05-22 11:34:00,2011-09-30 11:54:00,2,187,190.25,12.683333333333334,15,2,United Kingdom,71,132,1.0,95.125,93.5
13973,2011-02-25 15:21:00,2011-02-25 15:21:00,1,109,264.7,24.063636363636363,11,1,United Kingdom,287,1,1.0,264.7,109.0
13974,2011-10-21 14:41:00,2011-10-21 14:41:00,1,249,413.59000000000003,14.77107142857143,28,1,United Kingdom,49,1,1.0,413.59000000000003,249.0
13975,2011-03-08 12:19:00,2011-11-08 13:19:00,6,1732,2526.28,7.474201183431953,240,5,United Kingdom,31,246,1.2,421.0466666666667,288.6666666666667
13976,2011-05-17 09:13:00,2011-05-17 09:13:00,1,154,357.98,35.798,10,1,United Kingdom,207,1,1.0,357.98,154.0
13978,2011-10-25 15:04:00,2011-11-25 11:36:00,2,315,196.79000000000002,13.119333333333335,14,2,United Kingdom,15,31,1.0,98.39500000000001,157.5
13979,2011-09-27 13:32:00,2011-09-27 13:32:00,1,639,869.87,16.108703703703704,54,1,United Kingdom,73,1,1.0,869.87,639.0
13980,2011-10-10 13:34:00,2011-10-10 13:34:00,1,172,200.14,18.19454545454545,11,1,United Kingdom,60,1,1.0,200.14,172.0
13982,2010-12-09 13:57:00,2011-10-31 16:24:00,4,1136,1871.81,16.863153153153153,72,4,United Kingdom,39,327,1.0,467.9525,284.0
13983,2010-12-08 10:38:00,2011-11-10 11:06:00,12,1183,2603.43,24.3311214953271,91,9,United Kingdom,30,338,1.3333333333333333,216.9525,98.58333333333333
13984,2010-12-08 15:58:00,2011-11-13 12:38:00,5,679,920.51,57.531875,14,5,United Kingdom,27,340,1.0,184.102,135.8
13985,2011-03-20 13:48:00,2011-12-05 17:06:00,15,3445,7060.13,20.229598853868197,108,9,United Kingdom,4,261,1.6666666666666667,470.67533333333336,229.66666666666666
13986,2011-11-22 15:00:00,2011-11-22 15:00:00,1,430,320.46,24.650769230769228,12,1,United Kingdom,17,1,1.0,320.46,430.0
13988,2011-03-30 11:48:00,2011-11-20 10:15:00,6,3044,4147.96,17.726324786324785,188,6,United Kingdom,20,235,1.0,691.3266666666667,507.3333333333333
13989,2011-04-14 15:39:00,2011-10-05 09:47:00,2,1313,1266.08,30.88,33,2,United Kingdom,66,174,1.0,633.04,656.5
13990,2011-05-10 15:19:00,2011-05-10 15:19:00,1,190,311.3,19.45625,16,1,United Kingdom,213,1,1.0,311.3,190.0
13991,2011-07-19 12:58:00,2011-11-27 16:18:00,6,998,855.97,10.190119047619048,58,4,United Kingdom,12,132,1.5,142.66166666666666,166.33333333333334
13992,2011-11-09 15:23:00,2011-11-09 15:23:00,1,64,76.8,15.36,5,1,United Kingdom,30,1,1.0,76.8,64.0
13993,2011-01-13 10:43:00,2011-10-28 09:06:00,9,900,3466.36,28.647603305785125,66,8,United Kingdom,43,288,1.125,385.1511111111111,100.0
13994,2011-07-14 18:28:00,2011-12-06 11:05:00,6,940,2313.14,14.923483870967742,122,5,United Kingdom,4,145,1.2,385.5233333333333,156.66666666666666
13995,2011-04-08 08:20:00,2011-11-24 14:22:00,5,879,1393.69,16.205697674418605,55,5,United Kingdom,15,231,1.0,278.738,175.8
13999,2010-12-13 11:23:00,2011-11-29 13:40:00,12,2243,3901.81,18.758701923076924,102,10,United Kingdom,10,352,1.2,325.1508333333333,186.91666666666666
14000,2011-05-12 16:50:00,2011-05-12 16:50:00,1,710,635.66,42.37733333333333,15,1,United Kingdom,211,1,1.0,635.66,710.0
14001,2010-12-01 12:58:00,2011-10-25 10:31:00,3,962,2043.0800000000002,52.38666666666667,34,3,United Kingdom,46,328,1.0,681.0266666666668,320.6666666666667
14002,2011-07-06 14:59:00,2011-07-28 15:55:00,2,877,529.73,11.270851063829788,47,1,United Kingdom,134,23,2.0,264.865,438.5
14004,2011-02-24 09:28:00,2011-10-27 14:40:00,7,2668,4582.64,26.799064327485382,102,5,United Kingdom,43,246,1.4,654.6628571428572,381.14285714285717
14005,2011-05-08 10:33:00,2011-11-30 12:41:00,5,2478,2874.72,34.22285714285714,53,5,United Kingdom,10,207,1.0,574.944,495.6
14006,2011-01-31 15:11:00,2011-08-16 09:39:00,3,641,962.19,32.073,22,3,United Kingdom,116,197,1.0,320.73,213.66666666666666
14009,2011-05-18 13:00:00,2011-05-25 15:47:00,2,365,695.61,16.562142857142856,42,1,United Kingdom,198,8,2.0,347.805,182.5
14012,2011-03-07 12:26:00,2011-03-07 12:26:00,1,160,328.8,29.89090909090909,11,1,United Kingdom,278,1,1.0,328.8,160.0
14013,2011-03-09 08:59:00,2011-08-21 15:01:00,3,462,473.02,13.91235294117647,30,3,United Kingdom,110,166,1.0,157.67333333333332,154.0
14014,2011-09-23 13:18:00,2011-09-23 13:18:00,1,1076,505.18,12.953333333333333,39,1,United Kingdom,77,1,1.0,505.18,1076.0
14015,2011-10-18 10:02:00,2011-10-18 10:02:00,1,378,917.34,45.867000000000004,20,1,United Kingdom,53,1,1.0,917.34,378.0
14016,2010-12-17 14:21:00,2011-07-01 11:29:00,4,2125,4341.21,26.964037267080744,154,4,EIRE,162,196,1.0,1085.3025,531.25
14019,2011-07-24 15:39:00,2011-10-24 10:13:00,3,1037,1421.61,21.539545454545454,37,3,United Kingdom,47,92,1.0,473.86999999999995,345.6666666666667
14020,2011-09-12 15:32:00,2011-11-23 09:22:00,2,441,642.8,16.48205128205128,37,2,United Kingdom,17,72,1.0,321.4,220.5
14021,2011-03-28 15:10:00,2011-07-07 15:46:00,3,192,631.9,28.722727272727273,22,3,United Kingdom,155,102,1.0,210.63333333333333,64.0
14022,2011-04-28 14:39:00,2011-04-28 14:39:00,1,487,440.0,15.714285714285714,28,1,United Kingdom,225,1,1.0,440.0,487.0
14023,2011-04-03 15:50:00,2011-12-02 13:58:00,2,345,584.07,18.840967741935486,30,2,United Kingdom,7,243,1.0,292.035,172.5
14024,2011-08-07 13:31:00,2011-08-10 11:30:00,2,150,327.7,20.48125,16,1,United Kingdom,122,3,2.0,163.85,75.0
14027,2011-10-10 09:01:00,2011-10-10 09:01:00,1,62,104.82,17.47,6,1,United Kingdom,61,1,1.0,104.82,62.0
14029,2011-07-18 16:57:00,2011-10-07 14:46:00,2,198,467.66,31.177333333333333,15,2,United Kingdom,63,81,1.0,233.83,99.0
14030,2010-12-08 16:11:00,2011-11-21 16:48:00,8,1479,2360.09,9.712304526748971,210,6,United Kingdom,18,349,1.3333333333333333,295.01125,184.875
14031,2010-12-02 16:34:00,2011-12-02 17:13:00,19,5788,17286.86,69.14744,119,11,United Kingdom,7,366,1.7272727272727273,909.8347368421053,304.63157894736844
14032,2010-12-08 10:53:00,2011-12-07 15:23:00,11,2032,2975.59,20.80832167832168,53,8,United Kingdom,2,365,1.375,270.5081818181818,184.72727272727272
14034,2011-07-05 13:06:00,2011-11-17 14:02:00,3,423,651.8199999999999,7.323820224719101,82,2,United Kingdom,22,136,1.5,217.2733333333333,141.0
14035,2011-02-15 12:48:00,2011-11-11 10:03:00,5,739,1428.02,21.636666666666667,41,5,United Kingdom,29,269,1.0,285.604,147.8
14036,2011-02-28 09:26:00,2011-02-28 09:26:00,1,268,626.65,16.49078947368421,38,1,United Kingdom,285,1,1.0,626.65,268.0
14037,2010-12-10 11:39:00,2011-06-16 13:57:00,2,46,147.20000000000002,5.257142857142858,27,2,United Kingdom,176,189,1.0,73.60000000000001,23.0
14038,2011-05-16 14:05:00,2011-09-22 13:37:00,3,965,1560.38,16.960652173913044,64,3,United Kingdom,78,129,1.0,520.1266666666667,321.6666666666667
14039,2011-11-06 13:48:00,2011-11-06 13:48:00,1,92,152.2,25.366666666666664,6,1,United Kingdom,33,1,1.0,152.2,92.0
14040,2011-01-12 14:57:00,2011-10-30 12:42:00,12,1554,3614.92,15.38263829787234,146,8,United Kingdom,41,291,1.5,301.24333333333334,129.5
14041,2011-03-18 13:25:00,2011-03-18 13:25:00,1,94,141.41,6.733809523809524,21,1,United Kingdom,266,1,1.0,141.41,94.0
14044,2011-02-03 11:39:00,2011-11-13 12:05:00,4,308,652.82,3.1235406698564594,165,4,United Kingdom,27,284,1.0,163.205,77.0
14045,2010-12-01 11:32:00,2011-08-22 15:27:00,4,535,1659.75,276.625,4,3,United Kingdom,109,265,1.3333333333333333,414.9375,133.75
14046,2011-02-28 14:48:00,2011-02-28 14:48:00,1,460,154.99,11.070714285714287,14,1,United Kingdom,284,1,1.0,154.99,460.0
14047,2010-12-02 10:09:00,2011-12-01 11:43:00,5,381,1308.6100000000001,40.894062500000004,22,5,United Kingdom,9,365,1.0,261.72200000000004,76.2
14048,2011-02-07 14:53:00,2011-02-07 14:53:00,1,288,409.93,4.822705882352941,83,1,United Kingdom,305,1,1.0,409.93,288.0
14049,2011-01-26 11:27:00,2011-11-23 12:20:00,4,3870,5681.72,11.642868852459017,348,4,United Kingdom,17,302,1.0,1420.43,967.5
14050,2011-08-25 13:46:00,2011-11-08 10:00:00,2,689,746.36,13.821481481481483,49,2,United Kingdom,32,75,1.0,373.18,344.5
14051,2010-12-08 12:49:00,2011-12-09 10:20:00,23,3756,15610.390000000001,74.33519047619048,52,13,United Kingdom,1,366,1.7692307692307692,678.7126086956522,163.30434782608697
14052,2011-11-20 12:30:00,2011-11-20 12:30:00,1,89,225.36,4.024285714285715,56,1,United Kingdom,20,1,1.0,225.36,89.0
14053,2011-07-03 12:21:00,2011-08-07 14:27:00,2,215,260.25,65.0625,2,2,United Kingdom,124,36,1.0,130.125,107.5
14054,2011-10-05 15:49:00,2011-10-05 15:49:00,1,62,92.46,15.409999999999998,6,1,United Kingdom,65,1,1.0,92.46,62.0
14055,2011-08-25 15:04:00,2011-08-25 15:04:00,1,216,725.6400000000001,72.56400000000001,10,1,United Kingdom,106,1,1.0,725.6400000000001,216.0
14056,2011-02-28 15:19:00,2011-12-08 13:36:00,23,4273,8214.65,7.427350813743218,320,11,United Kingdom,1,283,2.090909090909091,357.1586956521739,185.7826086956522
14057,2010-12-14 12:11:00,2011-11-16 10:32:00,17,4876,6217.96,21.894225352112677,179,11,United Kingdom,24,337,1.5454545454545454,365.76235294117646,286.8235294117647
14059,2011-03-18 10:06:00,2011-03-18 10:06:00,1,128,183.6,22.95,8,1,United Kingdom,267,1,1.0,183.6,128.0
14060,2010-12-02 12:11:00,2011-12-05 12:29:00,19,5386,6140.42,30.39811881188119,86,13,United Kingdom,5,369,1.4615384615384615,323.18,283.4736842105263
14062,2010-12-10 15:56:00,2011-11-30 10:04:00,12,5593,10464.85,94.27792792792793,60,8,United Kingdom,10,355,1.5,872.0708333333333,466.0833333333333
14064,2011-03-10 12:59:00,2011-11-10 13:14:00,5,1788,1353.74,16.92175,59,4,United Kingdom,29,246,1.25,270.748,357.6
14066,2011-03-18 12:21:00,2011-03-18 12:21:00,1,45,152.55,21.792857142857144,7,1,United Kingdom,267,1,1.0,152.55,45.0
14067,2011-09-04 12:00:00,2011-10-07 10:21:00,2,361,374.7,7.2057692307692305,51,2,United Kingdom,64,33,1.0,187.35,180.5
14068,2011-01-23 16:02:00,2011-01-23 16:02:00,1,73,265.85,11.077083333333334,22,1,United Kingdom,320,1,1.0,265.85,73.0
14071,2011-03-20 11:33:00,2011-12-06 12:27:00,8,995,1438.82,4.440802469135802,271,4,United Kingdom,4,262,2.0,179.8525,124.375
14073,2011-11-07 15:49:00,2011-11-07 15:49:00,1,130,151.04,11.618461538461538,13,1,United Kingdom,32,1,1.0,151.04,130.0
14075,2011-03-23 16:35:00,2011-12-05 08:38:00,3,754,942.26,21.913023255813954,33,3,United Kingdom,5,257,1.0,314.08666666666664,251.33333333333334
14076,2011-08-02 15:19:00,2011-08-02 15:19:00,1,81,122.47,2.662391304347826,43,1,United Kingdom,129,1,1.0,122.47,81.0
14077,2011-03-10 15:52:00,2011-10-30 12:35:00,5,268,499.41999999999996,11.89095238095238,33,5,United Kingdom,41,234,1.0,99.88399999999999,53.6
14078,2010-12-01 12:54:00,2011-08-30 12:16:00,6,310,1049.37,16.144153846153845,46,6,United Kingdom,102,272,1.0,174.89499999999998,51.666666666666664
14079,2011-08-07 12:10:00,2011-08-07 12:10:00,1,301,375.1,31.258333333333336,12,1,United Kingdom,125,1,1.0,375.1,301.0
14080,2011-11-07 11:09:00,2011-11-07 11:09:00,1,48,45.599999999999994,11.399999999999999,4,1,United Kingdom,33,1,1.0,45.599999999999994,48.0
14081,2010-12-05 15:47:00,2011-02-10 16:17:00,2,596,934.52,6.10797385620915,126,2,United Kingdom,302,68,1.0,467.26,298.0
14082,2010-12-10 11:02:00,2010-12-10 11:02:00,1,110,182.25,6.2844827586206895,28,1,United Kingdom,365,1,1.0,182.25,110.0
14083,2010-12-03 12:24:00,2011-12-05 13:14:00,9,732,1018.43,5.626685082872928,162,6,United Kingdom,4,368,1.5,113.15888888888888,81.33333333333333
14085,2010-12-06 12:39:00,2011-12-07 13:46:00,18,3184,4448.54,9.885644444444445,272,10,United Kingdom,2,367,1.8,247.14111111111112,176.88888888888889
14087,2011-12-07 12:41:00,2011-12-07 12:41:00,1,251,194.42,2.8176811594202897,61,1,United Kingdom,3,1,1.0,194.42,251.0
14088,2011-01-21 13:07:00,2011-11-29 16:16:00,13,12665,50491.81,85.7246349745331,379,6,United Kingdom,10,313,2.1666666666666665,3883.9853846153846,974.2307692307693
14089,2011-10-14 10:38:00,2011-10-14 10:38:00,1,134,161.0,11.5,13,1,United Kingdom,57,1,1.0,161.0,134.0
14090,2011-01-19 10:51:00,2011-01-19 10:51:00,1,72,76.32000000000001,76.32000000000001,1,1,United Kingdom,325,1,1.0,76.32000000000001,72.0
14092,2010-12-16 15:47:00,2011-12-02 12:13:00,14,2066,4076.91,19.050981308411213,117,11,United Kingdom,8,351,1.2727272727272727,291.2078571428571,147.57142857142858
14093,2011-11-27 16:27:00,2011-11-27 16:27:00,1,406,442.85,4.217619047619048,95,1,United Kingdom,12,1,1.0,442.85,406.0
14096,2011-08-30 10:49:00,2011-12-05 17:17:00,17,16352,65164.79,12.749909998043435,1119,5,United Kingdom,4,98,3.4,3833.2229411764706,961.8823529411765
14098,2011-11-03 10:13:00,2011-11-03 10:13:00,1,104,147.35,7.016666666666667,21,1,United Kingdom,37,1,1.0,147.35,104.0
14099,2010-12-20 11:14:00,2011-11-23 13:53:00,11,2179,3104.17,12.41668,167,10,United Kingdom,16,339,1.1,282.1972727272727,198.0909090909091
14100,2011-07-25 11:01:00,2011-07-25 11:01:00,1,64,194.9,7.496153846153846,24,1,United Kingdom,138,1,1.0,194.9,64.0
14101,2011-01-17 13:09:00,2011-09-27 12:28:00,6,6942,5976.79,170.76542857142857,15,6,United Kingdom,74,253,1.0,996.1316666666667,1157.0
14102,2011-10-26 12:46:00,2011-12-04 15:38:00,5,961,1360.28,17.21873417721519,35,3,United Kingdom,5,40,1.6666666666666667,272.056,192.2
14104,2011-06-27 12:49:00,2011-07-08 12:50:00,2,72,216.20999999999998,10.295714285714284,21,2,United Kingdom,155,12,1.0,108.10499999999999,36.0
14105,2011-04-14 17:58:00,2011-04-14 17:58:00,1,800,1266.23,17.111216216216217,74,1,United Kingdom,239,1,1.0,1266.23,800.0
14107,2010-12-10 13:29:00,2011-10-19 12:12:00,7,1793,2703.23,21.977479674796747,61,7,United Kingdom,52,313,1.0,386.17571428571426,256.14285714285717
14108,2011-08-30 11:32:00,2011-11-09 10:41:00,2,381,597.91,17.585588235294118,33,2,United Kingdom,31,71,1.0,298.955,190.5
14109,2011-09-28 10:18:00,2011-09-28 10:18:00,1,88,144.2,16.022222222222222,9,1,United Kingdom,73,1,1.0,144.2,88.0
14110,2011-03-18 09:59:00,2011-12-06 12:26:00,12,2445,5683.15,36.66548387096774,94,9,United Kingdom,4,264,1.3333333333333333,473.5958333333333,203.75
14111,2011-04-12 11:36:00,2011-11-25 13:44:00,4,458,692.85,69.285,10,4,United Kingdom,14,228,1.0,173.2125,114.5
14112,2011-03-09 11:28:00,2011-11-17 12:30:00,7,1651,2915.15,18.2196875,117,5,United Kingdom,23,254,1.4,416.45,235.85714285714286
14113,2010-12-20 12:14:00,2011-12-06 12:18:00,4,745,1840.42,54.13,26,4,United Kingdom,4,352,1.0,460.105,186.25
14114,2011-01-13 11:05:00,2011-03-11 09:42:00,2,101,386.53,25.768666666666665,15,2,United Kingdom,274,57,1.0,193.265,50.5
14116,2011-08-10 12:44:00,2011-11-20 10:29:00,5,707,1382.74,19.204722222222223,61,4,United Kingdom,20,102,1.25,276.548,141.4
14117,2011-07-19 09:49:00,2011-07-19 09:49:00,1,72,90.0,30.0,3,1,United Kingdom,144,1,1.0,90.0,72.0
14121,2011-10-11 10:39:00,2011-12-06 12:19:00,4,2082,2780.15,17.485220125786164,148,3,United Kingdom,4,57,1.3333333333333333,695.0375,520.5
14124,2011-09-16 13:32:00,2011-09-16 13:32:00,1,1618,419.58000000000004,83.91600000000001,4,1,United Kingdom,84,1,1.0,419.58000000000004,1618.0
14125,2011-09-22 15:40:00,2011-11-29 12:47:00,3,1640,2740.43,16.409760479041914,159,2,United Kingdom,11,68,1.5,913.4766666666666,546.6666666666666
14126,2011-11-29 12:21:00,2011-12-02 11:45:00,3,508,706.1300000000001,47.07533333333334,14,2,United Kingdom,8,3,1.5,235.3766666666667,169.33333333333334
14127,2011-02-02 12:26:00,2011-08-09 10:49:00,3,321,709.71,16.129772727272726,39,3,United Kingdom,123,188,1.0,236.57000000000002,107.0
14128,2011-03-29 10:49:00,2011-10-10 12:00:00,2,564,637.5,13.858695652173912,40,2,United Kingdom,61,196,1.0,318.75,282.0
14129,2011-03-24 08:44:00,2011-12-08 11:02:00,5,592,1123.8600000000001,21.61269230769231,31,4,United Kingdom,2,260,1.25,224.77200000000002,118.4
14130,2011-01-24 16:05:00,2011-01-24 16:05:00,1,258,483.86,7.221791044776119,66,1,United Kingdom,319,1,1.0,483.86,258.0
14132,2011-06-09 12:04:00,2011-12-07 13:35:00,11,3368,3586.0299999999997,17.930149999999998,100,7,United Kingdom,2,182,1.5714285714285714,326.00272727272727,306.1818181818182
14133,2011-01-28 11:27:00,2011-08-02 11:34:00,3,348,605.64,21.63,25,2,United Kingdom,130,187,1.5,201.88,116.0
14135,2010-12-02 10:27:00,2011-12-08 11:38:00,15,3850,4690.31,35.00231343283583,95,8,United Kingdom,2,372,1.875,312.68733333333336,256.6666666666667
14138,2011-10-07 09:38:00,2011-12-08 12:44:00,2,610,982.3800000000001,20.901702127659576,40,2,United Kingdom,2,63,1.0,491.19000000000005,305.0
14139,2011-10-24 13:34:00,2011-10-24 13:34:00,1,510,415.82,15.993076923076924,26,1,United Kingdom,46,1,1.0,415.82,510.0
14140,2011-11-08 11:20:00,2011-12-06 09:05:00,2,811,935.05,14.167424242424241,60,2,United Kingdom,4,28,1.0,467.525,405.5
14141,2011-08-26 14:40:00,2011-12-07 09:53:00,4,355,915.13,22.87825,27,4,United Kingdom,3,103,1.0,228.7825,88.75
14142,2010-12-01 16:33:00,2010-12-01 16:33:00,1,313,311.81,14.173181818181819,22,1,United Kingdom,373,1,1.0,311.81,313.0
14143,2011-07-29 09:48:00,2011-07-29 09:48:00,1,30,115.8,16.54285714285714,7,1,United Kingdom,134,1,1.0,115.8,30.0
14145,2011-05-06 13:01:00,2011-10-24 12:10:00,4,756,3742.2,340.2,6,3,United Kingdom,47,171,1.3333333333333333,935.55,189.0
14146,2010-12-17 15:52:00,2011-12-01 10:18:00,5,2437,4191.0,19.957142857142856,183,4,United Kingdom,9,349,1.25,838.2,487.4
14147,2011-02-27 11:42:00,2011-09-22 18:10:00,2,108,483.4,96.67999999999999,4,2,United Kingdom,78,208,1.0,241.7,54.0
14148,2011-04-20 12:02:00,2011-04-20 12:02:00,1,16,157.2,52.4,3,1,United Kingdom,234,1,1.0,157.2,16.0
14149,2011-05-03 09:44:00,2011-05-03 09:44:00,1,218,446.62,15.950714285714286,28,1,United Kingdom,221,1,1.0,446.62,218.0
14150,2010-12-15 10:04:00,2011-11-04 10:05:00,2,496,658.64,25.33230769230769,23,2,United Kingdom,36,325,1.0,329.32,248.0
14152,2011-04-19 15:46:00,2011-09-25 12:54:00,2,711,621.29,12.67938775510204,47,2,United Kingdom,75,159,1.0,310.645,355.5
14154,2011-04-14 15:58:00,2011-04-14 16:26:00,2,465,1345.62,25.87730769230769,52,1,United Kingdom,239,1,2.0,672.81,232.5
14155,2011-03-18 14:13:00,2011-03-18 14:13:00,1,25,118.75,19.791666666666668,6,1,United Kingdom,266,1,1.0,118.75,25.0
14156,2010-12-03 11:48:00,2011-11-30 10:54:00,55,57885,117379.63,83.84259285714286,714,12,EIRE,10,362,4.583333333333333,2134.175090909091,1052.4545454545455
14157,2011-02-27 13:04:00,2011-11-20 11:32:00,2,284,432.88,9.018333333333333,45,2,United Kingdom,20,266,1.0,216.44,142.0
14158,2011-10-30 15:08:00,2011-10-30 15:08:00,1,781,507.66,12.381951219512196,41,1,United Kingdom,40,1,1.0,507.66,781.0
14159,2010-12-12 11:17:00,2011-11-20 12:36:00,11,4408,4693.01,3.8978488372093025,501,7,United Kingdom,20,344,1.5714285714285714,426.6372727272728,400.72727272727275
14161,2010-12-05 13:18:00,2011-05-08 11:41:00,3,455,1110.52,10.282592592592593,87,3,United Kingdom,216,154,1.0,370.17333333333335,151.66666666666666
14162,2011-02-20 12:32:00,2011-06-19 11:36:00,2,142,289.36,11.5744,25,2,United Kingdom,174,119,1.0,144.68,71.0
14163,2011-04-14 17:33:00,2011-09-13 15:18:00,4,893,2445.91,47.036730769230765,36,4,United Kingdom,87,152,1.0,611.4775,223.25
14164,2011-09-20 12:18:00,2011-09-30 12:24:00,2,1033,1631.77,56.26793103448276,28,1,United Kingdom,71,11,2.0,815.885,516.5
14165,2011-03-09 12:39:00,2011-03-09 12:39:00,1,54,122.53999999999999,4.901599999999999,23,1,United Kingdom,276,1,1.0,122.53999999999999,54.0
14167,2011-01-12 15:44:00,2011-10-31 14:29:00,4,150,574.84,11.054615384615385,27,4,United Kingdom,39,292,1.0,143.71,37.5
14171,2011-09-02 16:43:00,2011-09-02 16:43:00,1,167,363.79,6.272241379310345,57,1,United Kingdom,98,1,1.0,363.79,167.0
14173,2011-05-04 14:03:00,2011-11-29 11:54:00,4,150,450.84,15.546206896551723,28,3,United Kingdom,11,209,1.3333333333333333,112.71,37.5
14174,2011-11-06 13:17:00,2011-11-06 13:17:00,1,94,134.46,5.171538461538462,26,1,United Kingdom,33,1,1.0,134.46,94.0
14175,2011-01-14 12:22:00,2011-10-11 11:55:00,3,1515,3222.3,21.626174496644296,139,3,United Kingdom,60,270,1.0,1074.1000000000001,505.0
14176,2010-12-07 11:45:00,2011-02-15 13:12:00,4,209,576.9000000000001,18.609677419354842,28,3,United Kingdom,297,71,1.3333333333333333,144.22500000000002,52.25
14177,2011-06-13 11:10:00,2011-09-14 15:11:00,4,205,559.41,13.319285714285714,37,2,United Kingdom,86,94,2.0,139.8525,51.25
14178,2011-06-10 12:51:00,2011-12-01 12:01:00,7,1505,1620.93,4.9569724770642205,191,6,United Kingdom,9,174,1.1666666666666667,231.5614285714286,215.0
14179,2011-10-18 14:00:00,2011-10-30 12:07:00,2,330,719.78,4.36230303030303,135,1,United Kingdom,41,12,2.0,359.89,165.0
14180,2010-12-02 13:08:00,2011-11-29 10:56:00,25,719,4748.52,19.785500000000003,112,12,United Kingdom,11,362,2.0833333333333335,189.94080000000002,28.76
14184,2011-10-04 12:43:00,2011-10-04 12:43:00,1,127,452.89,18.870416666666667,24,1,United Kingdom,67,1,1.0,452.89,127.0
14185,2011-01-12 13:52:00,2011-01-12 13:52:00,1,6,197.65,65.88333333333334,3,1,United Kingdom,331,1,1.0,197.65,6.0
14188,2011-02-02 13:46:00,2011-11-09 12:45:00,6,1162,2054.36,31.605538461538462,34,6,United Kingdom,31,280,1.0,342.3933333333334,193.66666666666666
14189,2010-12-06 11:42:00,2011-12-07 15:55:00,15,3937,4654.08,17.56256603773585,176,12,United Kingdom,2,367,1.25,310.272,262.46666666666664
14191,2011-05-03 10:30:00,2011-12-08 09:23:00,13,3662,4684.76,18.08787644787645,145,8,United Kingdom,2,219,1.625,360.36615384615385,281.6923076923077
14193,2011-03-15 11:38:00,2011-10-03 09:34:00,2,445,853.39,20.318809523809524,35,2,United Kingdom,68,202,1.0,426.695,222.5
14194,2011-02-04 14:51:00,2011-12-05 10:38:00,21,5840,11349.52,19.601934369602763,269,10,United Kingdom,5,304,2.1,540.4533333333334,278.0952380952381
14195,2011-04-01 16:50:00,2011-05-22 10:29:00,2,760,1012.0,144.57142857142858,7,2,United Kingdom,202,51,1.0,506.0,380.0
14196,2011-08-25 10:25:00,2011-08-25 10:25:00,1,142,335.52,55.919999999999995,6,1,United Kingdom,107,1,1.0,335.52,142.0
14198,2011-04-14 14:54:00,2011-11-21 16:35:00,4,290,701.4,17.984615384615385,35,4,United Kingdom,18,222,1.0,175.35,72.5
14199,2011-05-05 13:44:00,2011-05-05 13:44:00,1,28,185.39999999999998,92.69999999999999,2,1,United Kingdom,218,1,1.0,185.39999999999998,28.0
14201,2010-12-15 13:25:00,2011-10-10 13:27:00,7,590,747.44,20.20108108108108,32,7,United Kingdom,60,300,1.0,106.77714285714286,84.28571428571429
14204,2011-12-07 13:38:00,2011-12-07 13:38:00,1,82,161.03,3.659772727272727,36,1,United Kingdom,2,1,1.0,161.03,82.0
14205,2011-03-20 15:07:00,2011-11-23 10:55:00,2,204,466.7,19.445833333333333,23,2,United Kingdom,17,248,1.0,233.35,102.0
14206,2011-04-14 16:38:00,2011-04-14 16:38:00,1,276,328.15999999999997,16.407999999999998,20,1,United Kingdom,239,1,1.0,328.15999999999997,276.0
14208,2011-09-06 12:48:00,2011-09-06 12:48:00,1,114,151.74,15.174000000000001,10,1,United Kingdom,95,1,1.0,151.74,114.0
14209,2011-01-11 12:56:00,2011-11-29 10:18:00,6,691,2073.43,23.83252873563218,55,6,United Kingdom,11,322,1.0,345.57166666666666,115.16666666666667
14210,2010-12-03 12:43:00,2011-08-26 12:36:00,6,760,1905.8400000000001,18.684705882352944,66,6,United Kingdom,106,266,1.0,317.64000000000004,126.66666666666667
14211,2011-02-17 15:50:00,2011-10-17 13:23:00,9,1242,2241.1,20.009821428571428,87,5,United Kingdom,53,242,1.8,249.0111111111111,138.0
14212,2011-09-11 12:45:00,2011-09-11 12:45:00,1,1152,1070.48,118.94222222222223,9,1,United Kingdom,90,1,1.0,1070.48,1152.0
14214,2011-03-07 12:26:00,2011-11-09 10:31:00,5,751,1004.38,14.990746268656716,64,5,United Kingdom,31,247,1.0,200.876,150.2
14215,2010-12-06 15:34:00,2011-11-28 12:19:00,6,1358,1789.72,16.57148148148148,98,5,United Kingdom,12,357,1.2,298.2866666666667,226.33333333333334
14216,2011-11-02 10:51:00,2011-12-06 14:56:00,4,594,1839.3,31.17457627118644,47,2,United Kingdom,3,35,2.0,459.825,148.5
14217,2010-12-08 13:28:00,2011-12-08 11:53:00,17,689,2004.98,20.0498,78,12,United Kingdom,2,365,1.4166666666666667,117.94,40.529411764705884
14218,2011-10-28 10:00:00,2011-10-28 10:00:00,1,160,169.48000000000002,14.123333333333335,12,1,United Kingdom,43,1,1.0,169.48000000000002,160.0
14219,2011-12-05 16:23:00,2011-12-05 16:23:00,1,78,89.94,12.848571428571429,7,1,United Kingdom,4,1,1.0,89.94,78.0
14220,2010-12-16 18:18:00,2011-04-06 13:23:00,2,272,632.4,30.114285714285714,21,2,United Kingdom,247,111,1.0,316.2,136.0
14221,2011-01-04 15:33:00,2011-10-28 13:42:00,9,2191,3432.8,17.78652849740933,123,7,United Kingdom,42,297,1.2857142857142858,381.4222222222222,243.44444444444446
14222,2011-06-15 16:42:00,2011-06-15 16:42:00,1,607,683.17,16.662682926829266,41,1,United Kingdom,177,1,1.0,683.17,607.0
14223,2011-03-20 16:02:00,2011-09-08 13:38:00,3,585,991.13,16.518833333333333,50,3,United Kingdom,92,172,1.0,330.37666666666667,195.0
14224,2011-01-23 13:58:00,2011-08-21 13:24:00,4,514,1050.12,8.899322033898304,105,4,United Kingdom,110,210,1.0,262.53,128.5
14226,2011-03-15 15:36:00,2011-11-11 11:34:00,5,1308,2232.19,33.31626865671642,64,4,United Kingdom,29,241,1.25,446.438,261.6
14227,2011-02-28 12:27:00,2011-11-13 15:48:00,10,1820,3350.96,19.148342857142858,117,5,United Kingdom,26,259,2.0,335.096,182.0
14229,2011-01-10 12:03:00,2011-10-19 10:04:00,3,610,1547.2,38.68,29,3,United Kingdom,52,282,1.0,515.7333333333333,203.33333333333334
14231,2011-02-24 11:55:00,2011-06-09 11:05:00,3,409,925.71,18.514200000000002,47,3,United Kingdom,184,105,1.0,308.57,136.33333333333334
14232,2011-03-20 12:44:00,2011-10-28 11:09:00,5,1941,2048.07,17.80930434782609,81,5,United Kingdom,43,222,1.0,409.61400000000003,388.2
14233,2011-01-26 12:43:00,2011-10-21 15:54:00,4,680,1462.72,41.792,30,4,United Kingdom,49,269,1.0,365.68,170.0
14234,2011-10-13 13:58:00,2011-11-17 17:53:00,4,963,775.46,4.877106918238994,122,2,United Kingdom,22,36,2.0,193.865,240.75
14235,2011-03-24 13:23:00,2011-09-25 14:37:00,5,1959,3144.86,39.80835443037975,65,4,United Kingdom,75,186,1.25,628.972,391.8
14236,2010-12-02 18:49:00,2011-09-20 09:13:00,2,310,490.86,32.724000000000004,15,2,United Kingdom,81,292,1.0,245.43,155.0
14237,2010-12-01 13:20:00,2010-12-01 13:20:00,1,38,161.0,17.88888888888889,9,1,United Kingdom,373,1,1.0,161.0,38.0
14238,2011-01-17 14:40:00,2011-01-17 14:40:00,1,111,146.85,18.35625,8,1,United Kingdom,326,1,1.0,146.85,111.0
14239,2011-01-27 14:45:00,2011-10-27 14:40:00,11,993,2380.85,21.257589285714285,83,8,United Kingdom,43,273,1.375,216.4409090909091,90.27272727272727
14240,2011-04-28 11:40:00,2011-11-09 13:45:00,2,418,890.34,21.19857142857143,37,2,United Kingdom,30,196,1.0,445.17,209.0
14241,2011-06-09 11:46:00,2011-06-09 11:46:00,1,146,213.70000000000002,21.37,10,1,United Kingdom,184,1,1.0,213.70000000000002,146.0
14242,2011-01-18 08:53:00,2011-04-19 11:46:00,2,123,280.55,17.534375,13,2,United Kingdom,235,92,1.0,140.275,61.5
14243,2010-12-09 08:34:00,2011-12-01 11:12:00,10,1221,2588.77,18.360070921985816,99,9,United Kingdom,9,358,1.1111111111111112,258.877,122.1
14245,2011-03-21 10:41:00,2011-05-04 08:40:00,2,976,1693.45,15.680092592592594,107,2,United Kingdom,220,44,1.0,846.725,488.0
14246,2011-04-08 08:25:00,2011-08-21 11:50:00,3,804,1474.06,19.654133333333334,57,3,United Kingdom,111,136,1.0,491.3533333333333,268.0
14247,2011-03-06 15:21:00,2011-03-06 15:21:00,1,47,136.76999999999998,6.838499999999999,19,1,United Kingdom,278,1,1.0,136.76999999999998,47.0
14248,2011-01-25 14:45:00,2011-01-25 14:45:00,1,102,302.58,37.8225,8,1,United Kingdom,318,1,1.0,302.58,102.0
14250,2011-09-11 13:44:00,2011-12-02 14:30:00,3,1200,1904.05,17.153603603603603,94,2,United Kingdom,7,83,1.5,634.6833333333333,400.0
14251,2011-10-13 12:46:00,2011-12-08 08:32:00,5,1674,2879.7000000000003,36.91923076923077,37,3,United Kingdom,2,56,1.6666666666666667,575.94,334.8
14256,2010-12-10 11:44:00,2011-03-24 13:17:00,2,414,969.0600000000001,18.284150943396227,51,2,United Kingdom,260,105,1.0,484.53000000000003,207.0
14257,2011-01-25 10:49:00,2011-10-06 16:54:00,5,1682,3099.7200000000003,29.242641509433966,88,5,United Kingdom,64,255,1.0,619.9440000000001,336.4
14258,2011-01-06 12:18:00,2011-11-30 15:27:00,9,7100,12669.98,114.14396396396396,58,8,United Kingdom,9,329,1.125,1407.7755555555555,788.8888888888889
14259,2011-07-21 10:44:00,2011-07-21 10:44:00,1,68,120.0,24.0,5,1,United Kingdom,142,1,1.0,120.0,68.0
14261,2011-09-22 10:47:00,2011-10-20 10:04:00,2,406,1163.45,22.37403846153846,52,2,United Kingdom,51,28,1.0,581.725,203.0
14262,2011-04-13 12:23:00,2011-12-01 14:17:00,8,1645,2618.23,18.3093006993007,87,7,United Kingdom,8,233,1.1428571428571428,327.27875,205.625
14264,2011-04-08 12:20:00,2011-07-08 10:20:00,2,70,333.97,19.64529411764706,15,2,United Kingdom,155,91,1.0,166.985,35.0
14265,2011-07-14 09:10:00,2011-08-22 13:32:00,2,330,530.18,17.10258064516129,31,2,Unspecified,109,40,1.0,265.09,165.0
14267,2011-03-24 11:38:00,2011-06-30 10:09:00,3,530,1516.24,27.568,25,2,United Kingdom,163,98,1.5,505.41333333333336,176.66666666666666
14270,2011-01-12 09:33:00,2011-01-12 09:33:00,1,197,492.65000000000003,16.98793103448276,29,1,United Kingdom,332,1,1.0,492.65000000000003,197.0
14271,2011-04-28 12:47:00,2011-04-28 12:47:00,1,88,112.32,11.232,10,1,United Kingdom,226,1,1.0,112.32,88.0
14272,2011-03-30 13:57:00,2011-09-27 10:08:00,2,599,437.96,13.271515151515151,33,2,United Kingdom,74,181,1.0,218.98,299.5
14273,2011-04-11 13:24:00,2011-10-19 13:20:00,4,264,559.97,19.309310344827587,22,4,United Kingdom,51,191,1.0,139.9925,66.0
14276,2011-02-23 09:38:00,2011-09-02 09:45:00,3,744,1119.74,17.4959375,52,3,United Kingdom,99,192,1.0,373.24666666666667,248.0
14277,2011-05-11 13:20:00,2011-11-24 15:01:00,3,1984,4216.2,18.738666666666667,195,2,France,15,198,1.5,1405.3999999999999,661.3333333333334
14280,2011-05-27 10:37:00,2011-05-27 10:37:00,1,52,134.04,16.755,8,1,United Kingdom,197,1,1.0,134.04,52.0
14282,2010-12-07 12:21:00,2011-12-06 17:04:00,15,2668,3729.34,23.906025641025643,70,9,United Kingdom,3,365,1.6666666666666667,248.62266666666667,177.86666666666667
14284,2011-09-14 13:04:00,2011-11-09 08:11:00,2,161,595.25,18.6015625,24,2,United Kingdom,31,56,1.0,297.625,80.5
14285,2011-06-16 12:36:00,2011-11-18 14:50:00,4,541,1910.01,70.74111111111111,18,3,United Kingdom,21,156,1.3333333333333333,477.5025,135.25
14286,2011-04-11 08:16:00,2011-11-16 10:34:00,3,4338,4628.75,16.53125,220,3,United Kingdom,24,220,1.0,1542.9166666666667,1446.0
14287,2011-05-25 11:41:00,2011-12-01 13:25:00,3,261,176.63,19.625555555555554,9,2,United Kingdom,8,191,1.5,58.876666666666665,87.0
14288,2011-05-10 13:22:00,2011-05-10 13:22:00,1,188,426.6,26.6625,16,1,United Kingdom,213,1,1.0,426.6,188.0
14289,2011-02-23 12:33:00,2011-12-01 11:44:00,6,292,911.26,19.388510638297873,33,6,United Kingdom,9,281,1.0,151.87666666666667,48.666666666666664
14290,2010-12-13 10:24:00,2011-11-28 14:02:00,5,915,2314.65,22.917326732673267,89,4,United Kingdom,11,351,1.25,462.93,183.0
14291,2011-03-09 15:20:00,2011-12-08 10:26:00,11,2749,3883.25,16.385021097046412,145,6,United Kingdom,2,274,1.8333333333333333,353.02272727272725,249.9090909090909
14292,2011-03-02 08:26:00,2011-12-02 11:50:00,9,1663,4871.93,48.719300000000004,64,6,United Kingdom,8,276,1.5,541.3255555555556,184.77777777777777
14293,2010-12-06 10:18:00,2011-12-06 15:17:00,4,709,1046.56,17.15672131147541,51,4,United Kingdom,3,366,1.0,261.64,177.25
14295,2011-10-30 15:50:00,2011-10-30 15:50:00,1,84,166.20000000000002,33.24,5,1,United Kingdom,40,1,1.0,166.20000000000002,84.0
14297,2011-03-10 08:31:00,2011-11-22 09:06:00,4,865,1305.33,21.053709677419352,48,3,United Kingdom,18,258,1.3333333333333333,326.3325,216.25
14298,2010-12-14 12:59:00,2011-12-01 13:12:00,44,58343,51527.3,31.476664630421503,884,13,United Kingdom,8,353,3.3846153846153846,1171.075,1325.9772727272727
14299,2010-12-09 10:30:00,2011-12-01 16:05:00,9,2149,3965.62,27.73160839160839,94,7,United Kingdom,8,358,1.2857142857142858,440.6244444444444,238.77777777777777
14300,2011-11-21 08:57:00,2011-11-21 08:57:00,1,32,43.2,14.4,3,1,United Kingdom,19,1,1.0,43.2,32.0
14301,2011-08-14 15:33:00,2011-08-14 15:33:00,1,606,640.14,49.24153846153846,13,1,United Kingdom,117,1,1.0,640.14,606.0
14304,2011-05-01 11:50:00,2011-05-01 11:50:00,1,139,383.45,22.555882352941175,17,1,United Kingdom,223,1,1.0,383.45,139.0
14305,2011-07-27 14:14:00,2011-09-29 15:29:00,3,1089,1858.96,17.70438095238095,96,3,United Kingdom,71,65,1.0,619.6533333333333,363.0
14306,2011-09-15 10:31:00,2011-10-19 13:23:00,2,1075,2093.32,63.4339393939394,33,2,United Kingdom,51,35,1.0,1046.66,537.5
14307,2010-12-01 11:41:00,2011-09-12 09:38:00,6,2058,2995.72,16.642888888888887,150,5,United Kingdom,89,285,1.2,499.28666666666663,343.0
14309,2010-12-16 13:05:00,2011-12-01 13:33:00,9,1633,2352.53,20.10709401709402,74,7,United Kingdom,8,351,1.2857142857142858,261.39222222222224,181.44444444444446
14311,2011-04-11 10:14:00,2011-04-11 10:14:00,1,146,310.26,15.513,20,1,United Kingdom,243,1,1.0,310.26,146.0
14312,2011-01-06 16:35:00,2011-10-24 09:46:00,6,1012,1611.59,18.524022988505745,74,6,United Kingdom,47,291,1.0,268.5983333333333,168.66666666666666
14314,2011-08-25 10:39:00,2011-08-25 10:39:00,1,296,120.0,15.0,8,1,United Kingdom,107,1,1.0,120.0,296.0
14315,2011-03-18 12:59:00,2011-10-26 12:06:00,6,1021,2481.13,24.565643564356435,64,5,United Kingdom,45,222,1.2,413.5216666666667,170.16666666666666
14317,2011-10-06 10:44:00,2011-10-06 10:44:00,1,255,508.58000000000004,21.190833333333334,24,1,United Kingdom,65,1,1.0,508.58000000000004,255.0
14320,2011-01-11 09:12:00,2011-05-17 09:24:00,2,325,477.79,15.412580645161292,29,2,United Kingdom,207,127,1.0,238.895,162.5
14321,2011-01-10 11:35:00,2011-11-29 09:47:00,5,2406,1530.75,12.445121951219512,111,5,United Kingdom,11,323,1.0,306.15,481.2
14323,2011-04-15 11:44:00,2011-08-17 11:37:00,2,350,605.0600000000001,16.807222222222222,32,2,United Kingdom,115,124,1.0,302.53000000000003,175.0
14326,2011-04-11 15:04:00,2011-04-11 15:04:00,1,103,183.85,22.98125,8,1,United Kingdom,242,1,1.0,183.85,103.0
14327,2011-06-29 13:58:00,2011-06-29 13:58:00,1,139,311.65,25.97083333333333,12,1,United Kingdom,163,1,1.0,311.65,139.0
14329,2011-01-14 13:42:00,2011-11-22 15:50:00,7,3095,5014.84,19.362316602316604,218,6,United Kingdom,17,313,1.1666666666666667,716.4057142857143,442.14285714285717
14331,2011-07-27 15:14:00,2011-08-07 13:17:00,2,252,462.65999999999997,16.523571428571426,27,2,United Kingdom,124,11,1.0,231.32999999999998,126.0
14332,2011-07-15 10:33:00,2011-11-17 11:54:00,3,481,866.31,33.31961538461538,22,3,United Kingdom,23,126,1.0,288.77,160.33333333333334
14333,2011-10-03 10:38:00,2011-10-03 10:38:00,1,58,415.2,27.68,15,1,United Kingdom,68,1,1.0,415.2,58.0
14334,2010-12-16 17:37:00,2011-11-23 10:01:00,8,1731,2552.21,15.754382716049383,98,8,United Kingdom,17,342,1.0,319.02625,216.375
14335,2011-09-04 13:07:00,2011-11-23 13:41:00,2,379,468.26,7.432698412698413,55,2,Germany,16,81,1.0,234.13,189.5
14336,2011-03-08 16:48:00,2011-11-23 11:40:00,4,1759,1614.91,17.943444444444445,77,3,United Kingdom,17,260,1.3333333333333333,403.7275,439.75
14338,2011-05-27 13:30:00,2011-07-01 14:08:00,2,335,588.22,18.97483870967742,30,2,United Kingdom,161,36,1.0,294.11,167.5
14339,2011-04-11 11:06:00,2011-04-11 11:06:00,1,168,309.52,22.108571428571427,14,1,United Kingdom,243,1,1.0,309.52,168.0
14340,2011-05-05 09:44:00,2011-05-05 09:44:00,1,58,134.7,22.45,6,1,United Kingdom,219,1,1.0,134.7,58.0
14341,2011-01-25 13:55:00,2011-10-25 15:48:00,8,1403,2182.28,16.916899224806205,109,5,United Kingdom,45,274,1.6,272.785,175.375
14342,2011-05-13 13:50:00,2011-11-18 13:21:00,4,347,668.5600000000001,31.836190476190477,18,3,United Kingdom,21,189,1.3333333333333333,167.14000000000001,86.75
14344,2010-12-06 11:58:00,2011-08-04 13:51:00,8,477,889.9300000000001,12.534225352112676,56,5,United Kingdom,127,242,1.6,111.24125000000001,59.625
14345,2011-11-01 09:51:00,2011-11-01 09:51:00,1,50,108.97999999999999,18.16333333333333,6,1,United Kingdom,39,1,1.0,108.97999999999999,50.0
14346,2011-02-15 13:52:00,2011-08-11 09:47:00,2,605,1021.58,17.026333333333334,55,2,United Kingdom,121,177,1.0,510.79,302.5
14348,2011-03-24 16:23:00,2011-03-24 16:23:00,1,183,409.57,22.753888888888888,18,1,United Kingdom,260,1,1.0,409.57,183.0
14349,2011-11-29 15:39:00,2011-11-29 15:39:00,1,86,133.5,4.306451612903226,31,1,United Kingdom,10,1,1.0,133.5,86.0
14350,2011-03-10 14:14:00,2011-03-10 14:14:00,1,183,282.93,15.718333333333334,18,1,United Kingdom,274,1,1.0,282.93,183.0
14351,2011-06-28 11:56:00,2011-06-28 11:56:00,1,12,51.0,51.0,1,1,United Kingdom,165,1,1.0,51.0,12.0
14352,2011-03-11 14:58:00,2011-07-05 15:41:00,4,538,1078.96,22.95659574468085,44,3,United Kingdom,157,117,1.3333333333333333,269.74,134.5
14353,2011-05-08 16:06:00,2011-05-08 16:06:00,1,64,90.6,15.1,6,1,United Kingdom,215,1,1.0,90.6,64.0
14354,2011-11-09 15:36:00,2011-12-04 11:32:00,2,210,163.62,18.18,9,2,United Kingdom,6,25,1.0,81.81,105.0
14355,2010-12-09 12:16:00,2010-12-09 12:16:00,1,92,174.4,15.854545454545455,11,1,United Kingdom,366,1,1.0,174.4,92.0
14356,2011-09-19 14:43:00,2011-09-21 09:18:00,2,277,701.23,21.24939393939394,33,1,United Kingdom,80,2,2.0,350.615,138.5
14357,2011-10-27 16:23:00,2011-10-27 16:23:00,1,148,225.77,5.506585365853659,39,1,United Kingdom,43,1,1.0,225.77,148.0
14359,2011-09-13 09:03:00,2011-11-20 13:17:00,3,371,912.18,16.58509090909091,44,3,United Kingdom,19,69,1.0,304.06,123.66666666666667
14360,2011-09-06 11:58:00,2011-11-08 09:12:00,4,1151,2128.23,18.035847457627117,104,3,United Kingdom,32,63,1.3333333333333333,532.0575,287.75
14362,2011-11-17 15:08:00,2011-11-17 15:08:00,1,100,161.2,3.9317073170731707,37,1,United Kingdom,22,1,1.0,161.2,100.0
14364,2011-05-12 12:56:00,2011-08-23 11:01:00,8,1967,3717.35,53.87463768115942,61,4,United Kingdom,109,103,2.0,464.66875,245.875
14367,2011-03-08 14:12:00,2011-12-01 13:19:00,16,4438,9261.52,17.67465648854962,270,9,United Kingdom,8,268,1.7777777777777777,578.845,277.375
14368,2011-01-24 09:52:00,2011-01-24 09:52:00,1,36,155.0,19.375,8,1,United Kingdom,320,1,1.0,155.0,36.0
14371,2011-02-17 16:35:00,2011-02-17 16:35:00,1,34,100.5,25.125,4,1,United Kingdom,295,1,1.0,100.5,34.0
14373,2010-12-16 15:40:00,2010-12-16 15:40:00,1,17,76.55,19.1375,4,1,United Kingdom,358,1,1.0,76.55,17.0
14375,2011-06-07 13:44:00,2011-06-07 13:44:00,1,194,257.68,3.4357333333333333,57,1,United Kingdom,185,1,1.0,257.68,194.0
14377,2011-03-22 13:38:00,2011-06-01 13:32:00,2,219,617.05,56.095454545454544,11,2,United Kingdom,191,71,1.0,308.525,109.5
14379,2011-02-17 15:03:00,2011-10-26 16:43:00,2,292,348.1,7.567391304347827,39,2,United Kingdom,44,252,1.0,174.05,146.0
14381,2011-10-18 17:10:00,2011-10-18 17:10:00,1,146,202.68,3.619285714285714,56,1,United Kingdom,52,1,1.0,202.68,146.0
14382,2011-11-13 16:18:00,2011-11-13 16:18:00,1,1237,626.0699999999999,4.7791603053435106,121,1,United Kingdom,26,1,1.0,626.0699999999999,1237.0
14383,2011-06-29 10:18:00,2011-11-01 15:53:00,3,817,1247.69,21.14728813559322,49,3,United Kingdom,38,126,1.0,415.8966666666667,272.3333333333333
14385,2011-11-16 11:55:00,2011-11-30 15:36:00,3,159,202.11,14.436428571428573,13,1,United Kingdom,9,15,3.0,67.37,53.0
14386,2011-02-16 09:45:00,2011-02-16 09:45:00,1,54,142.4,20.342857142857145,7,1,United Kingdom,297,1,1.0,142.4,54.0
14387,2011-08-22 14:13:00,2011-11-07 12:29:00,3,819,1770.56,12.646857142857142,125,3,United Kingdom,33,77,1.0,590.1866666666666,273.0
14388,2010-12-02 11:02:00,2011-11-29 13:32:00,8,1941,3212.84,17.273333333333333,124,7,United Kingdom,10,363,1.1428571428571428,401.605,242.625
14389,2011-06-02 12:04:00,2011-10-05 15:17:00,2,729,1043.46,23.188000000000002,33,2,United Kingdom,65,126,1.0,521.73,364.5
14390,2010-12-02 11:57:00,2011-11-29 13:49:00,9,2136,4652.82,16.268601398601398,135,6,United Kingdom,10,363,1.5,516.98,237.33333333333334
14393,2011-05-05 18:16:00,2011-05-05 18:16:00,1,13,67.95,13.59,5,1,United Kingdom,218,1,1.0,67.95,13.0
14395,2010-12-02 18:15:00,2011-12-07 14:34:00,9,1693,3507.71,10.02202857142857,181,9,United Kingdom,2,370,1.0,389.74555555555554,188.11111111111111
14396,2010-12-03 15:19:00,2011-10-05 16:09:00,2,225,487.99,6.684794520547945,71,2,United Kingdom,65,307,1.0,243.995,112.5
14397,2011-05-10 12:25:00,2011-12-07 09:22:00,19,1890,2612.96,30.034022988505747,18,8,United Kingdom,3,211,2.375,137.52421052631578,99.47368421052632
14400,2011-07-13 15:50:00,2011-07-13 15:50:00,1,454,574.7,22.988000000000003,25,1,United Kingdom,149,1,1.0,574.7,454.0
14401,2010-12-15 09:07:00,2011-12-05 13:30:00,13,4507,4051.48,22.26087912087912,113,8,United Kingdom,4,356,1.625,311.6523076923077,346.6923076923077
14403,2011-04-06 14:23:00,2011-08-01 12:57:00,4,519,1475.81,73.7905,17,4,United Kingdom,130,117,1.0,368.9525,129.75
14404,2010-12-05 16:00:00,2011-11-06 12:30:00,6,839,1474.32,14.31378640776699,70,6,United Kingdom,34,336,1.0,245.72,139.83333333333334
14406,2011-08-12 16:54:00,2011-08-12 16:54:00,1,77,156.75,19.59375,8,1,United Kingdom,119,1,1.0,156.75,77.0
14407,2011-03-08 11:59:00,2011-08-24 14:02:00,6,1415,2157.73,29.557945205479452,67,4,United Kingdom,107,170,1.5,359.62166666666667,235.83333333333334
14408,2011-03-20 14:41:00,2011-11-29 11:41:00,7,1616,2606.53,24.360093457943925,60,6,United Kingdom,11,254,1.1666666666666667,372.3614285714286,230.85714285714286
14409,2010-12-06 15:03:00,2011-09-29 18:18:00,6,1230,2059.4500000000003,38.137962962962966,40,5,United Kingdom,71,298,1.2,343.24166666666673,205.0
14410,2011-02-07 09:36:00,2011-09-08 15:08:00,9,571,1105.07,5.725751295336787,153,6,United Kingdom,92,214,1.5,122.78555555555555,63.44444444444444
14411,2011-02-02 10:56:00,2011-02-02 10:56:00,1,196,1063.0,75.92857142857143,14,1,United Kingdom,311,1,1.0,1063.0,196.0
14412,2011-09-28 08:48:00,2011-10-28 10:45:00,2,786,770.03,17.90767441860465,43,2,United Kingdom,43,31,1.0,385.015,393.0
14413,2010-12-12 13:37:00,2010-12-12 13:37:00,1,68,122.7,5.334782608695653,22,1,United Kingdom,362,1,1.0,122.7,68.0
14414,2010-12-16 11:11:00,2011-09-09 12:09:00,7,2512,1496.98,15.432783505154639,79,4,United Kingdom,92,268,1.75,213.8542857142857,358.85714285714283
14415,2010-12-14 13:31:00,2011-12-08 14:38:00,13,3011,5900.28,10.000474576271186,283,12,United Kingdom,1,360,1.0833333333333333,453.86769230769227,231.6153846153846
14416,2011-10-28 15:10:00,2011-11-17 15:22:00,2,326,490.22,35.01571428571429,13,2,United Kingdom,22,21,1.0,245.11,163.0
14418,2011-08-23 17:18:00,2011-12-06 11:39:00,3,1711,1937.25,15.622983870967742,114,3,United Kingdom,4,105,1.0,645.75,570.3333333333334
14419,2010-12-10 10:56:00,2011-11-29 11:22:00,6,487,1058.06,5.13621359223301,112,5,United Kingdom,11,355,1.2,176.34333333333333,81.16666666666667
14420,2011-09-01 18:07:00,2011-09-01 18:07:00,1,334,387.52,13.362758620689654,29,1,United Kingdom,99,1,1.0,387.52,334.0
14421,2011-05-12 10:49:00,2011-10-13 13:24:00,2,365,813.11,30.115185185185187,25,2,United Kingdom,57,155,1.0,406.555,182.5
14422,2011-03-17 17:26:00,2011-12-09 11:26:00,6,2906,4263.64,19.205585585585588,189,6,United Kingdom,1,267,1.0,710.6066666666667,484.3333333333333
14423,2011-05-05 15:12:00,2011-05-05 15:12:00,1,120,265.2,88.39999999999999,3,1,United Kingdom,218,1,1.0,265.2,120.0
14424,2011-11-22 11:48:00,2011-11-22 11:48:00,1,48,322.08,322.08,1,1,United Kingdom,18,1,1.0,322.08,48.0
14426,2011-01-31 09:51:00,2011-11-16 12:25:00,10,2699,4481.67,20.007455357142856,183,5,United Kingdom,24,290,2.0,448.16700000000003,269.9
14427,2011-10-07 09:10:00,2011-10-20 14:23:00,2,228,363.34000000000003,21.37294117647059,16,1,United Kingdom,50,14,2.0,181.67000000000002,114.0
14428,2011-01-18 16:39:00,2011-12-02 13:17:00,5,436,1244.83,8.644652777777777,108,5,United Kingdom,7,318,1.0,248.96599999999998,87.2
14431,2011-02-10 10:40:00,2011-02-10 10:40:00,1,130,470.36,27.668235294117647,17,1,United Kingdom,303,1,1.0,470.36,130.0
14432,2011-09-11 14:09:00,2011-11-30 08:04:00,6,2070,2255.51,5.904476439790576,256,3,United Kingdom,10,80,2.0,375.91833333333335,345.0
14434,2011-09-28 15:31:00,2011-11-18 08:56:00,6,368,1372.8,114.39999999999999,3,3,United Kingdom,22,51,2.0,228.79999999999998,61.333333333333336
14436,2011-09-02 10:13:00,2011-09-02 10:13:00,1,129,89.06,9.895555555555555,9,1,United Kingdom,99,1,1.0,89.06,129.0
14437,2010-12-09 09:27:00,2010-12-09 09:27:00,1,60,63.0,12.6,5,1,United Kingdom,366,1,1.0,63.0,60.0
14438,2011-02-06 14:56:00,2011-02-06 14:56:00,1,82,131.9,14.655555555555557,9,1,United Kingdom,306,1,1.0,131.9,82.0
14439,2011-01-24 11:39:00,2011-01-24 11:39:00,1,526,2661.24,83.16375,32,1,Greece,320,1,1.0,2661.24,526.0
14440,2010-12-09 12:49:00,2011-12-01 15:42:00,5,588,2357.6800000000003,42.8669090909091,33,5,United Kingdom,8,358,1.0,471.53600000000006,117.6
14441,2011-03-29 12:01:00,2011-12-09 09:07:00,4,446,1712.89,33.58607843137255,43,4,United Kingdom,1,255,1.0,428.2225,111.5
14442,2011-01-27 09:33:00,2011-05-19 11:36:00,2,482,1589.82,25.235238095238095,58,2,Channel Islands,205,113,1.0,794.91,241.0
14443,2010-12-06 11:03:00,2011-10-17 10:10:00,4,938,1420.2,15.270967741935484,84,4,United Kingdom,54,315,1.0,355.05,234.5
14446,2011-04-07 12:10:00,2011-12-09 11:34:00,4,933,1039.58,3.548054607508532,233,4,United Kingdom,1,246,1.0,259.895,233.25
14447,2011-03-04 10:49:00,2011-11-21 08:28:00,5,571,1163.23,16.617571428571427,54,4,United Kingdom,19,262,1.25,232.64600000000002,114.2
14448,2010-12-10 17:26:00,2011-11-30 13:50:00,2,104,375.35,18.767500000000002,20,2,United Kingdom,9,355,1.0,187.675,52.0
14449,2010-12-02 14:09:00,2011-11-21 12:06:00,4,757,907.1,3.5158914728682173,201,4,United Kingdom,19,354,1.0,226.775,189.25
14450,2011-01-23 11:53:00,2011-06-12 10:46:00,3,241,483.25,12.08125,32,3,United Kingdom,181,140,1.0,161.08333333333334,80.33333333333333
14451,2011-05-29 12:35:00,2011-10-10 13:38:00,2,389,662.59,6.078807339449542,86,2,United Kingdom,60,135,1.0,331.295,194.5
14452,2011-09-07 11:32:00,2011-11-29 12:06:00,2,119,264.44,4.26516129032258,55,2,United Kingdom,11,84,1.0,132.22,59.5
14453,2011-06-02 14:15:00,2011-06-02 14:15:00,1,49,119.93,5.451363636363637,22,1,United Kingdom,190,1,1.0,119.93,49.0
14456,2011-07-20 13:06:00,2011-12-04 13:59:00,9,2908,3062.4,3.1571134020618556,580,5,United Kingdom,5,138,1.8,340.26666666666665,323.1111111111111
14457,2011-02-02 09:39:00,2011-02-02 09:39:00,1,88,113.64,28.41,4,1,United Kingdom,311,1,1.0,113.64,88.0
14459,2011-07-07 13:35:00,2011-07-07 13:35:00,1,760,1837.92,49.67351351351351,37,1,United Kingdom,155,1,1.0,1837.92,760.0
14460,2011-02-02 11:55:00,2011-08-21 14:19:00,3,881,434.34,27.14625,14,3,United Kingdom,110,201,1.0,144.78,293.6666666666667
14461,2011-03-23 12:15:00,2011-07-14 17:11:00,3,766,2103.06,11.683666666666666,173,3,United Kingdom,148,114,1.0,701.02,255.33333333333334
14462,2011-01-04 12:45:00,2011-10-04 15:55:00,11,964,2004.02,8.350083333333334,150,9,United Kingdom,66,274,1.2222222222222223,182.18363636363637,87.63636363636364
14463,2011-05-18 14:42:00,2011-09-02 15:20:00,3,179,529.62,88.27,6,3,United Kingdom,98,108,1.0,176.54,59.666666666666664
14465,2011-02-10 12:13:00,2011-04-07 12:38:00,3,405,1058.6200000000001,8.14323076923077,107,2,United Kingdom,247,57,1.5,352.8733333333334,135.0
14466,2010-12-02 13:36:00,2011-11-10 14:07:00,7,1006,2272.4,31.561111111111114,35,7,United Kingdom,29,344,1.0,324.62857142857143,143.71428571428572
14467,2011-01-31 12:35:00,2011-11-22 12:48:00,4,278,598.76,6.652888888888889,67,3,United Kingdom,18,296,1.3333333333333333,149.69,69.5
14470,2011-02-25 11:56:00,2011-11-28 10:31:00,2,193,461.19,10.725348837209303,43,2,United Kingdom,12,276,1.0,230.595,96.5
14472,2010-12-19 14:03:00,2011-08-28 11:01:00,8,1160,1936.84,6.892669039145908,153,7,United Kingdom,104,252,1.1428571428571428,242.105,145.0
14473,2011-03-02 13:56:00,2011-09-26 15:10:00,2,88,234.34000000000003,33.47714285714286,7,2,United Kingdom,74,209,1.0,117.17000000000002,44.0
14474,2011-10-24 13:26:00,2011-10-24 13:26:00,1,140,547.66,18.884827586206896,29,1,United Kingdom,46,1,1.0,547.66,140.0
14475,2011-02-08 10:12:00,2011-09-29 10:46:00,3,447,925.85,22.04404761904762,35,3,United Kingdom,72,234,1.0,308.6166666666667,149.0
14476,2011-03-27 15:39:00,2011-03-27 15:39:00,1,132,215.7,11.352631578947367,17,1,United Kingdom,257,1,1.0,215.7,132.0
14477,2011-02-15 15:44:00,2011-11-20 11:11:00,4,720,1309.6,130.95999999999998,7,4,United Kingdom,20,278,1.0,327.4,180.0
14479,2010-12-09 12:59:00,2011-03-31 09:07:00,2,117,316.25,17.569444444444443,18,2,United Kingdom,254,112,1.0,158.125,58.5
14480,2011-11-28 16:35:00,2011-11-28 16:35:00,1,143,279.05,21.465384615384615,13,1,United Kingdom,11,1,1.0,279.05,143.0
14481,2011-02-25 13:53:00,2011-06-28 10:38:00,2,489,636.51,21.217,25,2,United Kingdom,165,123,1.0,318.255,244.5
14482,2011-04-14 16:41:00,2011-11-21 13:14:00,6,1646,2068.15,14.362152777777778,110,4,United Kingdom,18,221,1.5,344.69166666666666,274.3333333333333
14483,2011-03-03 10:26:00,2011-03-03 10:26:00,1,97,137.1,15.233333333333333,9,1,United Kingdom,282,1,1.0,137.1,97.0
14484,2011-10-20 14:11:00,2011-10-20 14:11:00,1,210,321.92,22.994285714285716,14,1,United Kingdom,50,1,1.0,321.92,210.0
14485,2011-11-01 12:25:00,2011-11-01 12:25:00,1,71,165.75,3.526595744680851,44,1,United Kingdom,39,1,1.0,165.75,71.0
14487,2010-12-06 13:22:00,2011-11-13 12:17:00,6,735,1196.33,8.307847222222222,112,4,United Kingdom,27,342,1.5,199.38833333333332,122.5
14488,2011-10-03 09:30:00,2011-10-03 09:30:00,1,799,1064.28,23.136521739130433,46,1,United Kingdom,68,1,1.0,1064.28,799.0
14489,2011-05-16 14:51:00,2011-05-16 14:51:00,1,299,463.38,15.446,30,1,United Kingdom,207,1,1.0,463.38,299.0
14491,2010-12-02 12:10:00,2011-06-17 15:22:00,2,139,340.93,20.05470588235294,17,2,United Kingdom,175,198,1.0,170.465,69.5
14493,2011-07-07 16:59:00,2011-12-02 16:14:00,5,1285,2383.2400000000002,19.860333333333337,95,4,United Kingdom,7,148,1.25,476.648,257.0
14494,2011-11-14 09:21:00,2011-11-14 09:21:00,1,92,139.56,19.937142857142856,7,1,United Kingdom,26,1,1.0,139.56,92.0
14495,2011-08-10 14:13:00,2011-10-20 12:28:00,2,62,123.8,20.633333333333333,6,2,United Kingdom,51,71,1.0,61.9,31.0
14496,2010-12-01 15:35:00,2011-02-01 09:01:00,2,159,538.8100000000001,28.35842105263158,16,2,United Kingdom,312,62,1.0,269.40500000000003,79.5
14497,2011-02-03 17:01:00,2011-02-03 17:01:00,1,235,475.37,16.392068965517243,29,1,United Kingdom,309,1,1.0,475.37,235.0
14498,2010-12-13 11:29:00,2011-10-28 12:09:00,5,1098,1957.32,10.141554404145078,162,5,United Kingdom,43,320,1.0,391.464,219.6
14499,2011-03-06 11:55:00,2011-11-13 13:01:00,3,501,815.32,4.2026804123711345,146,3,United Kingdom,26,253,1.0,271.77333333333337,167.0
14500,2011-06-03 10:08:00,2011-09-12 16:45:00,3,117,356.85,50.978571428571435,6,3,United Kingdom,88,102,1.0,118.95,39.0
14501,2011-01-24 10:43:00,2011-06-09 12:02:00,2,161,251.21,25.121000000000002,9,2,United Kingdom,184,137,1.0,125.605,80.5
14502,2011-01-30 15:52:00,2011-11-20 11:50:00,11,1498,2470.67,3.9594070512820516,368,7,United Kingdom,20,294,1.5714285714285714,224.60636363636365,136.1818181818182
14503,2011-06-14 10:00:00,2011-12-06 13:30:00,6,2004,3543.26,21.605243902439025,113,4,United Kingdom,3,176,1.5,590.5433333333334,334.0
14504,2011-03-06 14:38:00,2011-10-23 16:00:00,4,308,673.26,6.2921495327102805,85,3,United Kingdom,47,232,1.3333333333333333,168.315,77.0
14505,2010-12-12 16:14:00,2011-11-22 15:45:00,8,2759,5905.64,7.391289111389237,540,6,United Kingdom,17,345,1.3333333333333333,738.205,344.875
14506,2010-12-05 14:25:00,2011-11-22 13:02:00,5,730,2012.17,6.367626582278481,204,5,United Kingdom,17,352,1.0,402.434,146.0
14507,2011-03-08 17:23:00,2011-11-16 12:21:00,6,600,1383.18,14.408125,79,5,United Kingdom,24,253,1.2,230.53,100.0
14508,2011-09-11 11:29:00,2011-11-17 19:48:00,2,131,276.42,4.849473684210526,52,2,United Kingdom,22,68,1.0,138.21,65.5
14511,2011-07-29 12:13:00,2011-11-28 17:05:00,5,784,1314.81,19.33544117647059,53,4,United Kingdom,11,123,1.25,262.962,156.8
14512,2011-04-21 19:05:00,2011-06-05 12:39:00,2,122,275.28,11.968695652173912,19,2,United Kingdom,188,45,1.0,137.64,61.0
14513,2011-02-24 09:36:00,2011-08-31 11:25:00,3,361,455.59000000000003,37.965833333333336,11,3,United Kingdom,101,189,1.0,151.86333333333334,120.33333333333333
14514,2011-01-12 15:22:00,2011-10-09 16:05:00,3,589,1055.35,14.456849315068492,65,3,United Kingdom,61,271,1.0,351.7833333333333,196.33333333333334
14515,2011-05-05 12:13:00,2011-11-22 11:37:00,6,1134,2102.09,20.812772277227726,68,4,United Kingdom,18,201,1.5,350.34833333333336,189.0
14517,2011-07-21 11:42:00,2011-11-06 14:20:00,2,91,330.45,18.358333333333334,17,2,United Kingdom,33,109,1.0,165.225,45.5
14518,2011-10-06 14:43:00,2011-10-06 14:43:00,1,278,174.37,10.898125,16,1,United Kingdom,64,1,1.0,174.37,278.0
14520,2011-02-22 09:15:00,2011-12-08 09:46:00,2,146,270.6,67.65,3,2,United Kingdom,2,290,1.0,135.3,73.0
14522,2011-05-25 16:01:00,2011-11-15 13:24:00,4,525,974.54,57.32588235294117,15,3,United Kingdom,24,174,1.3333333333333333,243.635,131.25
14523,2011-08-23 13:13:00,2011-08-23 13:13:00,1,251,241.09,20.090833333333332,12,1,United Kingdom,108,1,1.0,241.09,251.0
14524,2010-12-14 11:01:00,2011-11-08 12:29:00,9,676,1867.68,9.20039408866995,161,6,United Kingdom,32,330,1.5,207.52,75.11111111111111
14525,2010-12-13 17:40:00,2011-11-20 11:37:00,9,2696,4332.2,14.887285223367696,217,8,United Kingdom,20,342,1.125,481.35555555555555,299.55555555555554
14527,2010-12-05 13:17:00,2011-12-07 12:19:00,55,2089,8508.82,8.753930041152262,330,13,United Kingdom,3,367,4.230769230769231,154.7058181818182,37.981818181818184
14528,2011-11-02 17:09:00,2011-11-02 17:09:00,1,278,364.21999999999997,20.234444444444442,18,1,United Kingdom,37,1,1.0,364.21999999999997,278.0
14529,2011-08-21 14:10:00,2011-10-10 15:27:00,3,348,620.04,2.707598253275109,177,3,United Kingdom,60,51,1.0,206.67999999999998,116.0
14530,2011-02-16 10:47:00,2011-11-14 10:38:00,6,1410,2925.91,13.54587962962963,140,6,United Kingdom,26,271,1.0,487.65166666666664,235.0
14532,2010-12-22 13:48:00,2011-04-17 13:05:00,4,284,932.85,14.57578125,45,4,United Kingdom,236,116,1.0,233.2125,71.0
14533,2010-12-22 11:07:00,2011-11-15 12:05:00,7,4019,1949.72,31.44709677419355,53,5,United Kingdom,25,329,1.4,278.5314285714286,574.1428571428571
14534,2011-01-25 12:33:00,2011-12-07 12:19:00,18,2047,4447.05,8.56849710982659,331,12,United Kingdom,3,316,1.5,247.05833333333334,113.72222222222223
14535,2011-04-05 12:50:00,2011-10-10 15:39:00,3,1831,2864.19,8.679363636363636,280,3,United Kingdom,60,189,1.0,954.73,610.3333333333334
14536,2011-03-25 12:21:00,2011-03-25 12:21:00,1,40,171.8,9.042105263157895,18,1,United Kingdom,260,1,1.0,171.8,40.0
14537,2011-10-13 10:54:00,2011-10-13 10:54:00,1,120,355.56,35.556,10,1,United Kingdom,58,1,1.0,355.56,120.0
14538,2011-03-28 14:57:00,2011-10-06 10:31:00,2,155,388.25,20.43421052631579,19,2,United Kingdom,65,192,1.0,194.125,77.5
14539,2011-10-26 12:03:00,2011-11-24 09:50:00,2,428,537.48,16.79625,31,2,United Kingdom,16,29,1.0,268.74,214.0
14540,2011-02-03 15:02:00,2011-11-30 10:15:00,3,421,996.26,13.108684210526315,64,3,United Kingdom,10,300,1.0,332.08666666666664,140.33333333333334
14541,2011-01-24 14:16:00,2011-10-12 10:08:00,8,647,1461.65,13.168018018018019,71,6,United Kingdom,59,261,1.3333333333333333,182.70625,80.875
14542,2011-06-07 08:19:00,2011-06-07 08:19:00,1,19,103.25,20.65,5,1,United Kingdom,186,1,1.0,103.25,19.0
14543,2010-12-10 11:51:00,2011-11-11 12:45:00,16,679,3630.33,50.42125,43,10,United Kingdom,29,337,1.6,226.895625,42.4375
14544,2010-12-13 12:50:00,2011-11-15 15:06:00,2,1543,2024.45,17.758333333333333,97,2,United Kingdom,24,338,1.0,1012.225,771.5
14546,2011-04-05 12:37:00,2011-12-04 13:00:00,5,1317,2578.09,6.4613784461152886,250,5,United Kingdom,5,244,1.0,515.618,263.4
14547,2011-10-16 14:35:00,2011-12-06 11:06:00,8,2668,4007.54,10.949562841530055,198,3,United Kingdom,4,51,2.6666666666666665,500.9425,333.5
14548,2011-01-26 08:38:00,2011-07-12 12:19:00,2,256,652.8,163.2,2,2,United Kingdom,151,168,1.0,326.4,128.0
14549,2011-02-01 13:47:00,2011-02-01 13:47:00,1,136,289.24,5.165,56,1,United Kingdom,311,1,1.0,289.24,136.0
14550,2011-10-26 12:14:00,2011-11-29 12:12:00,2,394,765.62,15.950416666666667,38,2,United Kingdom,11,34,1.0,382.81,197.0
14551,2011-05-19 18:21:00,2011-11-21 13:36:00,2,106,186.23,18.622999999999998,9,2,United Kingdom,18,186,1.0,93.115,53.0
14552,2011-07-11 12:49:00,2011-07-11 12:49:00,1,91,165.07,2.8460344827586206,57,1,United Kingdom,152,1,1.0,165.07,91.0
14553,2011-01-04 15:40:00,2011-11-20 13:20:00,5,493,859.27,7.604159292035398,103,3,United Kingdom,19,320,1.6666666666666667,171.85399999999998,98.6
14554,2011-10-18 13:04:00,2011-11-29 16:44:00,4,1478,2381.04,11.023333333333333,147,2,United Kingdom,10,43,2.0,595.26,369.5
14555,2011-02-10 17:19:00,2011-10-13 16:24:00,2,130,324.14,15.435238095238095,18,2,United Kingdom,57,245,1.0,162.07,65.0
14557,2011-09-15 15:48:00,2011-09-15 15:48:00,1,510,788.38,49.27375,16,1,United Kingdom,85,1,1.0,788.38,510.0
14560,2010-12-17 09:22:00,2011-12-02 15:22:00,22,1260,2237.77,30.240135135135134,39,12,United Kingdom,7,351,1.8333333333333333,101.71681818181818,57.27272727272727
14561,2011-06-08 13:26:00,2011-09-25 12:39:00,3,1014,1080.76,15.6631884057971,67,2,United Kingdom,76,109,1.5,360.25333333333333,338.0
14562,2011-02-08 14:45:00,2011-12-06 11:05:00,18,1834,5074.77,11.997092198581562,187,9,United Kingdom,4,301,2.0,281.9316666666667,101.88888888888889
14565,2010-12-13 13:25:00,2011-09-05 09:07:00,4,1540,3099.12,24.40251968503937,111,4,United Kingdom,96,266,1.0,774.78,385.0
14566,2011-08-21 11:05:00,2011-08-21 11:05:00,1,800,1432.0,358.0,4,1,Channel Islands,111,1,1.0,1432.0,800.0
14567,2011-08-01 13:48:00,2011-10-14 10:21:00,2,412,1530.3600000000001,46.374545454545455,33,2,United Kingdom,57,74,1.0,765.1800000000001,206.0
14569,2011-12-08 14:58:00,2011-12-08 14:58:00,1,79,227.39,18.949166666666667,10,1,United Kingdom,1,1,1.0,227.39,79.0
14570,2011-03-04 10:39:00,2011-03-04 10:58:00,2,95,218.06,7.519310344827586,29,1,United Kingdom,281,1,2.0,109.03,47.5
14572,2011-01-19 17:23:00,2011-12-06 14:40:00,7,1428,2832.84,10.492,190,6,United Kingdom,3,321,1.1666666666666667,404.6914285714286,204.0
14573,2010-12-02 19:59:00,2011-06-13 11:15:00,9,544,1653.42,7.035829787234043,127,5,United Kingdom,180,193,1.8,183.71333333333334,60.44444444444444
14576,2010-12-02 17:51:00,2010-12-02 17:51:00,1,12,35.400000000000006,35.400000000000006,1,1,United Kingdom,372,1,1.0,35.400000000000006,12.0
14577,2010-12-12 11:26:00,2011-11-27 12:47:00,4,353,859.71,6.989512195121952,86,4,United Kingdom,13,351,1.0,214.9275,88.25
14578,2011-12-06 17:18:00,2011-12-06 17:18:00,1,240,168.63,7.02625,24,1,United Kingdom,3,1,1.0,168.63,240.0
14581,2011-11-23 12:39:00,2011-11-23 12:39:00,1,217,138.6,8.152941176470588,16,1,United Kingdom,17,1,1.0,138.6,217.0
14582,2011-10-30 11:56:00,2011-10-30 11:56:00,1,73,114.11,19.018333333333334,6,1,United Kingdom,41,1,1.0,114.11,73.0
14583,2011-05-18 11:28:00,2011-12-04 12:32:00,5,792,1052.55,3.1895454545454545,243,4,United Kingdom,6,201,1.25,210.51,158.4
14584,2011-05-25 17:31:00,2011-06-23 18:33:00,4,383,1042.26,10.4226,68,2,United Kingdom,169,30,2.0,260.565,95.75
14585,2011-10-20 14:33:00,2011-10-20 14:33:00,1,91,157.05,5.415517241379311,29,1,United Kingdom,50,1,1.0,157.05,91.0
14586,2011-03-08 10:04:00,2011-03-08 10:04:00,1,444,237.36,12.49263157894737,19,1,United Kingdom,277,1,1.0,237.36,444.0
14587,2011-01-12 13:16:00,2011-11-21 11:34:00,9,761,1601.14,4.180522193211488,170,7,United Kingdom,19,313,1.2857142857142858,177.90444444444447,84.55555555555556
14589,2010-12-03 11:42:00,2010-12-03 11:42:00,1,5,39.75,13.25,3,1,United Kingdom,372,1,1.0,39.75,5.0
14591,2011-05-10 14:09:00,2011-11-24 13:57:00,4,1297,1447.14,7.345888324873097,138,2,United Kingdom,15,198,2.0,361.785,324.25
14592,2011-10-06 18:08:00,2011-11-04 16:35:00,3,415,570.46,3.4784146341463416,132,2,United Kingdom,35,29,1.5,190.15333333333334,138.33333333333334
14593,2011-05-25 11:14:00,2011-11-18 12:48:00,3,332,617.99,4.065723684210527,127,2,United Kingdom,22,178,1.5,205.99666666666667,110.66666666666667
14594,2010-12-01 13:54:00,2011-12-02 13:28:00,2,185,379.83,7.166603773584906,48,2,United Kingdom,7,366,1.0,189.915,92.5
14595,2011-01-30 13:36:00,2011-11-20 12:12:00,6,978,1740.6,17.06470588235294,94,4,United Kingdom,20,294,1.5,290.09999999999997,163.0
14597,2011-06-01 12:33:00,2011-11-28 13:13:00,2,577,883.15,16.05727272727273,45,2,United Kingdom,11,181,1.0,441.575,288.5
14598,2011-10-26 13:19:00,2011-10-26 13:19:00,1,189,221.97,4.4394,49,1,United Kingdom,44,1,1.0,221.97,189.0
14600,2011-02-07 09:48:00,2011-02-07 09:48:00,1,125,393.33000000000004,15.733200000000002,25,1,United Kingdom,306,1,1.0,393.33000000000004,125.0
14601,2011-11-29 09:48:00,2011-11-29 09:48:00,1,168,213.96,30.565714285714286,7,1,United Kingdom,11,1,1.0,213.96,168.0
14603,2011-03-10 10:27:00,2011-03-10 10:27:00,1,400,660.0,330.0,2,1,United Kingdom,275,1,1.0,660.0,400.0
14606,2010-12-01 16:57:00,2011-12-08 19:28:00,93,6224,12156.65,4.502462962962963,819,13,United Kingdom,1,373,7.153846153846154,130.71666666666667,66.9247311827957
14607,2011-03-23 15:22:00,2011-11-24 10:35:00,14,11766,16569.5,192.66860465116278,38,3,United Kingdom,16,246,4.666666666666667,1183.5357142857142,840.4285714285714
14608,2010-12-12 14:49:00,2011-12-05 16:52:00,4,437,1785.15,89.25750000000001,8,4,United Kingdom,4,359,1.0,446.2875,109.25
14609,2011-02-16 12:10:00,2011-09-28 12:54:00,4,7026,601.56,150.39,2,4,United Kingdom,72,225,1.0,150.39,1756.5
14616,2011-01-26 12:42:00,2011-04-11 09:54:00,3,104,406.08000000000004,135.36,2,3,United Kingdom,243,75,1.0,135.36,34.666666666666664
14618,2011-01-06 11:59:00,2011-11-30 13:45:00,3,264,553.44,34.59,10,2,United Kingdom,9,329,1.5,184.48000000000002,88.0
14619,2011-04-08 07:37:00,2011-04-08 07:37:00,1,152,394.44,19.722,20,1,United Kingdom,246,1,1.0,394.44,152.0
14620,2011-03-01 08:30:00,2011-05-18 11:58:00,2,214,412.78000000000003,15.876153846153848,26,2,United Kingdom,206,79,1.0,206.39000000000001,107.0
14621,2010-12-16 13:00:00,2011-12-08 16:22:00,5,993,1788.3600000000001,19.438695652173916,80,5,United Kingdom,1,358,1.0,357.672,198.6
14622,2011-06-08 12:42:00,2011-06-08 12:42:00,1,146,320.58000000000004,15.265714285714287,21,1,United Kingdom,185,1,1.0,320.58000000000004,146.0
14623,2011-04-18 13:54:00,2011-11-07 13:56:00,5,419,889.25,6.6361940298507465,108,5,United Kingdom,32,204,1.0,177.85,83.8
14624,2011-10-11 14:39:00,2011-10-13 13:44:00,2,162,225.85,17.373076923076923,13,1,United Kingdom,57,2,2.0,112.925,81.0
14625,2010-12-13 15:36:00,2011-05-27 15:32:00,2,335,899.63,16.974150943396225,51,2,United Kingdom,196,165,1.0,449.815,167.5
14626,2011-04-20 13:18:00,2011-11-16 10:37:00,4,1403,2791.27,22.87926229508197,108,4,United Kingdom,24,210,1.0,697.8175,350.75
14628,2011-04-11 14:43:00,2011-09-09 14:58:00,2,272,671.96,27.998333333333335,22,2,United Kingdom,91,152,1.0,335.98,136.0
14629,2011-10-23 16:13:00,2011-12-05 16:55:00,2,380,959.01,6.309276315789473,133,2,United Kingdom,4,44,1.0,479.505,190.0
14631,2011-02-14 09:31:00,2011-10-20 11:17:00,3,622,1006.98,24.56048780487805,38,3,United Kingdom,51,249,1.0,335.66,207.33333333333334
14632,2011-03-22 08:49:00,2011-03-22 08:49:00,1,96,114.56,14.32,8,1,United Kingdom,263,1,1.0,114.56,96.0
14633,2011-03-18 17:07:00,2011-03-18 17:07:00,1,96,344.90000000000003,17.245,20,1,United Kingdom,266,1,1.0,344.90000000000003,96.0
14636,2011-03-16 09:52:00,2011-11-03 16:12:00,2,241,609.85,21.780357142857145,27,2,United Kingdom,36,233,1.0,304.925,120.5
14638,2011-10-20 10:10:00,2011-10-20 10:10:00,1,166,443.6,27.725,16,1,United Kingdom,51,1,1.0,443.6,166.0
14639,2010-12-13 13:50:00,2011-10-18 15:06:00,6,1431,2984.49,17.351686046511627,138,4,United Kingdom,52,310,1.5,497.41499999999996,238.5
14640,2011-04-26 12:31:00,2011-11-15 13:07:00,6,886,2125.08,20.047924528301888,87,6,United Kingdom,24,204,1.0,354.18,147.66666666666666
14641,2011-11-18 10:42:00,2011-11-18 10:42:00,1,90,110.46,15.78,7,1,United Kingdom,22,1,1.0,110.46,90.0
14642,2011-10-12 11:08:00,2011-10-12 11:08:00,1,76,96.12,48.06,2,1,United Kingdom,59,1,1.0,96.12,76.0
14643,2010-12-16 17:53:00,2011-06-22 14:41:00,2,815,693.8100000000001,22.380967741935486,30,2,United Kingdom,170,188,1.0,346.90500000000003,407.5
14644,2011-02-14 14:14:00,2011-10-03 08:30:00,2,258,830.76,31.95230769230769,26,2,United Kingdom,68,231,1.0,415.38,129.0
14645,2011-03-09 09:52:00,2011-07-06 09:15:00,2,381,597.09,19.903000000000002,28,2,United Kingdom,157,119,1.0,298.545,190.5
14646,2010-12-20 10:09:00,2011-12-08 12:12:00,73,196915,280206.02,134.97399807321773,700,13,Netherlands,2,354,5.615384615384615,3838.4386301369864,2697.4657534246576
14647,2011-05-22 13:40:00,2011-05-22 13:40:00,1,95,243.22,8.107333333333333,24,1,United Kingdom,201,1,1.0,243.22,95.0
14649,2011-05-11 14:37:00,2011-12-05 12:30:00,4,1018,1417.29,7.122060301507537,148,3,United Kingdom,5,208,1.3333333333333333,354.3225,254.5
14651,2011-05-12 16:29:00,2011-10-03 15:52:00,2,344,654.6,6.41764705882353,95,2,United Kingdom,67,144,1.0,327.3,172.0
14652,2011-09-23 14:21:00,2011-09-23 14:21:00,1,53,114.18,3.937241379310345,29,1,United Kingdom,77,1,1.0,114.18,53.0
14653,2011-01-05 13:40:00,2011-12-08 13:45:00,7,950,1947.55,8.217510548523206,154,4,United Kingdom,1,338,1.75,278.2214285714286,135.71428571428572
14655,2011-05-01 14:59:00,2011-12-01 16:28:00,4,1089,1932.23,39.43326530612245,35,4,United Kingdom,8,215,1.0,483.0575,272.25
14656,2011-03-01 13:19:00,2011-06-23 13:51:00,2,120,291.05,3.638125,73,2,United Kingdom,169,115,1.0,145.525,60.0
14657,2011-01-17 15:19:00,2011-11-22 12:47:00,4,466,848.22,6.7319047619047625,103,4,United Kingdom,18,309,1.0,212.055,116.5
14658,2011-08-14 15:42:00,2011-12-04 15:35:00,2,47,247.15,8.522413793103448,27,2,United Kingdom,5,112,1.0,123.575,23.5
14659,2011-01-28 12:43:00,2011-12-01 12:17:00,9,1195,2529.93,9.999723320158102,147,9,United Kingdom,9,307,1.0,281.1033333333333,132.77777777777777
14660,2011-08-31 10:40:00,2011-09-14 11:34:00,2,228,285.74,9.524666666666667,24,2,United Kingdom,87,15,1.0,142.87,114.0
14661,2011-11-13 11:51:00,2011-11-13 11:51:00,1,35,107.95,26.9875,4,1,United Kingdom,27,1,1.0,107.95,35.0
14662,2011-01-27 17:41:00,2011-11-11 12:13:00,4,602,771.17,4.590297619047619,143,4,United Kingdom,29,288,1.0,192.7925,150.5
14664,2011-11-06 14:56:00,2011-11-20 10:59:00,2,466,637.89,6.443333333333333,78,1,United Kingdom,20,14,2.0,318.945,233.0
14665,2011-02-02 09:08:00,2011-10-10 09:14:00,5,740,1835.7,20.39666666666667,63,3,United Kingdom,61,251,1.6666666666666667,367.14,148.0
14666,2011-11-15 12:57:00,2011-11-15 12:57:00,1,161,195.25,13.946428571428571,14,1,United Kingdom,24,1,1.0,195.25,161.0
14667,2010-12-06 13:13:00,2011-11-29 11:30:00,25,5385,9241.2,16.127748691099477,354,11,United Kingdom,11,358,2.272727272727273,369.648,215.4
14669,2011-01-11 12:30:00,2011-04-12 11:43:00,3,775,1269.99,7.470529411764706,158,2,United Kingdom,242,91,1.5,423.33,258.3333333333333
14670,2011-03-04 13:58:00,2011-03-04 14:13:00,2,337,411.53,3.1176515151515147,107,1,United Kingdom,280,1,2.0,205.765,168.5
14672,2011-01-07 15:48:00,2011-04-19 10:19:00,2,454,765.55,12.549999999999999,58,2,United Kingdom,235,102,1.0,382.775,227.0
14673,2010-12-07 12:49:00,2011-12-06 14:31:00,5,1004,1736.4,23.464864864864865,39,3,United Kingdom,3,365,1.6666666666666667,347.28000000000003,200.8
14675,2011-11-23 12:58:00,2011-11-23 12:58:00,1,341,604.75,5.928921568627451,93,1,United Kingdom,16,1,1.0,604.75,341.0
14676,2011-03-01 14:26:00,2011-11-08 13:29:00,6,2500,2548.2400000000002,60.672380952380955,29,5,United Kingdom,31,252,1.2,424.7066666666667,416.6666666666667
14680,2010-12-03 12:05:00,2011-11-14 16:59:00,16,13476,28754.11,111.45003875968993,73,11,United Kingdom,25,347,1.4545454545454546,1797.131875,842.25
14681,2011-05-12 10:45:00,2011-09-29 15:52:00,3,76,498.95,71.27857142857142,6,2,United Kingdom,71,141,1.5,166.31666666666666,25.333333333333332
14682,2011-05-22 12:51:00,2011-06-05 12:12:00,2,80,52.0,26.0,1,2,United Kingdom,188,14,1.0,26.0,40.0
14684,2010-12-12 12:44:00,2011-11-14 11:33:00,5,853,1236.28,2.9365320665083137,231,5,United Kingdom,26,337,1.0,247.256,170.6
14687,2011-08-25 11:59:00,2011-08-25 11:59:00,1,470,628.38,41.892,15,1,United Kingdom,107,1,1.0,628.38,470.0
14688,2010-12-01 09:37:00,2011-12-02 12:26:00,21,3621,5630.87,17.219785932721713,148,12,United Kingdom,8,367,1.75,268.13666666666666,172.42857142857142
14689,2011-05-15 11:22:00,2011-05-15 11:22:00,1,76,112.8,8.676923076923076,13,1,United Kingdom,209,1,1.0,112.8,76.0
14690,2011-07-11 11:58:00,2011-10-26 15:39:00,2,170,371.7,7.434,40,2,United Kingdom,44,108,1.0,185.85,85.0
14691,2011-05-11 09:55:00,2011-11-09 12:30:00,5,707,2114.33,29.779295774647885,50,3,United Kingdom,31,183,1.6666666666666667,422.866,141.4
14692,2011-01-21 13:47:00,2011-07-25 15:08:00,4,265,591.55,8.699264705882353,53,4,United Kingdom,137,186,1.0,147.8875,66.25
14693,2011-03-20 12:50:00,2011-03-20 12:50:00,1,34,172.9,21.6125,8,1,United Kingdom,265,1,1.0,172.9,34.0
14696,2010-12-01 15:37:00,2011-12-05 13:43:00,7,1630,2078.95,15.991923076923076,117,7,United Kingdom,4,369,1.0,296.99285714285713,232.85714285714286
14697,2011-05-05 15:29:00,2011-05-05 15:39:00,2,181,188.60999999999999,8.573181818181817,22,1,United Kingdom,218,1,2.0,94.30499999999999,90.5
14698,2011-10-19 12:54:00,2011-12-08 12:26:00,5,615,1250.76,5.9559999999999995,148,3,United Kingdom,2,50,1.6666666666666667,250.152,123.0
14699,2011-05-09 14:54:00,2011-05-09 14:54:00,1,77,109.13000000000001,13.641250000000001,8,1,United Kingdom,214,1,1.0,109.13000000000001,77.0
14700,2011-04-15 13:16:00,2011-11-07 14:40:00,3,1342,2235.3,19.437391304347827,80,3,United Kingdom,32,207,1.0,745.1,447.3333333333333
14701,2011-01-27 12:40:00,2011-11-29 12:38:00,9,932,2549.37,7.610059701492537,268,6,United Kingdom,11,306,1.5,283.2633333333333,103.55555555555556
14702,2010-12-09 19:23:00,2011-12-08 19:29:00,17,1454,3292.14,9.487435158501441,196,11,United Kingdom,1,365,1.5454545454545454,193.65529411764706,85.52941176470588
14703,2011-11-25 09:23:00,2011-11-25 09:23:00,1,183,318.17,14.462272727272728,22,1,United Kingdom,15,1,1.0,318.17,183.0
14704,2011-06-12 13:59:00,2011-11-28 12:51:00,9,1082,1546.91,3.7274939759036148,288,5,United Kingdom,11,169,1.8,171.8788888888889,120.22222222222223
14705,2011-05-25 12:39:00,2011-05-25 12:39:00,1,100,179.0,179.0,1,1,United Kingdom,199,1,1.0,179.0,100.0
14708,2010-12-06 12:23:00,2011-12-07 08:21:00,3,621,1126.37,40.2275,25,3,United Kingdom,3,366,1.0,375.45666666666665,207.0
14709,2010-12-16 13:43:00,2011-11-24 15:41:00,13,2484,4921.04,25.10734693877551,71,9,United Kingdom,15,344,1.4444444444444444,378.54153846153844,191.07692307692307
14710,2011-10-11 13:49:00,2011-11-25 14:53:00,4,378,606.13,4.360647482014389,124,2,United Kingdom,14,46,2.0,151.5325,94.5
14711,2011-03-22 13:32:00,2011-11-29 14:58:00,11,978,2868.8,8.035854341736695,221,7,United Kingdom,10,253,1.5714285714285714,260.8,88.9090909090909
14712,2011-08-19 13:33:00,2011-11-10 12:59:00,3,315,917.07,36.6828,21,3,United Kingdom,29,83,1.0,305.69,105.0
14713,2010-12-09 18:58:00,2011-11-30 16:26:00,11,1615,2666.36,7.865368731563422,146,8,United Kingdom,9,356,1.375,242.39636363636365,146.8181818181818
14714,2011-11-15 13:07:00,2011-11-15 13:07:00,1,229,160.19,16.019,10,1,United Kingdom,24,1,1.0,160.19,229.0
14715,2011-01-12 13:27:00,2011-11-15 12:10:00,4,521,867.38,12.21661971830986,60,4,United Kingdom,25,307,1.0,216.845,130.25
14716,2011-07-14 12:42:00,2011-10-27 17:29:00,2,604,329.68,5.9941818181818185,46,2,United Kingdom,43,106,1.0,164.84,302.0
14719,2011-04-04 14:17:00,2011-12-08 12:43:00,5,1032,1602.13,6.7600421940928275,177,5,United Kingdom,2,248,1.0,320.42600000000004,206.4
14720,2011-08-05 12:06:00,2011-12-04 12:02:00,3,219,663.81,17.94081081081081,34,3,United Kingdom,6,121,1.0,221.26999999999998,73.0
14722,2011-07-15 14:58:00,2011-07-15 14:58:00,1,120,187.92000000000002,6.48,28,1,United Kingdom,147,1,1.0,187.92000000000002,120.0
14723,2010-12-03 14:18:00,2011-11-29 15:23:00,6,695,1158.3,4.1665467625899275,193,3,United Kingdom,10,362,2.0,193.04999999999998,115.83333333333333
14725,2011-11-15 12:42:00,2011-11-15 12:42:00,1,593,718.08,13.80923076923077,45,1,United Kingdom,25,1,1.0,718.08,593.0
14727,2011-03-10 14:45:00,2011-03-10 14:45:00,1,62,268.58,26.857999999999997,10,1,United Kingdom,274,1,1.0,268.58,62.0
14729,2010-12-01 12:43:00,2010-12-01 12:43:00,1,197,313.49,4.415352112676056,69,1,United Kingdom,374,1,1.0,313.49,197.0
14730,2011-03-08 12:49:00,2011-12-08 14:39:00,8,1132,2005.06,4.0021157684630735,317,6,United Kingdom,1,276,1.3333333333333333,250.6325,141.5
14731,2011-05-11 13:06:00,2011-10-23 15:54:00,3,256,380.02,8.444888888888888,38,2,United Kingdom,47,166,1.5,126.67333333333333,85.33333333333333
14732,2011-01-04 14:40:00,2011-12-01 14:34:00,8,1405,2702.4900000000002,18.384285714285717,105,8,United Kingdom,8,331,1.0,337.81125000000003,175.625
14733,2010-12-07 11:30:00,2011-11-23 15:39:00,12,3764,9585.91,47.455,102,9,United Kingdom,16,352,1.3333333333333333,798.8258333333333,313.6666666666667
14735,2010-12-16 16:05:00,2011-12-06 12:09:00,32,2264,6065.69,31.26644329896907,99,12,United Kingdom,4,355,2.6666666666666665,189.5528125,70.75
14737,2010-12-21 13:49:00,2011-12-06 10:16:00,3,345,1164.55,68.50294117647059,15,3,United Kingdom,4,350,1.0,388.18333333333334,115.0
14738,2011-01-27 14:10:00,2011-10-28 08:56:00,7,601,1314.45,24.34166666666667,39,5,United Kingdom,43,274,1.4,187.77857142857144,85.85714285714286
14739,2010-12-07 14:58:00,2011-12-05 16:54:00,7,3820,3902.28,65.038,47,7,United Kingdom,4,364,1.0,557.4685714285714,545.7142857142857
14740,2011-03-01 08:35:00,2011-05-26 18:17:00,3,735,1448.21,16.272022471910113,85,3,United Kingdom,197,87,1.0,482.7366666666667,245.0
14741,2010-12-02 08:43:00,2011-11-28 08:48:00,6,841,1400.34,23.73457627118644,35,5,United Kingdom,12,362,1.2,233.39,140.16666666666666
14744,2010-12-08 10:21:00,2011-11-23 12:51:00,7,627,1099.98,42.30692307692308,21,5,United Kingdom,16,351,1.4,157.14000000000001,89.57142857142857
14745,2011-02-27 15:25:00,2011-08-19 10:05:00,5,1038,1220.26,17.684927536231886,46,4,United Kingdom,113,173,1.25,244.052,207.6
14747,2011-04-04 14:09:00,2011-04-04 14:09:00,1,84,328.2,18.233333333333334,18,1,United Kingdom,249,1,1.0,328.2,84.0
14748,2010-12-06 10:19:00,2011-11-10 18:33:00,5,1223,1415.75,15.907303370786517,87,4,United Kingdom,29,340,1.25,283.15,244.6
14752,2011-10-27 11:55:00,2011-10-27 11:55:00,1,260,389.64,77.928,5,1,United Kingdom,44,1,1.0,389.64,260.0
14753,2011-09-13 14:50:00,2011-09-13 14:50:00,1,211,563.15,18.771666666666665,30,1,United Kingdom,87,1,1.0,563.15,211.0
14754,2011-02-17 12:21:00,2011-10-26 12:01:00,2,486,638.05,15.562195121951218,38,2,United Kingdom,45,251,1.0,319.025,243.0
14755,2011-01-09 14:02:00,2011-11-30 11:24:00,11,2219,5010.28,21.320340425531914,128,10,United Kingdom,10,325,1.1,455.47999999999996,201.72727272727272
14756,2011-11-24 18:13:00,2011-11-24 18:13:00,1,416,738.96,19.446315789473687,38,1,United Kingdom,15,1,1.0,738.96,416.0
14757,2011-09-25 14:36:00,2011-09-25 14:36:00,1,160,420.5,22.13157894736842,19,1,United Kingdom,75,1,1.0,420.5,160.0
14758,2011-03-25 12:10:00,2011-07-18 08:21:00,4,419,1484.06,20.90225352112676,54,4,United Kingdom,145,115,1.0,371.015,104.75
14759,2011-04-21 10:55:00,2011-12-05 12:03:00,3,569,1625.97,15.940882352941177,92,3,United Kingdom,5,229,1.0,541.99,189.66666666666666
14760,2011-02-15 16:27:00,2011-02-15 16:27:00,1,40,89.2,17.84,5,1,United Kingdom,297,1,1.0,89.2,40.0
14761,2011-01-09 12:03:00,2011-10-12 12:10:00,2,118,255.9,23.263636363636365,11,2,United Kingdom,59,277,1.0,127.95,59.0
14762,2011-03-21 08:20:00,2011-03-21 08:20:00,1,341,300.52,14.310476190476189,21,1,United Kingdom,264,1,1.0,300.52,341.0
14764,2011-10-24 11:54:00,2011-10-24 11:54:00,1,190,278.3,46.38333333333333,6,1,United Kingdom,47,1,1.0,278.3,190.0
14765,2011-06-16 19:49:00,2011-11-10 19:53:00,3,135,254.11,6.515641025641026,38,3,United Kingdom,29,148,1.0,84.70333333333333,45.0
14766,2010-12-08 15:33:00,2011-12-01 16:05:00,6,1349,2473.37,18.321259259259257,111,6,United Kingdom,8,359,1.0,412.2283333333333,224.83333333333334
14768,2011-08-04 13:25:00,2011-11-22 12:54:00,2,52,192.60000000000002,38.52,4,2,United Kingdom,17,110,1.0,96.30000000000001,26.0
14769,2010-12-17 11:40:00,2011-12-07 10:24:00,8,7436,10674.75,9.79334862385321,718,8,United Kingdom,3,355,1.0,1334.34375,929.5
14770,2011-01-20 15:00:00,2011-04-21 14:21:00,2,490,876.42,16.854230769230767,49,2,United Kingdom,232,91,1.0,438.21,245.0
14772,2011-08-19 15:04:00,2011-08-19 15:04:00,1,82,139.26,15.473333333333333,9,1,United Kingdom,112,1,1.0,139.26,82.0
14775,2010-12-02 16:38:00,2011-10-12 15:27:00,3,1174,1011.9,16.865,57,3,United Kingdom,58,314,1.0,337.3,391.3333333333333
14776,2011-01-31 13:17:00,2011-10-19 15:34:00,11,3134,2538.3,21.694871794871798,44,7,United Kingdom,51,262,1.5714285714285714,230.75454545454548,284.90909090909093
14778,2011-02-04 11:43:00,2011-08-04 15:23:00,2,306,730.86,20.881714285714285,34,2,United Kingdom,127,182,1.0,365.43,153.0
14779,2011-01-20 12:04:00,2011-03-04 12:42:00,3,84,386.15,9.418292682926829,40,2,United Kingdom,281,44,1.5,128.71666666666667,28.0
14780,2011-09-21 15:15:00,2011-10-16 12:46:00,2,310,447.68,16.58074074074074,26,2,United Kingdom,55,25,1.0,223.84,155.0
14782,2011-01-24 11:12:00,2011-01-24 11:12:00,1,114,200.10000000000002,33.35,6,1,United Kingdom,320,1,1.0,200.10000000000002,114.0
14784,2011-01-20 09:25:00,2011-11-13 13:30:00,2,237,289.99,19.332666666666668,15,2,United Kingdom,26,298,1.0,144.995,118.5
14785,2011-11-24 13:40:00,2011-11-29 13:21:00,2,84,77.4,25.8,2,1,United Kingdom,10,5,2.0,38.7,42.0
14788,2011-11-13 15:52:00,2011-12-02 17:06:00,2,421,679.4399999999999,22.648,26,2,United Kingdom,7,20,1.0,339.71999999999997,210.5
14789,2011-11-11 08:59:00,2011-11-11 08:59:00,1,116,197.64,32.94,6,1,United Kingdom,29,1,1.0,197.64,116.0
14790,2011-03-31 11:49:00,2011-11-23 09:28:00,4,699,745.06,16.19695652173913,30,3,United Kingdom,17,237,1.3333333333333333,186.265,174.75
14792,2011-10-07 09:19:00,2011-10-07 09:19:00,1,2,6.2,3.1,2,1,United Kingdom,64,1,1.0,6.2,2.0
14793,2011-11-18 14:50:00,2011-11-18 14:50:00,1,91,228.99,16.356428571428573,14,1,United Kingdom,21,1,1.0,228.99,91.0
14794,2011-01-09 16:11:00,2011-12-07 10:11:00,7,673,1319.91,16.498875,68,5,United Kingdom,3,332,1.4,188.55857142857144,96.14285714285714
14795,2011-06-26 13:04:00,2011-06-26 13:04:00,1,17,131.45000000000002,21.908333333333335,6,1,United Kingdom,166,1,1.0,131.45000000000002,17.0
14796,2010-12-08 10:40:00,2011-12-08 15:31:00,17,6025,8022.49,7.031104294478528,403,13,United Kingdom,1,366,1.3076923076923077,471.9111764705882,354.4117647058824
14798,2011-02-02 15:26:00,2011-10-18 10:58:00,3,150,173.74,14.478333333333333,11,3,United Kingdom,53,258,1.0,57.913333333333334,50.0
14799,2011-10-19 16:16:00,2011-10-19 16:16:00,1,146,157.7,12.13076923076923,13,1,United Kingdom,51,1,1.0,157.7,146.0
14800,2010-12-05 11:10:00,2011-10-23 12:46:00,12,3655,4339.74,11.272051948051947,246,9,United Kingdom,48,323,1.3333333333333333,361.645,304.5833333333333
14801,2011-10-09 15:24:00,2011-10-09 15:24:00,1,175,193.14,3.273559322033898,56,1,United Kingdom,61,1,1.0,193.14,175.0
14803,2011-02-20 13:21:00,2011-06-30 13:58:00,3,370,845.55,19.217045454545453,35,3,United Kingdom,162,131,1.0,281.84999999999997,123.33333333333333
14804,2011-12-01 11:20:00,2011-12-01 11:20:00,1,121,353.27,29.439166666666665,12,1,United Kingdom,9,1,1.0,353.27,121.0
14805,2011-01-30 10:43:00,2011-11-24 16:20:00,4,115,554.65,11.801063829787234,30,3,United Kingdom,15,299,1.3333333333333333,138.6625,28.75
14806,2011-09-25 15:32:00,2011-09-25 15:32:00,1,330,193.39000000000001,17.580909090909092,11,1,United Kingdom,75,1,1.0,193.39000000000001,330.0
14808,2011-06-20 12:53:00,2011-10-31 12:21:00,8,2147,2741.17,11.664553191489363,176,4,United Kingdom,40,133,2.0,342.64625,268.375
14810,2010-12-05 12:08:00,2011-10-30 11:19:00,11,1016,2087.88,8.187764705882353,106,9,United Kingdom,41,329,1.2222222222222223,189.80727272727273,92.36363636363636
14813,2010-12-05 11:54:00,2010-12-05 11:57:00,2,67,155.43,5.181,25,1,United Kingdom,370,1,2.0,77.715,33.5
14815,2011-10-03 11:36:00,2011-11-03 11:36:00,2,744,778.5,14.68867924528302,53,2,United Kingdom,37,32,1.0,389.25,372.0
14816,2011-05-26 13:16:00,2011-05-26 13:16:00,1,5,271.85,67.9625,4,1,United Kingdom,197,1,1.0,271.85,5.0
14817,2011-03-07 13:51:00,2011-05-23 13:35:00,2,655,1110.34,17.624444444444443,52,2,United Kingdom,200,77,1.0,555.17,327.5
14818,2011-03-31 12:28:00,2011-09-27 11:01:00,3,324,657.8,13.704166666666666,41,3,United Kingdom,74,180,1.0,219.26666666666665,108.0
14819,2011-05-31 13:50:00,2011-10-06 13:41:00,2,109,272.07,20.928461538461537,13,2,United Kingdom,64,128,1.0,136.035,54.5
14820,2011-06-19 14:56:00,2011-11-18 15:41:00,4,253,507.29,17.492758620689656,24,3,United Kingdom,21,153,1.3333333333333333,126.8225,63.25
14821,2010-12-08 08:43:00,2010-12-08 08:43:00,1,20,48.800000000000004,24.400000000000002,2,1,United Kingdom,367,1,1.0,48.800000000000004,20.0
14823,2011-05-29 12:48:00,2011-06-12 13:12:00,3,88,321.43,4.591857142857143,56,2,United Kingdom,180,15,1.5,107.14333333333333,29.333333333333332
14824,2011-09-09 14:12:00,2011-11-29 14:20:00,4,525,1127.71,38.88655172413793,19,2,United Kingdom,10,82,2.0,281.9275,131.25
14825,2010-12-06 12:30:00,2011-12-06 11:38:00,12,991,2226.91,18.404214876033056,82,10,United Kingdom,4,365,1.2,185.57583333333332,82.58333333333333
14828,2011-01-07 09:50:00,2011-05-27 10:16:00,3,2172,2139.76,125.86823529411765,17,3,United Kingdom,197,141,1.0,713.2533333333334,724.0
14829,2010-12-02 16:12:00,2011-11-10 16:16:00,4,452,697.55,16.60833333333333,39,3,United Kingdom,29,344,1.3333333333333333,174.3875,113.0
14830,2011-10-17 14:29:00,2011-10-17 14:29:00,1,169,197.13,4.92825,39,1,United Kingdom,53,1,1.0,197.13,169.0
14834,2011-04-13 15:00:00,2011-11-22 10:30:00,6,734,1720.3,25.676119402985073,43,5,United Kingdom,18,223,1.2,286.71666666666664,122.33333333333333
14836,2011-11-09 13:26:00,2011-11-29 16:45:00,3,45,102.44999999999999,17.075,5,1,United Kingdom,10,21,3.0,34.15,15.0
14837,2011-05-22 12:49:00,2011-09-11 10:58:00,4,1436,1649.5,15.273148148148149,96,4,United Kingdom,90,112,1.0,412.375,359.0
14840,2011-03-17 12:00:00,2011-03-17 12:00:00,1,31,62.85,15.7125,4,1,United Kingdom,268,1,1.0,62.85,31.0
14841,2010-12-16 10:28:00,2011-10-17 15:03:00,6,1778,3295.76,23.88231884057971,103,5,United Kingdom,53,306,1.2,549.2933333333334,296.3333333333333
14842,2011-02-04 15:32:00,2011-10-27 12:37:00,4,1166,2824.69,19.480620689655172,128,4,United Kingdom,44,265,1.0,706.1725,291.5
14844,2011-04-12 13:10:00,2011-10-07 10:41:00,4,1833,3189.81,24.537,87,4,United Kingdom,64,178,1.0,797.4525,458.25
14847,2011-07-14 10:52:00,2011-07-14 10:52:00,1,120,309.4,23.799999999999997,13,1,United Kingdom,149,1,1.0,309.4,120.0
14849,2010-12-01 12:22:00,2011-11-18 10:58:00,25,5694,7930.54,20.439536082474227,159,11,United Kingdom,22,352,2.272727272727273,317.2216,227.76
14850,2011-02-01 11:21:00,2011-02-01 11:21:00,1,293,325.75,15.511904761904763,21,1,United Kingdom,312,1,1.0,325.75,293.0
14851,2011-03-28 14:59:00,2011-11-16 14:20:00,2,325,511.35,18.2625,28,2,United Kingdom,23,233,1.0,255.675,162.5
14852,2011-04-01 13:22:00,2011-10-12 13:20:00,6,1747,2836.69,19.83699300699301,96,5,United Kingdom,58,194,1.2,472.7816666666667,291.1666666666667
14853,2011-05-12 15:17:00,2011-11-15 16:56:00,2,82,475.8,52.86666666666667,8,2,United Kingdom,24,188,1.0,237.9,41.0
14854,2011-03-10 12:22:00,2011-09-22 17:00:00,7,1832,2759.83,21.730944881889762,110,5,United Kingdom,78,197,1.4,394.26142857142855,261.7142857142857
14855,2011-07-28 12:06:00,2011-08-12 14:02:00,2,267,645.65,32.2825,13,2,United Kingdom,119,16,1.0,322.825,133.5
14856,2011-10-14 09:35:00,2011-11-03 14:53:00,3,714,1311.3799999999999,19.869393939393937,65,2,United Kingdom,36,21,1.5,437.1266666666666,238.0
14857,2011-07-14 15:03:00,2011-10-11 09:23:00,2,464,1173.12,19.552,58,2,United Kingdom,60,89,1.0,586.56,232.0
14859,2011-05-19 14:42:00,2011-11-27 11:18:00,4,671,1353.74,23.340344827586208,47,3,United Kingdom,13,192,1.3333333333333333,338.435,167.75
14860,2011-11-20 14:17:00,2011-11-20 14:17:00,1,232,170.32,15.483636363636363,11,1,United Kingdom,19,1,1.0,170.32,232.0
14861,2011-10-18 12:54:00,2011-10-18 12:54:00,1,117,125.79,20.965,6,1,United Kingdom,52,1,1.0,125.79,117.0
14862,2011-07-14 11:20:00,2011-11-14 10:01:00,2,772,841.1999999999999,17.525,47,2,United Kingdom,26,123,1.0,420.59999999999997,386.0
14863,2011-11-10 15:04:00,2011-11-10 15:04:00,1,132,266.76,24.25090909090909,11,1,United Kingdom,29,1,1.0,266.76,132.0
14865,2010-12-02 18:23:00,2011-12-02 16:25:00,2,108,52.2,13.05,4,2,United Kingdom,7,365,1.0,26.1,54.0
14866,2010-12-08 14:58:00,2011-11-29 11:45:00,12,6752,14389.9,145.35252525252525,30,6,United Kingdom,11,356,2.0,1199.1583333333333,562.6666666666666
14867,2011-01-07 16:34:00,2011-06-07 11:39:00,3,328,710.28,19.73,31,3,United Kingdom,186,151,1.0,236.76,109.33333333333333
14868,2011-04-20 13:36:00,2011-12-06 14:49:00,8,1405,2953.59,20.511041666666667,96,6,United Kingdom,3,231,1.3333333333333333,369.19875,175.625
14869,2011-08-28 16:09:00,2011-12-01 12:36:00,2,550,725.7,10.221126760563381,66,2,United Kingdom,9,95,1.0,362.85,275.0
14870,2011-03-23 10:51:00,2011-03-23 10:51:00,1,119,327.25,25.173076923076923,13,1,United Kingdom,262,1,1.0,327.25,119.0
14871,2010-12-14 12:18:00,2011-12-06 13:42:00,4,185,522.38,5.330408163265306,68,4,United Kingdom,3,358,1.0,130.595,46.25
14873,2011-05-13 13:52:00,2011-05-13 13:52:00,1,168,519.68,18.56,28,1,United Kingdom,210,1,1.0,519.68,168.0
14875,2011-03-22 11:53:00,2011-08-24 12:20:00,2,558,1465.3200000000002,31.17702127659575,46,2,United Kingdom,108,156,1.0,732.6600000000001,279.0
14878,2010-12-16 12:11:00,2011-11-27 11:15:00,9,802,1485.54,11.980161290322581,62,7,United Kingdom,13,346,1.2857142857142858,165.06,89.11111111111111
14880,2011-02-24 12:27:00,2011-09-23 13:42:00,3,373,706.19,15.025319148936171,45,3,United Kingdom,77,212,1.0,235.39666666666668,124.33333333333333
14881,2011-11-20 11:06:00,2011-11-20 11:06:00,1,316,255.4,15.023529411764706,17,1,United Kingdom,20,1,1.0,255.4,316.0
14882,2011-11-06 10:15:00,2011-11-13 12:47:00,2,158,589.7,53.60909090909092,6,1,United Kingdom,27,8,2.0,294.85,79.0
14883,2011-05-12 09:49:00,2011-11-21 10:23:00,6,790,761.59,14.369622641509434,39,5,United Kingdom,19,194,1.2,126.93166666666667,131.66666666666666
14885,2011-07-31 12:05:00,2011-07-31 12:05:00,1,724,765.3199999999999,51.02133333333333,15,1,United Kingdom,132,1,1.0,765.3199999999999,724.0
14886,2011-04-01 08:56:00,2011-04-01 08:56:00,1,160,364.8,20.266666666666666,18,1,United Kingdom,253,1,1.0,364.8,160.0
14887,2011-09-21 15:32:00,2011-09-21 15:32:00,1,1100,1862.0,310.3333333333333,6,1,United Kingdom,79,1,1.0,1862.0,1100.0
14888,2011-05-16 14:58:00,2011-05-16 14:58:00,1,184,369.2,18.46,20,1,United Kingdom,207,1,1.0,369.2,184.0
14889,2011-01-07 15:19:00,2011-01-07 15:19:00,1,90,135.9,13.59,10,1,United Kingdom,336,1,1.0,135.9,90.0
14890,2011-03-31 11:57:00,2011-03-31 11:57:00,1,51,125.65,17.95,7,1,United Kingdom,254,1,1.0,125.65,51.0
14891,2011-06-05 10:58:00,2011-07-14 18:08:00,2,505,554.38,16.79939393939394,30,2,United Kingdom,148,40,1.0,277.19,252.5
14893,2011-11-28 10:49:00,2011-11-30 12:31:00,2,799,1237.8500000000001,16.956849315068496,72,1,United Kingdom,10,3,2.0,618.9250000000001,399.5
14894,2011-09-15 13:51:00,2011-09-15 13:51:00,1,265,655.75,28.51086956521739,23,1,United Kingdom,85,1,1.0,655.75,265.0
14895,2011-02-22 13:08:00,2011-12-02 09:23:00,20,4851,11138.710000000001,22.366887550200804,273,10,United Kingdom,8,283,2.0,556.9355,242.55
14896,2010-12-09 12:24:00,2011-05-19 10:20:00,2,279,468.77000000000004,10.901627906976746,43,2,United Kingdom,205,161,1.0,234.38500000000002,139.5
14897,2011-02-16 08:37:00,2011-12-02 10:32:00,4,468,1366.38,24.84327272727273,43,4,United Kingdom,8,290,1.0,341.595,117.0
14898,2010-12-03 15:25:00,2011-11-16 14:54:00,6,1020,1303.52,11.237241379310344,86,6,United Kingdom,23,348,1.0,217.25333333333333,170.0
14901,2010-12-02 11:20:00,2011-11-28 17:09:00,9,661,1421.29,14.805104166666666,73,4,United Kingdom,11,362,2.25,157.92111111111112,73.44444444444444
14902,2011-11-14 10:34:00,2011-11-14 10:34:00,1,218,332.66,16.633000000000003,20,1,United Kingdom,26,1,1.0,332.66,218.0
14903,2011-03-06 11:50:00,2011-11-18 16:07:00,5,1536,2810.63,7.917267605633803,227,5,United Kingdom,21,258,1.0,562.126,307.2
14904,2011-11-14 09:13:00,2011-12-07 12:55:00,2,1985,1025.44,14.86144927536232,66,2,United Kingdom,2,24,1.0,512.72,992.5
14905,2011-04-20 10:48:00,2011-07-05 12:41:00,2,287,616.15,36.24411764705882,14,2,United Kingdom,158,77,1.0,308.075,143.5
14907,2010-12-07 10:14:00,2011-12-06 14:14:00,7,1691,3501.1,21.21878787878788,125,5,United Kingdom,3,365,1.4,500.15714285714284,241.57142857142858
14908,2011-09-26 12:56:00,2011-09-26 12:56:00,1,132,277.8,30.866666666666667,9,1,United Kingdom,74,1,1.0,277.8,132.0
14910,2011-10-16 11:06:00,2011-12-07 10:06:00,4,238,434.35,14.478333333333333,25,3,United Kingdom,3,52,1.3333333333333333,108.5875,59.5
14911,2010-12-01 14:05:00,2011-12-08 15:54:00,201,80265,143825.06,25.343622907488985,1787,13,EIRE,1,373,15.461538461538462,715.5475621890547,399.32835820895525
14912,2011-04-07 11:06:00,2011-11-23 09:20:00,2,971,867.85,32.14259259259259,21,2,Italy,17,230,1.0,433.925,485.5
14913,2010-12-15 14:35:00,2011-11-04 08:29:00,4,1743,1227.43,14.108390804597702,76,4,United Kingdom,36,324,1.0,306.8575,435.75
14915,2011-03-07 09:39:00,2011-09-09 13:34:00,2,112,307.48,25.623333333333335,12,2,United Kingdom,91,187,1.0,153.74,56.0
14916,2011-01-19 15:30:00,2011-09-30 09:20:00,4,1136,1268.98,16.48025974025974,72,3,United Kingdom,71,254,1.3333333333333333,317.245,284.0
14918,2011-07-08 12:50:00,2011-08-16 11:50:00,2,675,1610.15,35.781111111111116,39,2,United Kingdom,116,39,1.0,805.075,337.5
14920,2011-05-11 10:31:00,2011-05-11 10:32:00,2,509,977.77,17.153859649122808,57,1,United Kingdom,213,1,2.0,488.885,254.5
14921,2011-05-22 12:51:00,2011-11-09 13:17:00,2,953,1316.07,16.872692307692308,78,2,United Kingdom,30,172,1.0,658.035,476.5
14923,2011-10-20 11:51:00,2011-10-20 11:51:00,1,418,749.1,17.025000000000002,44,1,United Kingdom,51,1,1.0,749.1,418.0
14924,2011-04-08 09:25:00,2011-04-08 09:25:00,1,64,310.05,31.005000000000003,10,1,United Kingdom,246,1,1.0,310.05,64.0
14929,2011-11-07 17:21:00,2011-11-07 17:21:00,1,136,223.88,20.35272727272727,11,1,United Kingdom,32,1,1.0,223.88,136.0
14930,2011-03-10 14:42:00,2011-08-23 10:31:00,3,1166,2372.86,18.53796875,116,2,Channel Islands,109,166,1.5,790.9533333333334,388.6666666666667
14931,2011-04-13 09:32:00,2011-12-05 10:19:00,5,417,1257.68,30.675121951219513,30,5,Channel Islands,5,237,1.0,251.536,83.4
14932,2010-12-09 11:48:00,2010-12-09 11:48:00,1,80,363.53,21.384117647058822,17,1,Channel Islands,366,1,1.0,363.53,80.0
14934,2011-03-02 11:48:00,2011-09-19 10:10:00,2,1042,1890.94,21.734942528735633,68,2,Channel Islands,82,201,1.0,945.47,521.0
14935,2011-02-15 14:44:00,2011-02-15 14:44:00,1,935,1784.71,178.471,10,1,Channel Islands,297,1,1.0,1784.71,935.0
14936,2011-03-09 11:53:00,2011-11-06 10:30:00,8,4085,8137.02,22.35445054945055,210,5,Channel Islands,34,242,1.6,1017.1275,510.625
14937,2011-08-01 14:16:00,2011-10-14 12:29:00,3,484,1621.88,47.70235294117647,33,2,Channel Islands,57,74,1.5,540.6266666666667,161.33333333333334
14944,2011-02-16 12:47:00,2011-11-10 09:10:00,12,2815,5900.25,34.707352941176474,101,6,United Kingdom,30,267,2.0,491.6875,234.58333333333334
14946,2011-11-25 13:33:00,2011-11-25 13:33:00,1,22,100.9,33.63333333333333,3,1,United Kingdom,14,1,1.0,100.9,22.0
14947,2011-08-01 09:31:00,2011-09-28 15:48:00,2,179,290.82,20.77285714285714,14,2,United Kingdom,72,59,1.0,145.41,89.5
14948,2011-05-04 14:52:00,2011-11-16 17:16:00,6,673,1101.97,17.491587301587302,56,5,United Kingdom,23,197,1.2,183.66166666666666,112.16666666666667
14950,2011-11-20 13:48:00,2011-11-20 13:48:00,1,136,371.2,19.53684210526316,19,1,United Kingdom,19,1,1.0,371.2,136.0
14951,2011-09-21 15:15:00,2011-09-21 15:15:00,1,311,311.69,15.5845,20,1,United Kingdom,79,1,1.0,311.69,311.0
14952,2010-12-10 12:48:00,2011-10-11 10:33:00,11,3355,8099.49,58.69195652173913,117,5,United Kingdom,60,305,2.2,736.3172727272727,305.0
14953,2011-11-14 14:59:00,2011-11-14 14:59:00,1,225,289.82,5.269454545454545,54,1,United Kingdom,25,1,1.0,289.82,225.0
14954,2011-11-27 14:30:00,2011-11-27 14:30:00,1,127,336.17,3.9549411764705886,75,1,United Kingdom,12,1,1.0,336.17,127.0
14957,2011-03-31 17:59:00,2011-03-31 17:59:00,1,34,58.49,4.8741666666666665,12,1,United Kingdom,253,1,1.0,58.49,34.0
14958,2011-04-08 11:28:00,2011-07-15 14:20:00,3,129,499.68,11.897142857142857,33,3,United Kingdom,147,99,1.0,166.56,43.0
14959,2011-02-16 13:00:00,2011-10-06 18:23:00,4,494,695.42,11.786779661016949,37,4,United Kingdom,64,233,1.0,173.855,123.5
14960,2011-06-21 13:38:00,2011-12-01 12:54:00,2,221,221.27,8.195185185185185,23,2,United Kingdom,8,163,1.0,110.635,110.5
14961,2010-12-14 11:38:00,2011-11-29 09:42:00,9,3708,7044.68,22.579102564102566,193,6,United Kingdom,11,350,1.5,782.7422222222223,412.0
14962,2011-03-14 09:42:00,2011-03-14 09:42:00,1,44,126.7,25.34,5,1,United Kingdom,271,1,1.0,126.7,44.0
14963,2011-06-09 12:30:00,2011-11-30 12:16:00,5,1176,1487.8,7.514141414141414,149,3,United Kingdom,10,174,1.6666666666666667,297.56,235.2
14964,2011-04-06 14:13:00,2011-04-06 14:13:00,1,143,206.21,15.862307692307693,13,1,United Kingdom,247,1,1.0,206.21,143.0
14965,2011-09-04 13:15:00,2011-09-04 13:20:00,2,365,599.0,7.216867469879518,80,1,United Kingdom,96,1,2.0,299.5,182.5
14966,2011-11-25 12:20:00,2011-11-25 12:20:00,1,187,191.32,5.034736842105263,35,1,United Kingdom,15,1,1.0,191.32,187.0
14967,2011-10-21 11:06:00,2011-10-21 11:06:00,1,140,463.8,77.3,6,1,United Kingdom,50,1,1.0,463.8,140.0
14968,2011-11-09 13:58:00,2011-11-09 13:58:00,1,127,147.59,3.988918918918919,37,1,United Kingdom,30,1,1.0,147.59,127.0
14970,2011-01-27 12:23:00,2011-10-02 13:44:00,4,250,1592.06,46.825294117647054,24,4,United Kingdom,68,249,1.0,398.015,62.5
14971,2011-10-27 13:33:00,2011-11-04 17:07:00,3,644,1116.57,6.9785625,144,2,United Kingdom,35,9,1.5,372.19,214.66666666666666
14972,2011-08-03 14:54:00,2011-08-03 14:54:00,1,28,114.77,6.376111111111111,18,1,United Kingdom,128,1,1.0,114.77,28.0
14973,2011-04-28 12:22:00,2011-08-24 15:51:00,3,369,1314.45,41.0765625,29,3,United Kingdom,107,119,1.0,438.15000000000003,123.0
14974,2011-11-02 13:01:00,2011-11-02 13:01:00,1,44,114.39,5.4471428571428575,17,1,United Kingdom,37,1,1.0,114.39,44.0
14975,2011-10-13 14:08:00,2011-10-13 14:08:00,1,380,279.94,25.44909090909091,11,1,United Kingdom,57,1,1.0,279.94,380.0
14976,2011-01-17 11:09:00,2011-10-13 16:37:00,7,234,790.86,10.984166666666667,47,5,United Kingdom,57,270,1.4,112.98,33.42857142857143
14978,2011-01-13 12:03:00,2011-09-28 13:07:00,5,525,1931.42,8.941759259259259,136,4,United Kingdom,72,259,1.25,386.284,105.0
14981,2011-04-07 13:45:00,2011-04-07 13:45:00,1,97,102.12,12.765,8,1,United Kingdom,246,1,1.0,102.12,97.0
14984,2011-06-12 11:04:00,2011-11-20 14:28:00,2,60,213.27,5.201707317073171,37,2,United Kingdom,19,162,1.0,106.635,30.0
14985,2010-12-16 19:51:00,2011-05-25 14:29:00,2,260,296.75,3.410919540229885,78,2,United Kingdom,198,160,1.0,148.375,130.0
14987,2010-12-09 12:13:00,2011-11-24 09:59:00,2,128,326.4,81.6,2,2,United Kingdom,16,350,1.0,163.2,64.0
14988,2011-05-12 12:05:00,2011-05-12 12:05:00,1,141,334.54,8.3635,40,1,United Kingdom,212,1,1.0,334.54,141.0
14995,2011-03-04 13:14:00,2011-11-01 11:39:00,2,103,233.23000000000002,3.82344262295082,53,2,United Kingdom,39,242,1.0,116.61500000000001,51.5
14997,2011-06-14 16:52:00,2011-10-24 13:28:00,3,1120,546.1999999999999,21.007692307692306,25,3,United Kingdom,46,132,1.0,182.06666666666663,373.3333333333333
14998,2011-04-12 16:28:00,2011-06-22 17:30:00,2,270,429.87,5.7316,70,2,United Kingdom,170,72,1.0,214.935,135.0
15000,2011-10-23 11:42:00,2011-10-23 11:42:00,1,218,490.52,6.37038961038961,76,1,United Kingdom,48,1,1.0,490.52,218.0
15002,2010-12-07 13:16:00,2011-08-16 10:44:00,4,862,1641.76,14.276173913043479,93,4,United Kingdom,116,252,1.0,410.44,215.5
15004,2011-07-15 14:05:00,2011-07-15 14:05:00,1,630,1246.32,7.888101265822784,154,1,United Kingdom,147,1,1.0,1246.32,630.0
15005,2010-12-08 14:36:00,2011-11-24 12:25:00,28,4247,6316.57,5.6448346738159065,360,12,United Kingdom,16,351,2.3333333333333335,225.5917857142857,151.67857142857142
15006,2011-10-19 15:08:00,2011-10-19 15:08:00,1,302,502.09,3.486736111111111,121,1,United Kingdom,51,1,1.0,502.09,302.0
15007,2011-07-03 16:00:00,2011-07-03 16:00:00,1,69,156.91,13.075833333333334,12,1,United Kingdom,159,1,1.0,156.91,69.0
15009,2011-11-14 17:40:00,2011-11-27 13:35:00,3,642,1261.78,6.932857142857142,148,1,United Kingdom,12,13,3.0,420.5933333333333,214.0
15010,2011-11-04 12:42:00,2011-11-04 12:42:00,1,184,308.94,15.447,20,1,United Kingdom,36,1,1.0,308.94,184.0
15012,2010-12-01 12:49:00,2011-10-17 12:22:00,2,231,423.04,3.305,110,2,United Kingdom,54,320,1.0,211.52,115.5
15014,2011-06-16 19:40:00,2011-10-27 20:07:00,2,151,260.17,7.433428571428572,29,2,United Kingdom,43,134,1.0,130.085,75.5
15016,2011-06-20 12:06:00,2011-06-20 12:06:00,1,76,170.04,8.501999999999999,20,1,United Kingdom,173,1,1.0,170.04,76.0
15017,2011-11-06 10:33:00,2011-11-06 10:33:00,1,63,125.58,6.279,20,1,United Kingdom,34,1,1.0,125.58,63.0
15018,2010-12-07 10:47:00,2011-11-01 12:47:00,3,189,496.21000000000004,16.006774193548388,30,3,United Kingdom,39,330,1.0,165.40333333333334,63.0
15019,2011-03-18 12:35:00,2011-03-18 12:35:00,1,159,266.0,3.8,64,1,United Kingdom,267,1,1.0,266.0,159.0
15021,2010-12-08 12:17:00,2011-12-01 11:53:00,9,847,1914.82,4.056822033898305,287,8,United Kingdom,9,358,1.125,212.75777777777776,94.11111111111111
15022,2011-10-23 15:47:00,2011-11-28 12:35:00,4,543,905.04,6.704,96,2,United Kingdom,12,36,2.0,226.26,135.75
15023,2010-12-05 13:49:00,2011-12-06 17:23:00,11,2871,6802.76,12.104555160142349,347,9,United Kingdom,3,367,1.2222222222222223,618.4327272727273,261.0
15024,2010-12-07 13:20:00,2011-11-30 12:06:00,10,920,1661.33,10.718258064516128,105,5,United Kingdom,10,358,2.0,166.13299999999998,92.0
15025,2011-11-06 15:20:00,2011-11-06 15:20:00,1,189,377.01,5.23625,66,1,United Kingdom,33,1,1.0,377.01,189.0
15026,2011-03-07 13:45:00,2011-09-20 13:52:00,3,285,469.0,7.688524590163935,57,3,United Kingdom,80,198,1.0,156.33333333333334,95.0
15027,2011-04-15 14:14:00,2011-11-09 10:16:00,4,565,1066.1499999999999,30.461428571428566,30,4,United Kingdom,31,208,1.0,266.53749999999997,141.25
15028,2010-12-06 12:47:00,2011-12-01 14:06:00,4,459,627.13,13.065208333333333,35,3,United Kingdom,8,361,1.3333333333333333,156.7825,114.75
15030,2011-03-16 15:34:00,2011-09-29 10:50:00,2,372,518.28,74.03999999999999,7,2,United Kingdom,72,197,1.0,259.14,186.0
15031,2011-03-02 14:46:00,2011-12-05 14:19:00,4,401,668.14,6.019279279279279,74,4,United Kingdom,4,278,1.0,167.035,100.25
15032,2010-12-08 12:57:00,2011-03-28 15:03:00,3,2968,4959.1,95.3673076923077,29,2,United Kingdom,256,111,1.5,1653.0333333333335,989.3333333333334
15033,2011-01-14 13:28:00,2011-12-05 12:40:00,10,1695,2586.67,5.071901960784314,315,8,United Kingdom,5,325,1.25,258.66700000000003,169.5
15034,2010-12-21 09:47:00,2011-11-24 12:11:00,8,2422,4308.61,10.935558375634518,299,6,United Kingdom,16,339,1.3333333333333333,538.57625,302.75
15035,2011-09-11 11:08:00,2011-09-11 11:08:00,1,245,252.73000000000002,9.36037037037037,26,1,United Kingdom,90,1,1.0,252.73000000000002,245.0
15036,2011-06-13 12:19:00,2011-09-28 15:42:00,3,327,465.55,3.665748031496063,107,2,United Kingdom,72,108,1.5,155.18333333333334,109.0
15038,2010-12-05 10:54:00,2011-10-12 11:33:00,6,217,705.49,5.426846153846154,105,5,United Kingdom,59,312,1.2,117.58166666666666,36.166666666666664
15039,2010-12-06 11:26:00,2011-11-30 11:31:00,47,9209,19914.44,13.25861517976032,408,12,United Kingdom,10,360,3.9166666666666665,423.7114893617021,195.93617021276594
15041,2011-06-22 16:16:00,2011-06-22 16:16:00,1,104,180.35,2.6917910447761195,66,1,United Kingdom,170,1,1.0,180.35,104.0
15042,2011-05-24 16:25:00,2011-05-24 16:25:00,1,30,135.93,27.186,5,1,United Kingdom,199,1,1.0,135.93,30.0
15043,2011-11-08 14:26:00,2011-11-08 14:26:00,1,300,537.0,179.0,3,1,United Kingdom,31,1,1.0,537.0,300.0
15044,2010-12-12 14:27:00,2011-11-20 13:20:00,17,2795,7700.2300000000005,16.998300220750554,233,11,United Kingdom,19,343,1.5454545454545454,452.954705882353,164.41176470588235
15045,2011-03-27 11:44:00,2011-07-11 11:33:00,2,114,735.66,61.305,11,2,United Kingdom,152,106,1.0,367.83,57.0
15046,2011-01-05 15:30:00,2011-11-30 15:50:00,15,3451,5213.7699999999995,25.309563106796116,147,9,United Kingdom,9,330,1.6666666666666667,347.58466666666664,230.06666666666666
15047,2011-03-15 10:49:00,2011-03-15 10:49:00,1,222,343.62,15.61909090909091,22,1,United Kingdom,270,1,1.0,343.62,222.0
15048,2010-12-06 12:15:00,2011-10-05 14:55:00,4,195,384.05,3.959278350515464,86,4,United Kingdom,65,304,1.0,96.0125,48.75
15049,2011-03-11 12:13:00,2011-03-11 12:13:00,1,63,121.17000000000002,40.39000000000001,3,1,United Kingdom,274,1,1.0,121.17000000000002,63.0
15050,2011-09-29 13:22:00,2011-11-14 16:17:00,3,1224,1782.09,22.84730769230769,68,2,United Kingdom,25,47,1.5,594.03,408.0
15051,2011-07-12 15:29:00,2011-11-16 15:38:00,3,1011,1391.61,9.731538461538461,130,3,United Kingdom,23,128,1.0,463.86999999999995,337.0
15052,2011-01-24 15:52:00,2011-01-24 15:52:00,1,82,215.78,7.192666666666667,27,1,United Kingdom,319,1,1.0,215.78,82.0
15053,2011-03-03 12:06:00,2011-12-05 12:08:00,3,986,697.79,9.828028169014084,49,3,United Kingdom,5,278,1.0,232.59666666666666,328.6666666666667
15054,2011-10-30 14:33:00,2011-11-27 15:02:00,2,198,302.1,2.6500000000000004,105,2,United Kingdom,12,29,1.0,151.05,99.0
15057,2011-01-28 09:09:00,2011-03-09 15:17:00,2,668,1489.5,59.58,25,2,United Kingdom,275,41,1.0,744.75,334.0
15058,2011-01-31 15:35:00,2011-11-14 14:57:00,11,1069,2124.9900000000002,7.699239130434783,199,8,United Kingdom,25,287,1.375,193.18090909090913,97.18181818181819
15059,2011-01-09 11:54:00,2011-10-30 11:35:00,9,604,1337.72,5.644388185654009,161,6,United Kingdom,41,294,1.5,148.63555555555556,67.11111111111111
15060,2011-11-30 14:03:00,2011-12-01 13:47:00,4,263,303.09,2.504876033057851,81,2,United Kingdom,8,1,2.0,75.7725,65.75
15061,2010-12-02 15:19:00,2011-12-06 12:06:00,48,28920,54534.14,135.32044665012407,70,13,United Kingdom,4,369,3.6923076923076925,1136.1279166666666,602.5
15062,2010-12-15 15:37:00,2011-09-29 16:51:00,4,763,987.86,17.330877192982456,47,4,United Kingdom,71,289,1.0,246.965,190.75
15063,2011-05-10 13:25:00,2011-05-10 13:25:00,1,56,370.79999999999995,74.16,5,1,United Kingdom,213,1,1.0,370.79999999999995,56.0
15065,2011-02-21 12:54:00,2011-11-02 09:45:00,4,1383,3158.13,20.37503225806452,148,4,United Kingdom,38,254,1.0,789.5325,345.75
15066,2011-10-17 13:25:00,2011-10-17 13:25:00,1,317,893.59,21.275952380952383,42,1,United Kingdom,53,1,1.0,893.59,317.0
15067,2011-03-02 12:10:00,2011-09-22 13:20:00,3,954,1744.76,21.277560975609756,82,2,United Kingdom,78,205,1.5,581.5866666666667,318.0
15068,2011-03-28 14:27:00,2011-10-24 14:47:00,2,364,553.36,5.320769230769231,96,2,United Kingdom,46,211,1.0,276.68,182.0
15069,2011-06-13 14:16:00,2011-06-13 14:16:00,1,520,1109.53,15.850428571428571,70,1,United Kingdom,179,1,1.0,1109.53,520.0
15070,2010-12-02 11:23:00,2010-12-02 11:23:00,1,36,106.2,106.2,1,1,United Kingdom,373,1,1.0,106.2,36.0
15071,2011-03-09 10:19:00,2011-09-07 11:43:00,2,269,982.07,37.77192307692308,25,2,United Kingdom,94,183,1.0,491.035,134.5
15073,2011-06-06 09:59:00,2011-11-30 10:44:00,3,491,1043.41,19.322407407407407,31,2,United Kingdom,10,178,1.5,347.80333333333334,163.66666666666666
15074,2011-08-26 14:45:00,2011-08-26 14:45:00,1,455,748.87,17.830238095238094,41,1,United Kingdom,105,1,1.0,748.87,455.0
15075,2011-09-23 12:27:00,2011-09-23 12:27:00,1,447,773.03,28.63074074074074,27,1,United Kingdom,78,1,1.0,773.03,447.0
15076,2011-06-20 08:23:00,2011-06-20 08:23:00,1,571,880.85,17.976530612244897,49,1,United Kingdom,173,1,1.0,880.85,571.0
15078,2010-12-06 12:38:00,2011-12-02 15:41:00,32,5105,9743.11,22.14343181818182,97,13,United Kingdom,7,362,2.4615384615384617,304.4721875,159.53125
15079,2010-12-09 09:25:00,2011-05-11 12:45:00,4,389,895.61,19.055531914893617,46,3,United Kingdom,213,154,1.3333333333333333,223.9025,97.25
15081,2010-12-07 16:20:00,2011-11-17 17:08:00,5,190,504.8,15.296969696969697,26,5,United Kingdom,22,346,1.0,100.96000000000001,38.0
15083,2011-03-28 12:18:00,2011-03-28 12:18:00,1,38,88.2,17.64,5,1,United Kingdom,257,1,1.0,88.2,38.0
15087,2011-03-03 10:34:00,2011-03-03 10:34:00,1,470,306.94,20.462666666666667,15,1,United Kingdom,282,1,1.0,306.94,470.0
15088,2011-10-03 14:05:00,2011-11-18 13:14:00,2,460,1160.07,20.352105263157895,53,2,United Kingdom,21,46,1.0,580.035,230.0
15089,2011-08-03 14:14:00,2011-11-29 16:31:00,6,1359,2420.84,16.69544827586207,139,4,United Kingdom,10,119,1.5,403.47333333333336,226.5
15090,2011-02-04 14:03:00,2011-02-04 14:03:00,1,208,381.32,16.57913043478261,23,1,United Kingdom,308,1,1.0,381.32,208.0
15091,2011-10-03 12:47:00,2011-10-03 12:47:00,1,346,480.71,16.023666666666667,30,1,United Kingdom,68,1,1.0,480.71,346.0
15092,2011-03-01 12:24:00,2011-05-08 14:10:00,2,135,457.81,17.608076923076922,23,2,United Kingdom,215,69,1.0,228.905,67.5
15093,2010-12-02 18:25:00,2011-11-21 13:09:00,6,3760,4597.02,42.565000000000005,52,6,United Kingdom,18,354,1.0,766.1700000000001,626.6666666666666
15095,2011-05-20 14:27:00,2011-08-28 12:01:00,4,1079,1370.6,29.161702127659574,30,3,United Kingdom,104,100,1.3333333333333333,342.65,269.75
15096,2011-10-28 10:27:00,2011-10-28 10:27:00,1,120,219.39000000000001,19.944545454545455,11,1,United Kingdom,43,1,1.0,219.39000000000001,120.0
15097,2011-12-05 14:03:00,2011-12-05 14:03:00,1,170,248.08,9.923200000000001,25,1,United Kingdom,4,1,1.0,248.08,170.0
15098,2011-06-10 15:22:00,2011-06-10 15:33:00,3,121,39916.5,13305.5,1,1,United Kingdom,182,1,3.0,13305.5,40.333333333333336
15099,2011-09-16 13:13:00,2011-09-16 13:13:00,1,343,410.48,17.84695652173913,23,1,United Kingdom,84,1,1.0,410.48,343.0
15100,2010-12-01 09:09:00,2011-01-10 10:35:00,3,80,876.0,292.0,1,2,United Kingdom,334,41,1.5,292.0,26.666666666666668
15101,2010-12-15 12:54:00,2011-12-01 10:18:00,2,241,317.53,39.69125,8,2,United Kingdom,9,351,1.0,158.765,120.5
15103,2011-09-14 13:54:00,2011-11-08 14:53:00,2,329,703.36,20.096,35,2,United Kingdom,31,56,1.0,351.68,164.5
15104,2011-03-02 14:16:00,2011-05-27 12:29:00,2,637,1027.44,14.890434782608697,66,2,United Kingdom,197,86,1.0,513.72,318.5
15105,2011-07-28 10:09:00,2011-11-21 16:54:00,7,1211,2298.93,22.76168316831683,90,4,United Kingdom,18,117,1.75,328.4185714285714,173.0
15106,2011-03-15 12:52:00,2011-11-22 09:16:00,5,1181,1422.52,14.2252,90,5,United Kingdom,18,252,1.0,284.504,236.2
15107,2010-12-02 13:45:00,2011-02-01 14:46:00,6,169,319.5,19.96875,12,3,United Kingdom,311,62,2.0,53.25,28.166666666666668
15108,2011-04-26 10:54:00,2011-07-21 10:24:00,4,499,1300.25,21.670833333333334,50,3,European Community,142,86,1.3333333333333333,325.0625,124.75
15109,2011-04-08 09:58:00,2011-04-08 09:58:00,1,131,484.95,17.319642857142856,28,1,United Kingdom,246,1,1.0,484.95,131.0
15110,2011-01-25 11:41:00,2011-11-16 11:16:00,4,246,996.1,28.46,17,4,United Kingdom,24,295,1.0,249.025,61.5
15111,2010-12-02 11:45:00,2011-11-10 16:58:00,3,710,1567.48,18.660476190476192,70,3,United Kingdom,29,344,1.0,522.4933333333333,236.66666666666666
15113,2011-10-16 15:27:00,2011-11-30 08:23:00,3,2386,3609.33,36.0933,77,2,United Kingdom,10,45,1.5,1203.11,795.3333333333334
15114,2011-02-11 08:45:00,2011-11-09 15:05:00,10,3096,2760.56,14.012994923857867,136,8,United Kingdom,30,272,1.25,276.056,309.6
15115,2011-11-21 14:59:00,2011-11-21 14:59:00,1,157,340.11,16.195714285714285,21,1,United Kingdom,18,1,1.0,340.11,157.0
15116,2011-05-19 08:50:00,2011-11-22 12:25:00,4,648,1352.75,30.06111111111111,37,4,United Kingdom,18,188,1.0,338.1875,162.0
15117,2011-05-08 12:38:00,2011-11-25 08:12:00,5,1948,1551.78,19.64278481012658,63,4,United Kingdom,15,201,1.25,310.356,389.6
15118,2011-07-28 14:54:00,2011-07-28 14:54:00,1,1440,244.8,244.8,1,1,United Kingdom,134,1,1.0,244.8,1440.0
15119,2011-04-08 09:08:00,2011-04-08 09:08:00,1,88,266.4,19.02857142857143,14,1,United Kingdom,246,1,1.0,266.4,88.0
15120,2011-07-29 09:48:00,2011-07-29 09:48:00,1,296,358.82,17.086666666666666,21,1,United Kingdom,134,1,1.0,358.82,296.0
15121,2011-02-24 12:41:00,2011-10-20 14:51:00,2,199,457.72,16.34714285714286,28,2,United Kingdom,50,239,1.0,228.86,99.5
15122,2011-02-15 09:59:00,2011-08-17 16:48:00,3,800,1633.78,19.924146341463413,65,3,United Kingdom,114,184,1.0,544.5933333333334,266.6666666666667
15123,2011-05-17 14:57:00,2011-12-02 13:12:00,2,1195,2199.31,20.748207547169812,93,2,United Kingdom,7,199,1.0,1099.655,597.5
15124,2011-06-01 09:06:00,2011-11-17 10:09:00,2,233,184.19,12.279333333333334,14,2,United Kingdom,23,170,1.0,92.095,116.5
15125,2011-03-14 09:59:00,2011-11-14 13:57:00,15,6193,11528.48,90.77543307086614,102,8,United Kingdom,25,246,1.875,768.5653333333333,412.8666666666667
15127,2011-10-05 10:30:00,2011-10-05 10:30:00,1,251,406.53,25.408125,16,1,United Kingdom,66,1,1.0,406.53,251.0
15128,2011-05-04 12:32:00,2011-10-10 13:54:00,4,1343,1471.0,14.42156862745098,74,4,United Kingdom,60,160,1.0,367.75,335.75
15129,2011-02-21 09:09:00,2011-10-20 14:40:00,11,1794,3447.4,41.04047619047619,54,7,United Kingdom,50,242,1.5714285714285714,313.40000000000003,163.0909090909091
15130,2011-06-23 10:15:00,2011-06-23 10:15:00,1,197,330.11,15.005,22,1,United Kingdom,170,1,1.0,330.11,197.0
15132,2011-03-22 12:02:00,2011-11-21 17:10:00,5,679,977.9300000000001,18.806346153846157,49,5,United Kingdom,18,245,1.0,195.586,135.8
15133,2011-02-11 10:38:00,2011-08-04 10:44:00,3,680,982.42,33.87655172413793,27,3,United Kingdom,128,175,1.0,327.4733333333333,226.66666666666666
15134,2011-04-13 11:05:00,2011-11-25 08:55:00,8,887,1387.99,19.013561643835615,44,7,United Kingdom,15,226,1.1428571428571428,173.49875,110.875
15135,2011-04-14 19:16:00,2011-04-14 19:16:00,1,43,139.05,15.450000000000001,9,1,United Kingdom,239,1,1.0,139.05,43.0
15136,2011-09-04 16:05:00,2011-12-07 12:26:00,4,776,1286.7,18.92205882352941,61,3,United Kingdom,3,94,1.3333333333333333,321.675,194.0
15139,2011-01-07 12:44:00,2011-04-14 11:39:00,2,208,178.96,13.766153846153847,13,2,United Kingdom,240,97,1.0,89.48,104.0
15140,2011-03-20 14:37:00,2011-10-18 14:07:00,7,1572,2354.25,29.428125,74,6,United Kingdom,52,212,1.1666666666666667,336.32142857142856,224.57142857142858
15142,2011-10-24 12:51:00,2011-10-24 12:51:00,1,365,498.74,19.182307692307692,26,1,United Kingdom,46,1,1.0,498.74,365.0
15143,2011-04-28 12:03:00,2011-04-28 12:03:00,1,150,259.45,18.532142857142855,14,1,United Kingdom,226,1,1.0,259.45,150.0
15144,2011-01-31 13:17:00,2011-12-01 15:12:00,17,3050,6580.44,30.324608294930872,132,9,United Kingdom,8,305,1.8888888888888888,387.0847058823529,179.41176470588235
15145,2011-04-05 15:20:00,2011-12-05 17:21:00,4,756,1194.73,17.83179104477612,54,3,United Kingdom,4,245,1.3333333333333333,298.6825,189.0
15146,2011-02-21 13:07:00,2011-06-28 12:09:00,2,1473,1327.16,14.584175824175825,90,2,United Kingdom,165,127,1.0,663.58,736.5
15147,2011-04-13 15:57:00,2011-04-13 15:57:00,1,366,623.5,22.267857142857142,28,1,United Kingdom,240,1,1.0,623.5,366.0
15148,2011-11-29 08:21:00,2011-11-29 08:21:00,1,187,301.29,15.0645,20,1,United Kingdom,11,1,1.0,301.29,187.0
15149,2011-07-29 10:58:00,2011-07-29 10:58:00,1,128,520.8000000000001,22.643478260869568,23,1,United Kingdom,134,1,1.0,520.8000000000001,128.0
15150,2011-03-15 14:21:00,2011-11-22 12:52:00,10,3658,5314.47,15.494081632653062,282,6,United Kingdom,17,252,1.6666666666666667,531.447,365.8
15152,2011-06-05 15:36:00,2011-11-30 12:32:00,13,2704,4745.69,17.511771217712177,196,6,United Kingdom,10,178,2.1666666666666665,365.0530769230769,208.0
15153,2011-11-08 17:09:00,2011-11-08 17:09:00,1,198,329.25,14.965909090909092,22,1,United Kingdom,31,1,1.0,329.25,198.0
15154,2011-09-25 16:05:00,2011-09-25 16:05:00,1,104,296.42,3.487294117647059,66,1,United Kingdom,75,1,1.0,296.42,104.0
15156,2011-11-06 12:41:00,2011-12-08 18:22:00,3,597,961.49,17.481636363636365,51,2,United Kingdom,1,33,1.5,320.49666666666667,199.0
15157,2010-12-16 13:44:00,2011-12-06 11:28:00,3,2392,1936.07,15.48856,125,3,United Kingdom,4,355,1.0,645.3566666666667,797.3333333333334
15158,2011-10-25 13:53:00,2011-10-25 13:53:00,1,198,401.40000000000003,57.34285714285715,7,1,United Kingdom,45,1,1.0,401.40000000000003,198.0
15159,2010-12-13 15:44:00,2011-12-08 12:05:00,30,11441,18641.010000000002,26.254943661971833,363,12,United Kingdom,2,360,2.5,621.3670000000001,381.3666666666667
15160,2010-12-17 14:15:00,2010-12-17 14:15:00,1,84,158.16,39.54,4,1,United Kingdom,357,1,1.0,158.16,84.0
15163,2011-05-31 15:22:00,2011-11-21 13:10:00,2,186,304.47,10.49896551724138,29,2,United Kingdom,18,174,1.0,152.235,93.0
15164,2011-01-04 14:21:00,2011-10-02 12:05:00,3,360,843.05,8.18495145631068,79,3,United Kingdom,69,271,1.0,281.01666666666665,120.0
15165,2010-12-01 14:03:00,2010-12-01 14:03:00,1,160,487.75,18.064814814814813,27,1,United Kingdom,373,1,1.0,487.75,160.0
15167,2011-01-23 12:41:00,2011-01-23 12:41:00,1,67,163.0,3.975609756097561,39,1,United Kingdom,321,1,1.0,163.0,67.0
15168,2011-11-14 11:26:00,2011-11-14 11:26:00,1,52,106.56,21.312,5,1,United Kingdom,26,1,1.0,106.56,52.0
15171,2011-01-12 15:36:00,2011-01-12 15:36:00,1,290,1289.5,257.9,5,1,United Kingdom,331,1,1.0,1289.5,290.0
15172,2011-04-17 11:56:00,2011-12-01 11:51:00,5,1611,1624.05,14.764090909090909,106,5,United Kingdom,9,228,1.0,324.81,322.2
15174,2011-01-21 09:06:00,2011-01-21 09:06:00,1,145,135.75,12.340909090909092,11,1,United Kingdom,323,1,1.0,135.75,145.0
15175,2011-09-29 11:31:00,2011-09-29 11:31:00,1,454,224.14,9.745217391304347,23,1,United Kingdom,72,1,1.0,224.14,454.0
15178,2011-03-24 15:12:00,2011-03-24 15:12:00,1,30,40.5,13.5,3,1,United Kingdom,260,1,1.0,40.5,30.0
15179,2011-01-24 13:48:00,2011-11-21 12:53:00,5,1938,2206.95,23.73064516129032,91,4,United Kingdom,18,301,1.25,441.39,387.6
15180,2010-12-07 14:57:00,2010-12-07 14:57:00,1,36,87.5,14.583333333333334,6,1,United Kingdom,367,1,1.0,87.5,36.0
15181,2011-03-15 12:03:00,2011-10-04 13:58:00,3,544,689.4799999999999,43.092499999999994,11,3,United Kingdom,66,204,1.0,229.82666666666663,181.33333333333334
15182,2011-03-16 12:42:00,2011-07-08 13:37:00,2,253,622.85,21.477586206896554,24,2,United Kingdom,154,115,1.0,311.425,126.5
15184,2011-06-02 12:06:00,2011-11-10 13:41:00,2,223,406.76,6.456507936507936,59,2,United Kingdom,29,162,1.0,203.38,111.5
15185,2011-09-30 14:06:00,2011-09-30 14:06:00,1,666,310.62,14.791428571428572,21,1,United Kingdom,70,1,1.0,310.62,666.0
15186,2011-06-24 14:54:00,2011-11-25 14:58:00,2,215,411.41,21.653157894736843,17,2,United Kingdom,14,155,1.0,205.705,107.5
15187,2011-05-11 13:49:00,2011-12-08 11:56:00,16,1887,4777.18,52.49648351648352,61,8,United Kingdom,2,211,2.0,298.57375,117.9375
15189,2011-01-11 12:29:00,2011-12-08 13:22:00,41,6149,16225.39,76.53485849056604,80,12,United Kingdom,1,332,3.4166666666666665,395.74121951219513,149.97560975609755
15192,2010-12-09 14:56:00,2011-08-12 11:41:00,3,918,1044.32,20.47686274509804,36,3,United Kingdom,120,246,1.0,348.1066666666666,306.0
15193,2011-10-10 08:23:00,2011-10-10 08:23:00,1,144,499.32,26.28,19,1,United Kingdom,61,1,1.0,499.32,144.0
15194,2010-12-06 15:00:00,2011-12-06 15:10:00,15,5703,7616.53,24.569451612903226,209,10,United Kingdom,3,366,1.5,507.76866666666666,380.2
15195,2011-12-07 12:20:00,2011-12-07 12:20:00,1,1404,3861.0,3861.0,1,1,United Kingdom,3,1,1.0,3861.0,1404.0
15197,2010-12-16 18:01:00,2011-11-29 10:00:00,3,469,1079.6100000000001,33.737812500000004,30,3,United Kingdom,11,348,1.0,359.87000000000006,156.33333333333334
15198,2011-08-07 15:16:00,2011-09-08 14:42:00,2,120,193.64,19.363999999999997,10,2,United Kingdom,92,32,1.0,96.82,60.0
15199,2011-02-04 14:04:00,2011-10-11 15:12:00,4,396,1268.7,97.5923076923077,5,4,United Kingdom,59,250,1.0,317.175,99.0
15201,2011-04-06 14:02:00,2011-09-13 14:53:00,5,1210,1236.54,17.92086956521739,35,4,United Kingdom,87,161,1.25,247.308,242.0
15203,2011-02-01 12:29:00,2011-11-14 08:16:00,6,1753,1827.8,12.871830985915492,82,6,United Kingdom,26,286,1.0,304.6333333333333,292.1666666666667
15204,2010-12-17 13:49:00,2010-12-17 13:49:00,1,258,316.58,35.175555555555555,9,1,United Kingdom,357,1,1.0,316.58,258.0
15205,2011-08-04 16:07:00,2011-09-15 19:36:00,2,378,653.24,17.655135135135136,37,2,United Kingdom,85,43,1.0,326.62,189.0
15206,2011-03-09 08:59:00,2011-11-29 13:41:00,4,162,420.29999999999995,46.699999999999996,3,4,United Kingdom,10,266,1.0,105.07499999999999,40.5
15208,2010-12-21 13:03:00,2011-12-08 17:24:00,5,316,870.12,20.717142857142857,25,5,United Kingdom,1,353,1.0,174.024,63.2
15210,2011-04-28 16:11:00,2011-04-28 16:11:00,1,228,331.18,16.559,20,1,United Kingdom,225,1,1.0,331.18,228.0
15211,2010-12-09 16:08:00,2011-10-10 13:31:00,2,240,894.4100000000001,17.20019230769231,52,2,United Kingdom,60,305,1.0,447.20500000000004,120.0
15212,2011-04-12 13:45:00,2011-04-12 13:45:00,1,36,101.8,20.36,5,1,United Kingdom,241,1,1.0,101.8,36.0
15213,2011-01-14 11:05:00,2011-01-25 12:21:00,2,272,328.35,13.68125,22,1,United Kingdom,319,12,2.0,164.175,136.0
15214,2011-04-11 09:46:00,2011-12-08 12:07:00,8,1254,1661.44,15.104000000000001,109,6,United Kingdom,2,242,1.3333333333333333,207.68,156.75
15215,2011-09-04 12:24:00,2011-10-24 11:41:00,3,225,734.94,20.998285714285714,33,2,United Kingdom,47,50,1.5,244.98000000000002,75.0
15216,2011-09-13 11:41:00,2011-09-13 11:41:00,1,28,96.6,48.3,2,1,United Kingdom,88,1,1.0,96.6,28.0
15218,2011-01-25 11:20:00,2011-11-29 11:48:00,11,3329,5756.89,34.680060240963854,77,9,United Kingdom,11,309,1.2222222222222223,523.3536363636364,302.6363636363636
15219,2011-06-16 16:57:00,2011-06-16 16:57:00,1,45,305.75,33.97222222222222,9,1,United Kingdom,176,1,1.0,305.75,45.0
15220,2011-03-04 10:24:00,2011-10-19 12:39:00,6,1393,1778.96,15.204786324786324,110,6,United Kingdom,52,230,1.0,296.49333333333334,232.16666666666666
15221,2010-12-08 13:08:00,2010-12-08 13:08:00,1,43,403.25,80.65,5,1,United Kingdom,366,1,1.0,403.25,43.0
15222,2011-01-25 08:03:00,2011-01-25 08:03:00,1,440,585.0,117.0,5,1,United Kingdom,319,1,1.0,585.0,440.0
15223,2011-04-04 12:17:00,2011-04-28 11:31:00,2,213,755.75,37.7875,14,1,United Kingdom,226,24,2.0,377.875,106.5
15224,2010-12-12 12:34:00,2010-12-16 15:02:00,2,152,322.08,23.005714285714284,13,1,United Kingdom,358,5,2.0,161.04,76.0
15225,2011-04-19 14:51:00,2011-04-19 14:51:00,1,226,409.40000000000003,17.8,23,1,United Kingdom,234,1,1.0,409.40000000000003,226.0
15226,2011-02-02 11:41:00,2011-02-02 11:41:00,1,71,154.41,19.30125,8,1,United Kingdom,311,1,1.0,154.41,71.0
15227,2011-01-26 15:31:00,2011-11-03 11:59:00,5,750,1219.4,21.024137931034485,43,4,United Kingdom,37,281,1.25,243.88000000000002,150.0
15228,2011-02-18 09:04:00,2011-10-04 13:56:00,4,2255,3386.71,27.09368,110,4,United Kingdom,66,229,1.0,846.6775,563.75
15230,2011-04-13 11:04:00,2011-04-14 14:39:00,2,351,429.6,18.678260869565218,23,1,United Kingdom,239,2,2.0,214.8,175.5
15232,2011-07-22 12:21:00,2011-08-18 16:27:00,2,686,612.06,19.743870967741934,26,2,United Kingdom,113,28,1.0,306.03,343.0
15234,2011-03-08 08:53:00,2011-03-08 08:53:00,1,196,197.0,14.071428571428571,14,1,United Kingdom,277,1,1.0,197.0,196.0
15235,2010-12-01 17:22:00,2011-05-06 09:44:00,12,1324,2247.51,15.716853146853149,132,5,United Kingdom,218,156,2.4,187.29250000000002,110.33333333333333
15236,2011-02-14 10:52:00,2011-02-14 10:52:00,1,269,321.05,21.403333333333332,15,1,United Kingdom,299,1,1.0,321.05,269.0
15237,2011-04-26 15:04:00,2011-12-08 09:46:00,4,1071,1412.32,14.265858585858584,94,4,United Kingdom,2,226,1.0,353.08,267.75
15238,2011-06-08 16:00:00,2011-11-10 14:28:00,3,692,1071.99,21.4398,49,3,United Kingdom,29,155,1.0,357.33,230.66666666666666
15239,2011-09-22 09:53:00,2011-11-29 14:14:00,2,594,780.59,15.930408163265307,48,2,United Kingdom,10,69,1.0,390.295,297.0
15240,2011-02-01 08:23:00,2011-10-26 09:50:00,5,1369,1706.57,21.879102564102563,58,5,United Kingdom,45,268,1.0,341.31399999999996,273.8
15241,2011-03-01 11:02:00,2011-10-04 09:05:00,8,1818,1756.44,15.967636363636364,82,7,United Kingdom,67,217,1.1428571428571428,219.555,227.25
15243,2011-09-26 14:12:00,2011-09-26 14:12:00,1,185,316.68,14.394545454545455,22,1,United Kingdom,74,1,1.0,316.68,185.0
15244,2011-04-05 15:12:00,2011-10-05 13:19:00,2,405,631.57,18.57558823529412,31,2,United Kingdom,65,183,1.0,315.785,202.5
15245,2011-03-23 13:42:00,2011-07-28 18:56:00,3,1784,2515.84,28.267865168539327,55,3,United Kingdom,134,128,1.0,838.6133333333333,594.6666666666666
15246,2010-12-16 09:46:00,2011-04-15 14:45:00,2,247,514.15,15.58030303030303,32,2,United Kingdom,238,121,1.0,257.075,123.5
15247,2011-08-09 12:52:00,2011-08-09 12:52:00,1,160,356.0,59.333333333333336,6,1,United Kingdom,122,1,1.0,356.0,160.0
15249,2011-03-28 12:49:00,2011-11-08 11:45:00,13,3577,6688.46,19.109885714285713,211,8,United Kingdom,32,225,1.625,514.496923076923,275.15384615384613
15251,2011-04-12 10:38:00,2011-11-30 15:02:00,11,6171,10484.99,94.45936936936937,97,8,United Kingdom,9,233,1.375,953.180909090909,561.0
15252,2011-06-09 14:15:00,2011-11-03 13:30:00,2,522,740.78,16.83590909090909,44,2,United Kingdom,36,147,1.0,370.39,261.0
15253,2011-06-23 12:19:00,2011-11-23 16:22:00,5,866,918.1999999999999,17.32452830188679,52,3,United Kingdom,16,154,1.6666666666666667,183.64,173.2
15254,2011-08-04 15:04:00,2011-08-04 15:04:00,1,275,300.36,16.686666666666667,18,1,United Kingdom,127,1,1.0,300.36,275.0
15255,2011-10-04 12:43:00,2011-10-04 12:43:00,1,489,890.85,18.95425531914894,47,1,United Kingdom,67,1,1.0,890.85,489.0
15256,2011-07-14 11:47:00,2011-07-14 11:47:00,1,55,98.45,16.408333333333335,6,1,United Kingdom,149,1,1.0,98.45,55.0
15257,2011-03-01 12:58:00,2011-03-01 12:58:00,1,46,317.15,45.30714285714286,7,1,United Kingdom,283,1,1.0,317.15,46.0
15258,2011-05-06 14:16:00,2011-06-24 12:30:00,2,142,623.16,18.328235294117647,32,2,United Kingdom,169,49,1.0,311.58,71.0
15260,2010-12-02 12:09:00,2011-08-31 13:55:00,7,885,1810.77,23.516493506493507,62,6,United Kingdom,100,273,1.1666666666666667,258.68142857142857,126.42857142857143
15261,2011-07-27 15:20:00,2011-07-27 15:20:00,1,270,254.82,13.41157894736842,19,1,United Kingdom,135,1,1.0,254.82,270.0
15262,2011-01-20 12:16:00,2011-01-20 12:16:00,1,73,178.95000000000002,17.895000000000003,10,1,United Kingdom,324,1,1.0,178.95000000000002,73.0
15263,2011-08-25 10:26:00,2011-08-25 10:26:00,1,89,156.51,13.042499999999999,12,1,United Kingdom,107,1,1.0,156.51,89.0
15264,2011-10-06 13:49:00,2011-10-06 13:49:00,1,265,393.74,17.11913043478261,23,1,United Kingdom,64,1,1.0,393.74,265.0
15265,2011-04-18 12:16:00,2011-07-11 14:46:00,2,612,1506.1200000000001,18.36731707317073,76,2,United Kingdom,151,85,1.0,753.0600000000001,306.0
15266,2011-01-05 13:40:00,2011-01-05 13:40:00,1,18,119.3,19.883333333333333,6,1,United Kingdom,338,1,1.0,119.3,18.0
15267,2011-06-10 10:24:00,2011-11-17 15:59:00,5,944,1717.36,156.12363636363636,8,4,United Kingdom,22,161,1.25,343.472,188.8
15269,2011-11-16 09:32:00,2011-11-16 09:32:00,1,26,408.8,204.4,2,1,United Kingdom,24,1,1.0,408.8,26.0
15270,2011-02-02 13:25:00,2011-11-24 09:24:00,7,1521,2379.49,58.03634146341463,22,4,United Kingdom,16,295,1.75,339.9271428571428,217.28571428571428
15271,2010-12-09 13:47:00,2011-12-02 14:11:00,15,1262,2507.07,9.149890510948905,184,10,United Kingdom,7,359,1.5,167.138,84.13333333333334
15272,2011-09-14 16:36:00,2011-10-13 12:59:00,2,310,721.94,11.45936507936508,63,2,United Kingdom,57,29,1.0,360.97,155.0
15274,2011-11-21 14:17:00,2011-12-05 16:57:00,2,619,716.57,15.246170212765959,44,2,United Kingdom,4,15,1.0,358.285,309.5
15275,2011-11-02 11:20:00,2011-11-02 11:20:00,1,498,615.14,15.003414634146342,41,1,United Kingdom,38,1,1.0,615.14,498.0
15276,2011-10-04 16:39:00,2011-10-04 16:39:00,1,64,135.31,2.602115384615385,49,1,United Kingdom,66,1,1.0,135.31,64.0
15277,2011-10-24 10:08:00,2011-10-24 10:08:00,1,205,255.89999999999998,21.325,12,1,United Kingdom,47,1,1.0,255.89999999999998,205.0
15279,2010-12-20 10:48:00,2010-12-20 10:48:00,1,189,290.51,15.29,19,1,United Kingdom,355,1,1.0,290.51,189.0
15280,2011-06-20 17:14:00,2011-06-20 17:14:00,1,154,113.12,7.07,16,1,United Kingdom,172,1,1.0,113.12,154.0
15281,2011-01-10 15:51:00,2011-10-12 09:10:00,9,1211,2332.15,16.778057553956835,121,6,United Kingdom,59,275,1.5,259.1277777777778,134.55555555555554
15286,2011-10-21 11:08:00,2011-10-21 11:08:00,1,55,240.55,80.18333333333334,3,1,United Kingdom,50,1,1.0,240.55,55.0
15287,2011-09-30 12:30:00,2011-11-17 15:34:00,2,433,486.69,24.3345,17,2,United Kingdom,22,49,1.0,243.345,216.5
15288,2010-12-09 13:59:00,2011-10-27 16:58:00,5,775,2306.52,26.210454545454546,80,5,United Kingdom,43,323,1.0,461.304,155.0
15289,2011-04-04 12:44:00,2011-11-10 13:49:00,3,1008,939.78,16.20310344827586,43,3,United Kingdom,29,221,1.0,313.26,336.0
15290,2010-12-15 16:03:00,2011-12-05 11:39:00,18,4501,7943.22,38.93735294117647,93,12,United Kingdom,5,355,1.5,441.29,250.05555555555554
15291,2010-12-01 09:32:00,2011-11-14 11:02:00,15,2103,4668.3,45.32330097087379,62,7,United Kingdom,26,349,2.142857142857143,311.22,140.2
15292,2011-05-22 15:00:00,2011-05-22 15:00:00,1,56,180.94,7.2376,24,1,United Kingdom,201,1,1.0,180.94,56.0
15296,2011-01-17 11:57:00,2011-10-20 11:47:00,6,1766,3672.86,18.932268041237116,137,5,United Kingdom,51,276,1.2,612.1433333333333,294.3333333333333
15297,2011-10-07 09:42:00,2011-11-29 16:32:00,3,292,641.94,16.46,30,2,United Kingdom,10,54,1.5,213.98000000000002,97.33333333333333
15298,2010-12-08 13:55:00,2011-12-07 17:17:00,12,3116,4799.9,24.999479166666664,115,9,United Kingdom,2,365,1.3333333333333333,399.9916666666666,259.6666666666667
15299,2010-12-02 16:48:00,2011-10-03 14:19:00,7,2948,4507.01,643.8585714285715,7,4,United Kingdom,67,305,1.75,643.8585714285715,421.14285714285717
15300,2011-10-06 17:08:00,2011-10-06 17:08:00,1,292,496.44,17.73,28,1,United Kingdom,64,1,1.0,496.44,292.0
15301,2010-12-06 12:21:00,2011-10-20 09:57:00,12,2775,5070.35,20.865637860082305,167,9,United Kingdom,51,318,1.3333333333333333,422.5291666666667,231.25
15303,2011-02-22 13:59:00,2011-02-22 13:59:00,1,248,574.02,18.516774193548386,31,1,United Kingdom,290,1,1.0,574.02,248.0
15304,2010-12-06 11:42:00,2011-10-10 10:23:00,8,104,694.4000000000001,30.19130434782609,8,7,United Kingdom,61,308,1.1428571428571428,86.80000000000001,13.0
15306,2011-07-14 15:22:00,2011-10-06 12:56:00,3,810,1174.35,20.247413793103448,57,3,United Kingdom,64,84,1.0,391.45,270.0
15307,2011-09-05 11:38:00,2011-09-05 11:38:00,1,37,205.3,17.108333333333334,12,1,United Kingdom,96,1,1.0,205.3,37.0
15308,2011-03-10 13:08:00,2011-03-10 13:08:00,1,175,310.47,16.340526315789475,19,1,United Kingdom,274,1,1.0,310.47,175.0
15311,2010-12-01 09:41:00,2011-12-09 12:00:00,91,38194,60767.9,25.543463640184953,567,13,United Kingdom,1,374,7.0,667.7791208791209,419.7142857142857
15312,2010-12-20 12:51:00,2011-09-25 13:10:00,4,516,924.85,19.677659574468084,42,4,United Kingdom,75,280,1.0,231.2125,129.0
15313,2011-08-21 16:02:00,2011-08-21 16:02:00,1,25,52.0,52.0,1,1,United Kingdom,110,1,1.0,52.0,25.0
15314,2011-05-24 14:39:00,2011-05-24 14:39:00,1,313,327.97,13.665416666666667,24,1,United Kingdom,199,1,1.0,327.97,313.0
15315,2011-08-15 15:17:00,2011-10-06 12:51:00,2,862,570.5,15.41891891891892,35,2,United Kingdom,64,52,1.0,285.25,431.0
15316,2011-01-17 11:34:00,2011-01-17 11:34:00,1,100,165.0,165.0,1,1,United Kingdom,327,1,1.0,165.0,100.0
15318,2011-12-06 11:30:00,2011-12-06 11:30:00,1,642,312.62,9.473333333333333,33,1,United Kingdom,4,1,1.0,312.62,642.0
15319,2011-03-01 12:48:00,2011-03-01 12:48:00,1,175,204.5,12.78125,16,1,United Kingdom,284,1,1.0,204.5,175.0
15320,2011-10-26 13:27:00,2011-10-26 13:27:00,1,326,267.13,7.420277777777778,36,1,United Kingdom,44,1,1.0,267.13,326.0
15321,2011-02-21 11:10:00,2011-09-30 09:40:00,3,1181,2748.31,28.92957894736842,83,2,United Kingdom,71,221,1.5,916.1033333333334,393.6666666666667
15322,2011-09-15 09:34:00,2011-09-15 09:34:00,1,416,679.68,16.18285714285714,42,1,United Kingdom,86,1,1.0,679.68,416.0
15325,2011-08-28 11:55:00,2011-08-28 11:55:00,1,232,162.29,3.3120408163265305,47,1,United Kingdom,104,1,1.0,162.29,232.0
15326,2011-01-10 11:38:00,2011-01-10 11:38:00,1,386,311.71,10.748620689655171,29,1,United Kingdom,334,1,1.0,311.71,386.0
15327,2011-10-18 11:55:00,2011-10-18 11:55:00,1,116,208.75,20.875,10,1,United Kingdom,53,1,1.0,208.75,116.0
15329,2011-06-21 10:37:00,2011-10-31 15:36:00,3,486,1049.7,18.41578947368421,51,3,United Kingdom,39,133,1.0,349.90000000000003,162.0
15330,2011-10-10 12:30:00,2011-11-07 17:50:00,2,1312,714.96,54.99692307692308,10,2,United Kingdom,32,29,1.0,357.48,656.0
15332,2010-12-05 12:00:00,2010-12-08 14:43:00,4,652,1661.06,47.45885714285714,29,1,Lithuania,366,4,4.0,415.265,163.0
15333,2011-05-15 13:27:00,2011-05-15 13:27:00,1,344,1028.56,64.285,16,1,United Kingdom,208,1,1.0,1028.56,344.0
15334,2011-06-19 13:51:00,2011-07-06 11:22:00,3,274,351.67,3.5522222222222224,67,2,United Kingdom,157,17,1.5,117.22333333333334,91.33333333333333
15335,2011-10-17 12:50:00,2011-10-17 12:50:00,1,80,173.97,4.8325,34,1,United Kingdom,54,1,1.0,173.97,80.0
15339,2011-01-25 13:15:00,2011-10-04 12:51:00,2,416,574.07,6.675232558139536,77,2,United Kingdom,66,252,1.0,287.035,208.0
15341,2011-09-20 09:40:00,2011-09-20 09:40:00,1,812,2020.52,118.85411764705883,17,1,United Kingdom,81,1,1.0,2020.52,812.0
15342,2011-08-02 10:19:00,2011-08-02 10:19:00,1,283,406.09,16.920416666666664,24,1,United Kingdom,130,1,1.0,406.09,283.0
15343,2011-09-13 13:55:00,2011-09-13 13:55:00,1,84,364.5,17.357142857142858,21,1,United Kingdom,87,1,1.0,364.5,84.0
15344,2011-09-26 14:48:00,2011-12-09 10:45:00,3,116,563.94,21.69,21,3,United Kingdom,1,74,1.0,187.98000000000002,38.666666666666664
15345,2011-10-25 11:28:00,2011-10-25 11:28:00,1,81,393.54,19.677,20,1,United Kingdom,46,1,1.0,393.54,81.0
15346,2011-01-11 11:18:00,2011-01-11 11:18:00,1,144,252.42000000000002,14.848235294117648,17,1,United Kingdom,333,1,1.0,252.42000000000002,144.0
15347,2010-12-08 15:25:00,2010-12-08 15:25:00,1,130,201.60000000000002,40.32000000000001,5,1,United Kingdom,366,1,1.0,201.60000000000002,130.0
15348,2011-09-28 13:17:00,2011-09-28 13:17:00,1,84,158.04,17.56,9,1,United Kingdom,72,1,1.0,158.04,84.0
15349,2011-06-05 15:46:00,2011-07-04 16:06:00,2,327,473.81,6.580694444444444,65,2,United Kingdom,158,30,1.0,236.905,163.5
15350,2010-12-01 13:33:00,2010-12-01 13:33:00,1,51,115.65,23.130000000000003,5,1,United Kingdom,373,1,1.0,115.65,51.0
15351,2010-12-05 11:49:00,2011-11-27 12:52:00,7,753,1960.1100000000001,8.7116,157,4,United Kingdom,12,358,1.75,280.0157142857143,107.57142857142857
15353,2010-12-07 11:49:00,2011-03-30 12:15:00,2,343,777.02,12.333650793650794,59,2,United Kingdom,255,114,1.0,388.51,171.5
15355,2011-10-17 15:22:00,2011-11-10 13:44:00,2,45,277.05,19.789285714285715,9,2,United Kingdom,29,24,1.0,138.525,22.5
15356,2010-12-06 14:05:00,2011-11-08 13:11:00,10,1673,2766.5,5.330443159922929,215,9,United Kingdom,31,337,1.1111111111111112,276.65,167.3
15358,2010-12-09 10:04:00,2011-12-05 09:04:00,22,7050,8347.2,15.149183303085302,292,13,United Kingdom,5,361,1.6923076923076923,379.41818181818184,320.45454545454544
15360,2011-10-31 09:35:00,2011-10-31 09:35:00,1,223,427.93,32.917692307692306,13,1,United Kingdom,40,1,1.0,427.93,223.0
15361,2010-12-13 09:52:00,2010-12-13 09:52:00,1,336,418.92,59.84571428571429,7,1,United Kingdom,362,1,1.0,418.92,336.0
15363,2010-12-02 12:28:00,2010-12-02 12:28:00,1,144,326.0,20.375,16,1,United Kingdom,373,1,1.0,326.0,144.0
15364,2011-03-30 13:39:00,2011-09-05 09:46:00,2,493,913.19,31.489310344827587,29,2,United Kingdom,96,159,1.0,456.595,246.5
15365,2011-01-28 13:08:00,2011-11-14 08:29:00,7,1084,2314.32,20.301052631578948,65,3,United Kingdom,26,290,2.3333333333333335,330.6171428571429,154.85714285714286
15366,2010-12-16 15:59:00,2011-09-25 15:01:00,2,621,602.51,13.69340909090909,37,2,United Kingdom,75,283,1.0,301.255,310.5
15367,2011-03-09 13:53:00,2011-10-13 14:13:00,4,1057,1877.59,19.764105263157894,91,3,United Kingdom,57,219,1.3333333333333333,469.3975,264.25
15368,2011-11-18 14:42:00,2011-11-18 14:42:00,1,230,446.94000000000005,111.73500000000001,4,1,United Kingdom,21,1,1.0,446.94000000000005,230.0
15370,2011-01-11 11:32:00,2011-10-30 10:58:00,7,830,2386.05,25.383510638297874,65,6,United Kingdom,41,292,1.1666666666666667,340.86428571428576,118.57142857142857
15372,2011-07-25 16:39:00,2011-07-25 16:39:00,1,2924,2007.3999999999999,74.34814814814814,27,1,United Kingdom,137,1,1.0,2007.3999999999999,2924.0
15373,2010-12-03 14:40:00,2011-12-01 15:05:00,12,500,2415.91,18.302348484848483,74,9,United Kingdom,8,364,1.3333333333333333,201.32583333333332,41.666666666666664
15374,2011-08-03 09:59:00,2011-08-03 09:59:00,1,126,168.0,56.0,3,1,United Kingdom,129,1,1.0,168.0,126.0
15376,2011-05-01 13:45:00,2011-10-30 15:04:00,3,619,1233.3600000000001,10.541538461538462,100,3,United Kingdom,40,183,1.0,411.12000000000006,206.33333333333334
15379,2010-12-16 13:02:00,2011-06-23 13:13:00,7,2305,3703.29,19.089123711340207,145,5,United Kingdom,169,190,1.4,529.0414285714286,329.2857142857143
15380,2010-12-09 15:01:00,2011-12-01 12:13:00,5,376,1690.2600000000002,46.951666666666675,22,5,United Kingdom,9,357,1.0,338.052,75.2
15381,2011-03-16 13:44:00,2011-05-10 11:55:00,2,171,596.85,74.60625,8,2,United Kingdom,214,55,1.0,298.425,85.5
15382,2011-02-17 12:01:00,2011-11-25 10:58:00,6,4012,5955.71,19.7208940397351,193,5,United Kingdom,15,281,1.2,992.6183333333333,668.6666666666666
15384,2010-12-15 11:34:00,2011-06-23 10:57:00,2,596,642.41,15.668536585365853,34,2,United Kingdom,170,190,1.0,321.205,298.0
15385,2011-10-30 15:11:00,2011-10-30 15:11:00,1,161,316.88,26.406666666666666,12,1,United Kingdom,40,1,1.0,316.88,161.0
15386,2011-06-06 13:47:00,2011-06-06 13:47:00,1,446,394.14,12.714193548387096,31,1,United Kingdom,186,1,1.0,394.14,446.0
15388,2011-03-14 13:53:00,2011-03-14 13:53:00,1,88,140.54,14.053999999999998,10,1,Canada,270,1,1.0,140.54,88.0
15389,2011-06-20 16:18:00,2011-06-20 16:18:00,1,400,500.0,500.0,1,1,United Kingdom,172,1,1.0,500.0,400.0
15392,2010-12-14 15:50:00,2011-12-05 11:01:00,4,1277,1535.53,18.280119047619046,74,4,United Kingdom,5,356,1.0,383.8825,319.25
15393,2011-03-03 16:58:00,2011-11-23 16:48:00,2,150,231.86,19.32166666666667,10,2,United Kingdom,16,265,1.0,115.93,75.0
15394,2010-12-16 12:46:00,2011-11-30 11:49:00,4,910,2183.54,25.68870588235294,54,4,United Kingdom,10,349,1.0,545.885,227.5
15395,2011-01-18 12:40:00,2011-01-18 12:40:00,1,17,107.45,15.35,7,1,United Kingdom,326,1,1.0,107.45,17.0
15396,2011-08-19 10:56:00,2011-08-19 10:56:00,1,122,288.18,20.584285714285716,14,1,United Kingdom,113,1,1.0,288.18,122.0
15397,2011-02-23 09:25:00,2011-02-23 09:25:00,1,20,94.0,15.666666666666666,6,1,United Kingdom,290,1,1.0,94.0,20.0
15398,2011-09-22 14:56:00,2011-11-23 16:47:00,2,769,1345.53,18.43191780821918,60,2,United Kingdom,16,63,1.0,672.765,384.5
15399,2011-09-21 15:57:00,2011-12-08 13:04:00,3,611,815.77,16.3154,45,3,United Kingdom,1,78,1.0,271.92333333333335,203.66666666666666
15400,2011-03-06 11:27:00,2011-09-08 13:57:00,5,390,716.2,59.68333333333334,10,4,United Kingdom,92,187,1.25,143.24,78.0
15402,2011-05-27 13:32:00,2011-07-14 12:17:00,2,694,626.77,14.923095238095238,35,2,United Kingdom,149,48,1.0,313.385,347.0
15405,2011-06-03 14:44:00,2011-06-03 14:44:00,1,193,349.1,43.6375,8,1,United Kingdom,189,1,1.0,349.1,193.0
15406,2011-02-11 16:19:00,2011-11-08 13:22:00,2,254,510.71000000000004,9.636037735849058,51,2,United Kingdom,31,270,1.0,255.35500000000002,127.0
15407,2011-02-07 13:18:00,2011-11-06 11:55:00,4,558,1056.44,6.90483660130719,142,4,United Kingdom,34,272,1.0,264.11,139.5
15408,2011-03-20 15:02:00,2011-03-20 15:02:00,1,106,267.18,7.858235294117647,34,1,United Kingdom,264,1,1.0,267.18,106.0
15410,2011-03-23 10:15:00,2011-09-16 14:47:00,8,1200,3450.84,28.285573770491805,48,6,United Kingdom,84,178,1.3333333333333333,431.355,150.0
15411,2011-06-10 12:30:00,2011-11-13 15:19:00,4,530,1358.88,13.726060606060607,86,4,United Kingdom,26,157,1.0,339.72,132.5
15412,2011-06-21 15:24:00,2011-06-21 15:24:00,1,108,190.53,19.053,10,1,United Kingdom,171,1,1.0,190.53,108.0
15414,2011-04-11 13:45:00,2011-11-30 09:50:00,3,443,774.9000000000001,19.86923076923077,37,2,United Kingdom,10,233,1.5,258.3,147.66666666666666
15415,2011-01-30 14:13:00,2011-01-30 14:13:00,1,575,572.8100000000001,11.933541666666668,46,1,United Kingdom,313,1,1.0,572.8100000000001,575.0
15416,2011-03-02 08:41:00,2011-10-06 09:38:00,4,2090,3984.32,20.75166666666667,165,4,United Kingdom,65,219,1.0,996.08,522.5
15417,2011-09-15 15:26:00,2011-09-15 15:26:00,1,284,508.8,18.17142857142857,28,1,United Kingdom,85,1,1.0,508.8,284.0
15419,2011-11-15 09:23:00,2011-11-15 09:23:00,1,230,135.86,16.9825,8,1,United Kingdom,25,1,1.0,135.86,230.0
15421,2011-02-02 14:36:00,2011-10-12 09:20:00,4,500,950.36,17.93132075471698,40,3,United Kingdom,59,252,1.3333333333333333,237.59,125.0
15422,2011-01-20 14:17:00,2011-01-20 16:17:00,2,38,97.7,16.283333333333335,6,1,United Kingdom,323,1,2.0,48.85,19.0
15423,2011-11-01 14:01:00,2011-11-01 14:01:00,1,101,43.5,21.75,2,1,United Kingdom,38,1,1.0,43.5,101.0
15424,2011-03-30 13:00:00,2011-03-30 13:02:00,2,554,383.34,22.54941176470588,17,1,United Kingdom,254,1,2.0,191.67,277.0
15426,2010-12-05 13:55:00,2011-11-20 15:36:00,5,674,1447.39,4.956815068493151,217,3,United Kingdom,19,351,1.6666666666666667,289.478,134.8
15427,2011-10-23 14:47:00,2011-11-06 14:29:00,3,1013,1483.14,4.84686274509804,233,2,United Kingdom,33,14,1.5,494.38000000000005,337.6666666666667
15428,2011-11-24 16:54:00,2011-11-24 16:54:00,1,102,93.78,15.63,6,1,United Kingdom,15,1,1.0,93.78,102.0
15429,2011-09-25 13:42:00,2011-11-13 12:28:00,2,380,397.35,4.845731707317073,77,2,United Kingdom,27,49,1.0,198.675,190.0
15432,2011-11-16 16:30:00,2011-11-16 16:30:00,1,65,171.19,17.119,10,1,United Kingdom,23,1,1.0,171.19,65.0
15433,2011-03-17 14:12:00,2011-05-10 10:45:00,2,534,533.3,13.00731707317073,40,2,United Kingdom,214,54,1.0,266.65,267.0
15434,2011-05-23 14:18:00,2011-12-01 13:33:00,5,647,1041.48,18.936,40,4,United Kingdom,8,192,1.25,208.296,129.4
15435,2011-11-17 16:39:00,2011-11-17 16:39:00,1,54,149.29,5.147931034482759,29,1,United Kingdom,22,1,1.0,149.29,54.0
15436,2011-04-19 16:52:00,2011-11-27 16:05:00,3,613,1122.53,3.4119452887537993,243,3,United Kingdom,12,222,1.0,374.1766666666667,204.33333333333334
15437,2011-03-22 13:11:00,2011-03-22 13:11:00,1,79,200.16,4.4479999999999995,44,1,United Kingdom,262,1,1.0,200.16,79.0
15438,2011-07-31 14:19:00,2011-07-31 14:19:00,1,59,156.57999999999998,6.263199999999999,25,1,United Kingdom,131,1,1.0,156.57999999999998,59.0
15440,2011-05-15 11:30:00,2011-10-16 12:16:00,3,197,383.68,6.188387096774194,50,3,United Kingdom,55,155,1.0,127.89333333333333,65.66666666666667
15442,2011-04-05 12:24:00,2011-04-05 12:24:00,1,120,594.0,297.0,2,1,United Kingdom,249,1,1.0,594.0,120.0
15443,2011-01-23 13:25:00,2011-12-08 10:40:00,7,1663,3236.91,8.473586387434555,237,6,United Kingdom,2,319,1.1666666666666667,462.4157142857143,237.57142857142858
15444,2011-10-30 16:12:00,2011-11-30 17:37:00,2,764,1418.26,6.476073059360731,191,2,United Kingdom,9,32,1.0,709.13,382.0
15445,2011-03-20 15:06:00,2011-03-20 15:06:00,1,58,113.5,22.7,5,1,United Kingdom,264,1,1.0,113.5,58.0
15447,2011-01-13 11:26:00,2011-01-13 11:26:00,1,85,155.17,17.24111111111111,9,1,United Kingdom,331,1,1.0,155.17,85.0
15448,2011-01-31 10:42:00,2011-01-31 10:42:00,1,232,494.64,17.665714285714284,28,1,United Kingdom,313,1,1.0,494.64,232.0
15449,2011-03-23 10:43:00,2011-11-13 15:02:00,3,812,974.52,16.242,47,3,United Kingdom,26,236,1.0,324.84,270.6666666666667
15450,2011-11-09 17:11:00,2011-11-09 17:11:00,1,376,429.84,14.328,30,1,United Kingdom,30,1,1.0,429.84,376.0
15452,2011-03-20 15:21:00,2011-11-10 12:13:00,3,283,538.73,9.28844827586207,47,3,United Kingdom,30,235,1.0,179.57666666666668,94.33333333333333
15453,2011-06-05 12:37:00,2011-12-08 10:59:00,7,845,1388.37,4.854440559440559,169,6,United Kingdom,2,186,1.1666666666666667,198.3385714285714,120.71428571428571
15454,2010-12-12 14:21:00,2010-12-12 14:21:00,1,86,179.1,7.164,23,1,United Kingdom,362,1,1.0,179.1,86.0
15456,2010-12-15 15:34:00,2011-03-01 13:51:00,3,660,447.22,7.453666666666667,48,2,United Kingdom,283,76,1.5,149.07333333333335,220.0
15457,2011-03-22 15:31:00,2011-03-22 15:31:00,1,132,237.07,4.087413793103448,56,1,United Kingdom,262,1,1.0,237.07,132.0
15458,2011-11-14 13:08:00,2011-11-14 13:08:00,1,156,161.64,23.09142857142857,7,1,United Kingdom,25,1,1.0,161.64,156.0
15460,2010-12-20 16:08:00,2010-12-20 16:08:00,1,109,216.76,3.7372413793103445,53,1,United Kingdom,354,1,1.0,216.76,109.0
15462,2011-06-05 15:36:00,2011-09-06 13:11:00,3,172,234.6,21.327272727272728,9,3,United Kingdom,94,93,1.0,78.2,57.333333333333336
15463,2011-11-10 12:57:00,2011-11-10 12:57:00,1,106,126.14,18.02,7,1,United Kingdom,29,1,1.0,126.14,106.0
15464,2011-01-05 15:56:00,2011-01-05 15:56:00,1,350,1048.85,6.680573248407643,155,1,United Kingdom,338,1,1.0,1048.85,350.0
15465,2010-12-05 10:12:00,2011-11-20 10:11:00,18,1257,7354.62,75.82082474226804,43,10,United Kingdom,20,350,1.8,408.59,69.83333333333333
15466,2011-09-15 14:08:00,2011-09-15 14:08:00,1,246,334.53,5.868947368421052,56,1,United Kingdom,85,1,1.0,334.53,246.0
15467,2011-07-10 14:42:00,2011-11-30 14:17:00,3,310,524.88,10.093846153846155,41,2,United Kingdom,9,143,1.5,174.96,103.33333333333333
15468,2011-10-19 13:38:00,2011-10-19 13:49:00,2,155,467.51,19.479583333333334,24,1,United Kingdom,51,1,2.0,233.755,77.5
15469,2011-08-11 16:54:00,2011-10-20 16:21:00,2,153,538.55,22.43958333333333,24,2,United Kingdom,50,70,1.0,269.275,76.5
15471,2011-12-07 14:12:00,2011-12-07 14:12:00,1,266,469.48,6.097142857142857,67,1,United Kingdom,2,1,1.0,469.48,266.0
15472,2011-08-18 15:17:00,2011-08-18 15:17:00,1,251,371.56,4.888947368421053,76,1,United Kingdom,113,1,1.0,371.56,251.0
15473,2011-10-10 11:12:00,2011-11-25 15:15:00,7,672,1771.2,161.01818181818183,4,2,United Kingdom,14,47,3.5,253.02857142857144,96.0
15475,2011-09-23 15:20:00,2011-09-23 15:20:00,1,319,454.10999999999996,15.658965517241377,29,1,United Kingdom,77,1,1.0,454.10999999999996,319.0
15478,2011-10-14 11:09:00,2011-10-30 14:19:00,2,585,1441.42,31.33521739130435,34,1,United Kingdom,40,17,2.0,720.71,292.5
15480,2011-08-15 14:32:00,2011-08-15 14:32:00,1,303,905.5,20.122222222222224,45,1,Malta,116,1,1.0,905.5,303.0
15482,2010-12-16 10:08:00,2011-11-24 10:46:00,12,5020,11054.96,112.80571428571427,46,5,United Kingdom,16,344,2.4,921.2466666666666,418.3333333333333
15483,2011-03-18 12:26:00,2011-07-01 13:07:00,4,295,233.81,2.656931818181818,74,2,United Kingdom,161,106,2.0,58.4525,73.75
15484,2011-09-22 13:31:00,2011-12-08 15:03:00,4,3152,3594.31,19.118670212765956,135,4,United Kingdom,1,78,1.0,898.5775,788.0
15485,2010-12-01 13:23:00,2011-11-09 14:31:00,3,1306,2575.0,29.941860465116278,59,3,United Kingdom,30,344,1.0,858.3333333333334,435.3333333333333
15488,2011-09-08 10:11:00,2011-09-08 10:11:00,1,73,91.32000000000001,45.660000000000004,2,1,United Kingdom,93,1,1.0,91.32000000000001,73.0
15489,2011-05-12 12:54:00,2011-11-17 08:53:00,3,608,1134.28,22.6856,47,3,United Kingdom,23,189,1.0,378.0933333333333,202.66666666666666
15491,2011-04-18 10:04:00,2011-09-05 15:56:00,6,1646,3100.09,20.130454545454548,108,5,United Kingdom,95,141,1.2,516.6816666666667,274.3333333333333
15492,2011-09-26 14:02:00,2011-11-11 14:53:00,2,483,659.4599999999999,18.841714285714282,32,2,United Kingdom,28,47,1.0,329.72999999999996,241.5
15493,2011-03-14 11:44:00,2011-11-07 12:04:00,5,560,2001.8,6.74006734006734,177,4,United Kingdom,33,239,1.25,400.36,112.0
15494,2011-08-10 15:29:00,2011-11-18 14:51:00,2,1148,1299.23,10.39384,120,2,United Kingdom,21,100,1.0,649.615,574.0
15497,2011-01-24 10:01:00,2011-11-22 11:51:00,2,624,1262.2,84.14666666666668,13,2,United Kingdom,18,303,1.0,631.1,312.0
15498,2010-12-08 12:29:00,2011-12-07 12:48:00,27,6105,13316.4,26.00859375,360,11,United Kingdom,3,365,2.4545454545454546,493.2,226.11111111111111
15500,2011-09-19 13:47:00,2011-12-01 13:47:00,4,572,1131.56,16.640588235294118,64,3,United Kingdom,8,74,1.3333333333333333,282.89,143.0
15502,2010-12-05 15:40:00,2011-11-24 12:48:00,12,4236,10384.93,48.75553990610329,164,6,United Kingdom,16,354,2.0,865.4108333333334,353.0
15503,2010-12-12 10:57:00,2010-12-12 10:57:00,1,74,147.09,2.1012857142857144,66,1,United Kingdom,363,1,1.0,147.09,74.0
15504,2011-09-19 13:45:00,2011-09-19 13:45:00,1,33,52.83,4.063846153846153,13,1,United Kingdom,81,1,1.0,52.83,33.0
15505,2011-07-07 13:33:00,2011-10-18 07:56:00,5,2390,3610.96,37.22639175257732,90,4,United Kingdom,53,103,1.25,722.192,478.0
15506,2011-07-24 11:45:00,2011-11-17 12:11:00,3,848,979.26,5.971097560975609,121,3,United Kingdom,23,117,1.0,326.42,282.6666666666667
15507,2011-06-21 11:19:00,2011-06-21 11:19:00,1,162,492.36,10.703478260869565,41,1,United Kingdom,172,1,1.0,492.36,162.0
15508,2011-04-18 15:31:00,2011-06-03 15:43:00,6,440,1000.27,10.8725,78,3,United Kingdom,189,47,2.0,166.71166666666667,73.33333333333333
15510,2011-01-13 12:10:00,2011-01-13 12:10:00,1,2,250.0,250.0,1,1,United Kingdom,331,1,1.0,250.0,2.0
15511,2011-09-15 15:05:00,2011-11-28 09:43:00,5,271,909.23,5.6826875,117,3,United Kingdom,12,74,1.6666666666666667,181.846,54.2
15512,2010-12-15 12:01:00,2011-07-07 10:20:00,2,68,121.0,17.285714285714285,7,2,United Kingdom,156,204,1.0,60.5,34.0
15513,2010-12-01 11:22:00,2011-11-06 14:36:00,19,5709,14758.220000000001,47.91629870129871,183,10,United Kingdom,33,341,1.9,776.7484210526317,300.4736842105263
15514,2010-12-10 13:50:00,2011-11-27 14:40:00,11,2160,4139.46,23.255393258426967,96,4,United Kingdom,12,353,2.75,376.31454545454545,196.36363636363637
15516,2011-10-24 11:33:00,2011-10-26 10:51:00,3,27,62.43,4.162,15,1,United Kingdom,45,2,3.0,20.81,9.0
15517,2011-04-20 14:02:00,2011-04-20 14:02:00,1,293,267.03,9.889999999999999,27,1,United Kingdom,233,1,1.0,267.03,293.0
15518,2011-01-11 12:55:00,2011-10-06 13:05:00,8,1273,1942.45,9.076869158878505,135,5,United Kingdom,64,269,1.6,242.80625,159.125
15520,2011-12-08 10:58:00,2011-12-08 10:58:00,1,314,343.5,19.083333333333332,18,1,United Kingdom,2,1,1.0,343.5,314.0
15521,2011-03-30 09:15:00,2011-10-30 13:42:00,8,1836,3000.2,16.217297297297296,116,6,United Kingdom,40,215,1.3333333333333333,375.025,229.5
15522,2011-09-13 12:26:00,2011-11-07 11:26:00,2,573,398.84,6.99719298245614,47,2,United Kingdom,33,55,1.0,199.42,286.5
15523,2011-09-16 16:29:00,2011-09-16 16:29:00,1,132,412.01000000000005,41.20100000000001,10,1,United Kingdom,84,1,1.0,412.01000000000005,132.0
15524,2011-11-15 12:09:00,2011-11-15 12:09:00,1,4,440.0,440.0,1,1,United Kingdom,25,1,1.0,440.0,4.0
15525,2010-12-01 13:17:00,2011-12-07 14:43:00,3,416,825.92,4.64,133,3,United Kingdom,2,372,1.0,275.3066666666667,138.66666666666666
15526,2011-11-06 15:01:00,2011-11-06 15:04:00,2,24,148.44,37.11,4,1,United Kingdom,33,1,2.0,74.22,12.0
15527,2010-12-20 14:15:00,2011-11-21 12:17:00,8,992,2429.78,14.906625766871167,127,7,United Kingdom,19,336,1.1428571428571428,303.7225,124.0
15528,2011-03-30 16:14:00,2011-03-30 16:14:00,1,123,229.33,8.820384615384615,26,1,United Kingdom,254,1,1.0,229.33,123.0
15529,2010-12-08 12:24:00,2011-11-17 11:29:00,11,3496,3995.23,5.945282738095238,415,9,United Kingdom,23,344,1.2222222222222223,363.20272727272726,317.8181818181818
15530,2011-04-07 11:16:00,2011-11-18 12:25:00,4,950,1502.35,13.910648148148148,90,4,United Kingdom,22,226,1.0,375.5875,237.5
15531,2011-11-09 17:47:00,2011-12-01 18:43:00,2,1105,2007.44,8.804561403508773,196,2,United Kingdom,8,23,1.0,1003.72,552.5
15532,2010-12-16 16:45:00,2011-11-14 14:51:00,4,521,1580.93,6.1755078125,205,4,United Kingdom,25,333,1.0,395.2325,130.25
15533,2011-09-11 15:41:00,2011-11-20 15:35:00,3,289,807.57,9.729759036144578,73,2,United Kingdom,19,70,1.5,269.19,96.33333333333333
15535,2011-01-16 12:35:00,2011-06-19 16:02:00,4,143,536.4,7.152,55,3,United Kingdom,173,155,1.3333333333333333,134.1,35.75
15537,2011-06-29 13:10:00,2011-06-29 13:10:00,1,29,110.92,4.621666666666667,24,1,United Kingdom,163,1,1.0,110.92,29.0
15539,2011-12-02 13:36:00,2011-12-02 13:36:00,1,410,538.46,13.133170731707319,41,1,United Kingdom,7,1,1.0,538.46,410.0
15540,2011-11-28 13:51:00,2011-11-28 13:51:00,1,200,213.3,14.22,15,1,United Kingdom,11,1,1.0,213.3,200.0
15541,2011-08-17 14:58:00,2011-08-17 14:58:00,1,49,85.13000000000001,2.9355172413793107,29,1,United Kingdom,114,1,1.0,85.13000000000001,49.0
15543,2011-02-24 15:26:00,2011-02-24 15:26:00,1,86,127.86,4.566428571428571,26,1,United Kingdom,288,1,1.0,127.86,86.0
15544,2010-12-02 12:47:00,2011-11-30 16:43:00,9,3109,3546.71,13.693861003861004,122,7,United Kingdom,9,364,1.2857142857142858,394.0788888888889,345.44444444444446
15545,2010-12-03 17:28:00,2011-10-16 13:24:00,2,163,292.71999999999997,3.613827160493827,78,2,United Kingdom,54,317,1.0,146.35999999999999,81.5
15547,2010-12-12 13:26:00,2011-12-02 12:52:00,14,4032,4954.84,7.058176638176638,441,10,United Kingdom,7,355,1.4,353.9171428571429,288.0
15549,2011-01-27 15:38:00,2011-09-23 16:22:00,3,698,1693.26,14.724,104,3,United Kingdom,77,240,1.0,564.42,232.66666666666666
15550,2011-02-11 12:49:00,2011-12-05 15:38:00,4,295,575.63,9.43655737704918,43,4,United Kingdom,4,298,1.0,143.9075,73.75
15551,2011-11-03 12:37:00,2011-11-03 12:37:00,1,218,436.06,15.036551724137931,29,1,United Kingdom,37,1,1.0,436.06,218.0
15552,2011-05-06 14:47:00,2011-05-06 14:47:00,1,60,90.12,5.301176470588236,17,1,United Kingdom,217,1,1.0,90.12,60.0
15553,2011-10-10 14:02:00,2011-10-10 14:02:00,1,451,437.23,7.807678571428572,51,1,United Kingdom,60,1,1.0,437.23,451.0
15554,2011-03-07 09:00:00,2011-03-07 09:00:00,1,74,217.2,15.514285714285714,14,1,United Kingdom,278,1,1.0,217.2,74.0
15555,2010-12-05 14:45:00,2011-11-27 16:19:00,16,4439,4805.17,5.345016685205784,401,9,United Kingdom,12,358,1.7777777777777777,300.323125,277.4375
15556,2011-11-15 16:08:00,2011-11-15 16:08:00,1,236,279.77,9.024838709677418,31,1,United Kingdom,24,1,1.0,279.77,236.0
15557,2011-11-11 12:46:00,2011-11-11 12:46:00,1,219,473.65000000000003,23.6825,16,1,United Kingdom,29,1,1.0,473.65000000000003,219.0
15561,2011-05-08 11:38:00,2011-11-28 11:07:00,4,267,800.59,29.651481481481483,27,3,United Kingdom,12,204,1.3333333333333333,200.1475,66.75
15562,2010-12-23 09:55:00,2010-12-23 09:55:00,1,39,134.55,134.55,1,1,United Kingdom,352,1,1.0,134.55,39.0
15563,2010-12-16 11:27:00,2011-11-17 14:50:00,4,1501,1400.44,12.393274336283186,88,3,United Kingdom,22,337,1.3333333333333333,350.11,375.25
15565,2011-09-30 10:44:00,2011-10-20 14:33:00,2,60,173.16,21.645,8,2,United Kingdom,50,21,1.0,86.58,30.0
15567,2011-11-21 10:48:00,2011-11-21 10:48:00,1,223,186.01,26.572857142857142,7,1,United Kingdom,19,1,1.0,186.01,223.0
15568,2011-09-27 14:37:00,2011-12-07 11:27:00,3,461,758.29,14.307358490566036,27,3,United Kingdom,3,71,1.0,252.76333333333332,153.66666666666666
15569,2011-01-11 13:26:00,2011-08-28 10:15:00,5,666,1375.71,44.377741935483876,27,3,United Kingdom,104,229,1.6666666666666667,275.142,133.2
15570,2010-12-05 12:57:00,2011-12-02 14:47:00,12,2067,4165.52,12.896346749226007,231,8,United Kingdom,7,363,1.5,347.1266666666667,172.25
15571,2011-09-22 13:15:00,2011-11-28 10:02:00,4,264,650.4300000000001,11.411052631578949,47,2,United Kingdom,12,67,2.0,162.60750000000002,66.0
15572,2011-03-06 14:44:00,2011-12-05 10:09:00,7,1229,2552.86,11.873767441860466,166,5,United Kingdom,5,274,1.4,364.69428571428574,175.57142857142858
15573,2011-09-15 12:16:00,2011-11-08 11:38:00,2,363,607.45,5.840865384615385,88,2,United Kingdom,32,54,1.0,303.725,181.5
15574,2010-12-02 15:46:00,2011-06-15 12:01:00,4,349,702.25,4.180059523809524,131,2,United Kingdom,178,195,2.0,175.5625,87.25
15576,2011-11-02 12:03:00,2011-11-02 12:03:00,1,404,940.6700000000001,20.90377777777778,43,1,United Kingdom,38,1,1.0,940.6700000000001,404.0
15577,2011-02-07 13:32:00,2011-07-11 17:03:00,3,89,258.88,6.637948717948718,39,2,United Kingdom,151,155,1.5,86.29333333333334,29.666666666666668
15578,2011-06-30 13:03:00,2011-06-30 13:03:00,1,52,127.1,9.776923076923076,13,1,United Kingdom,162,1,1.0,127.1,52.0
15579,2011-01-30 12:09:00,2011-10-02 12:45:00,2,120,348.6,6.835294117647059,45,2,United Kingdom,69,246,1.0,174.3,60.0
15581,2010-12-08 14:38:00,2011-08-11 09:38:00,13,286,3679.9700000000003,24.69778523489933,134,6,United Kingdom,121,246,2.1666666666666665,283.0746153846154,22.0
15582,2011-05-03 13:36:00,2011-11-15 09:55:00,3,453,682.9100000000001,15.52068181818182,39,3,United Kingdom,25,196,1.0,227.63666666666668,151.0
15584,2011-06-30 16:39:00,2011-11-16 10:55:00,4,314,725.11,5.895203252032521,89,4,United Kingdom,24,139,1.0,181.2775,78.5
15585,2011-06-16 08:38:00,2011-06-16 08:38:00,1,320,455.3,14.687096774193549,31,1,United Kingdom,177,1,1.0,455.3,320.0
15587,2010-12-23 09:59:00,2011-10-20 13:37:00,4,312,913.6800000000001,101.52000000000001,3,4,United Kingdom,50,302,1.0,228.42000000000002,78.0
15589,2011-02-02 10:46:00,2011-03-29 09:54:00,3,243,478.53000000000003,16.501034482758623,28,2,United Kingdom,256,55,1.5,159.51000000000002,81.0
15592,2011-10-24 08:59:00,2011-10-24 08:59:00,1,354,388.58,16.190833333333334,24,1,United Kingdom,47,1,1.0,388.58,354.0
15593,2011-09-30 11:46:00,2011-09-30 11:46:00,1,60,199.8,39.96,5,1,United Kingdom,71,1,1.0,199.8,60.0
15594,2011-04-19 10:08:00,2011-11-24 08:53:00,5,983,1771.78,17.201747572815535,85,3,United Kingdom,16,219,1.6666666666666667,354.356,196.6
15596,2010-12-09 16:10:00,2011-08-31 10:55:00,5,561,1406.59,18.267402597402597,51,5,United Kingdom,101,265,1.0,281.318,112.2
15597,2011-11-04 13:26:00,2011-11-04 13:26:00,1,279,324.57,14.753181818181817,22,1,United Kingdom,35,1,1.0,324.57,279.0
15598,2011-10-17 16:04:00,2011-10-17 16:04:00,1,160,240.68,17.19142857142857,14,1,United Kingdom,53,1,1.0,240.68,160.0
15599,2011-05-19 13:05:00,2011-11-13 11:44:00,2,718,761.74,14.648846153846154,50,2,United Kingdom,27,178,1.0,380.87,359.0
15601,2010-12-02 10:39:00,2011-11-28 15:15:00,14,4983,6776.56,16.52819512195122,230,10,United Kingdom,11,362,1.4,484.04,355.92857142857144
15602,2010-12-06 15:35:00,2011-12-01 14:14:00,9,1137,1297.8700000000001,28.214565217391307,30,6,United Kingdom,8,360,1.5,144.20777777777778,126.33333333333333
15603,2011-09-22 10:04:00,2011-09-22 10:04:00,1,96,48.480000000000004,24.240000000000002,2,1,United Kingdom,79,1,1.0,48.480000000000004,96.0
15604,2011-10-18 14:47:00,2011-10-18 14:47:00,1,159,216.39,12.728823529411764,17,1,United Kingdom,52,1,1.0,216.39,159.0
15605,2010-12-01 13:38:00,2011-11-03 14:17:00,5,441,1198.23,17.88402985074627,61,5,United Kingdom,36,338,1.0,239.64600000000002,88.2
15606,2011-01-19 12:07:00,2011-10-09 15:47:00,9,892,2920.16,37.92415584415584,48,7,United Kingdom,61,264,1.2857142857142858,324.4622222222222,99.11111111111111
15607,2011-01-07 12:44:00,2011-01-07 12:44:00,1,202,104.76,8.05846153846154,13,1,United Kingdom,337,1,1.0,104.76,202.0
15608,2011-08-11 09:56:00,2011-11-11 13:20:00,4,714,1093.68,18.228,59,3,United Kingdom,28,93,1.3333333333333333,273.42,178.5
15609,2011-06-08 13:00:00,2011-06-08 13:00:00,1,148,298.48,18.655,16,1,United Kingdom,184,1,1.0,298.48,148.0
15610,2011-10-19 10:36:00,2011-10-19 10:36:00,1,66,112.46000000000001,18.743333333333336,6,1,United Kingdom,52,1,1.0,112.46000000000001,66.0
15611,2011-01-09 11:32:00,2011-11-30 12:36:00,13,504,1591.45,37.01046511627907,23,7,United Kingdom,10,326,1.8571428571428572,122.41923076923078,38.76923076923077
15612,2011-10-09 12:49:00,2011-11-03 14:52:00,2,52,195.15,32.525,4,2,United Kingdom,36,26,1.0,97.575,26.0
15615,2010-12-15 16:21:00,2011-11-29 14:42:00,23,5508,10399.74,24.585673758865248,184,10,United Kingdom,10,349,2.3,452.1626086956522,239.47826086956522
15618,2011-07-26 10:13:00,2011-11-07 08:34:00,4,454,776.851,17.263355555555556,39,3,United Kingdom,33,104,1.3333333333333333,194.21275,113.5
15619,2011-11-29 08:14:00,2011-11-29 08:14:00,1,136,336.40000000000003,112.13333333333334,3,1,United Kingdom,11,1,1.0,336.40000000000003,136.0
15620,2010-12-16 14:34:00,2011-10-14 12:41:00,3,915,1553.18,15.5318,92,3,United Kingdom,57,302,1.0,517.7266666666667,305.0
15621,2011-11-18 11:49:00,2011-12-05 14:01:00,4,501,1293.03,80.814375,11,2,United Kingdom,4,18,2.0,323.2575,125.25
15622,2011-03-02 13:42:00,2011-10-27 16:44:00,9,1674,3709.56,20.051675675675675,169,5,United Kingdom,43,240,1.8,412.17333333333335,186.0
15623,2011-07-21 17:26:00,2011-07-21 17:26:00,1,125,301.03,15.843684210526314,19,1,United Kingdom,141,1,1.0,301.03,125.0
15624,2011-03-28 13:32:00,2011-08-15 11:38:00,4,357,588.13,17.297941176470587,26,4,United Kingdom,117,140,1.0,147.0325,89.25
15625,2011-04-18 14:01:00,2011-08-28 10:21:00,4,1188,1534.26,23.9728125,44,3,United Kingdom,104,132,1.3333333333333333,383.565,297.0
15626,2011-01-14 10:10:00,2011-09-26 10:03:00,2,766,675.8,13.791836734693877,49,2,United Kingdom,75,255,1.0,337.9,383.0
15628,2010-12-08 09:51:00,2011-12-05 10:24:00,9,1894,2870.2400000000002,18.51767741935484,85,8,United Kingdom,5,363,1.125,318.91555555555556,210.44444444444446
15630,2011-05-19 10:16:00,2011-10-25 15:36:00,2,800,1186.35,19.772499999999997,57,2,United Kingdom,45,160,1.0,593.175,400.0
15632,2011-03-10 08:29:00,2011-11-24 09:51:00,8,2109,3285.31,19.67251497005988,107,7,United Kingdom,16,260,1.1428571428571428,410.66375,263.625
15634,2011-11-22 16:28:00,2011-11-22 16:28:00,1,99,243.55,16.236666666666668,15,1,United Kingdom,17,1,1.0,243.55,99.0
15636,2011-03-02 14:50:00,2011-09-11 11:17:00,2,284,724.76,28.9904,20,2,United Kingdom,90,193,1.0,362.38,142.0
15637,2011-10-18 08:28:00,2011-10-18 08:28:00,1,128,223.36,14.890666666666668,15,1,United Kingdom,53,1,1.0,223.36,128.0
15639,2011-07-28 14:30:00,2011-07-28 14:30:00,1,323,425.32,17.0128,25,1,United Kingdom,134,1,1.0,425.32,323.0
15640,2010-12-02 15:40:00,2011-12-05 14:35:00,15,6607,12515.66,25.858801652892563,240,10,United Kingdom,4,368,1.5,834.3773333333334,440.46666666666664
15641,2010-12-15 14:45:00,2011-08-26 14:04:00,4,1562,1887.2,15.858823529411765,102,3,United Kingdom,105,254,1.3333333333333333,471.8,390.5
15643,2011-03-02 14:34:00,2011-06-01 07:38:00,3,246,664.0,20.12121212121212,31,2,United Kingdom,192,91,1.5,221.33333333333334,82.0
15644,2011-03-23 15:37:00,2011-06-26 14:54:00,4,557,813.0,3.4159663865546217,166,2,United Kingdom,166,95,2.0,203.25,139.25
15645,2011-11-21 11:55:00,2011-11-21 11:55:00,1,256,612.01,11.769423076923077,50,1,United Kingdom,19,1,1.0,612.01,256.0
15646,2010-12-02 16:59:00,2011-07-05 09:53:00,3,394,447.64000000000004,12.789714285714288,35,3,United Kingdom,158,215,1.0,149.21333333333334,131.33333333333334
15648,2011-03-17 18:59:00,2011-05-19 15:53:00,2,221,657.35,26.294,23,2,United Kingdom,204,63,1.0,328.675,110.5
15649,2010-12-07 10:06:00,2011-01-07 13:34:00,2,192,816.0,408.0,1,2,United Kingdom,336,32,1.0,408.0,96.0
15651,2011-03-24 08:56:00,2011-11-03 08:41:00,3,479,646.3,20.196875,27,2,United Kingdom,37,224,1.5,215.4333333333333,159.66666666666666
15652,2011-09-09 14:22:00,2011-09-09 14:22:00,1,208,337.74,16.082857142857144,21,1,United Kingdom,91,1,1.0,337.74,208.0
15653,2011-08-16 09:50:00,2011-09-08 10:49:00,2,1200,877.4399999999999,146.23999999999998,4,2,United Kingdom,93,24,1.0,438.71999999999997,600.0
15654,2011-11-13 15:15:00,2011-11-30 13:08:00,2,475,922.53,43.93,15,1,United Kingdom,9,17,2.0,461.265,237.5
15655,2011-04-10 15:25:00,2011-04-10 15:25:00,1,324,560.67,16.490294117647057,34,1,United Kingdom,243,1,1.0,560.67,324.0
15656,2011-02-28 15:32:00,2011-10-25 14:56:00,4,343,748.5,15.925531914893616,46,4,United Kingdom,45,239,1.0,187.125,85.75
15657,2011-11-17 12:19:00,2011-11-17 12:19:00,1,24,30.0,30.0,1,1,United Kingdom,23,1,1.0,30.0,24.0
15658,2010-12-02 10:53:00,2011-06-02 15:22:00,5,242,1024.1000000000001,21.33541666666667,40,5,United Kingdom,190,183,1.0,204.82000000000002,48.4
15659,2011-10-27 09:23:00,2011-10-27 09:23:00,1,111,306.45,27.85909090909091,11,1,United Kingdom,44,1,1.0,306.45,111.0
15660,2010-12-09 09:49:00,2011-11-14 16:58:00,9,1050,1600.86,17.787333333333333,55,6,United Kingdom,25,341,1.5,177.87333333333333,116.66666666666667
15661,2011-01-05 12:32:00,2011-01-26 13:56:00,2,236,309.8,61.96,4,1,United Kingdom,317,22,2.0,154.9,118.0
15663,2011-08-25 15:50:00,2011-08-25 15:50:00,1,106,138.14,15.348888888888887,9,1,United Kingdom,106,1,1.0,138.14,106.0
15664,2011-10-20 10:57:00,2011-10-20 10:57:00,1,157,386.43,22.731176470588235,17,1,United Kingdom,51,1,1.0,386.43,157.0
15665,2011-04-10 15:09:00,2011-06-24 14:57:00,2,1666,2242.01,19.327672413793106,92,2,United Kingdom,168,75,1.0,1121.005,833.0
15667,2011-10-31 10:56:00,2011-10-31 10:56:00,1,240,301.32,23.178461538461537,13,1,United Kingdom,40,1,1.0,301.32,240.0
15668,2011-05-06 10:39:00,2011-05-06 10:39:00,1,72,76.32000000000001,76.32000000000001,1,1,United Kingdom,218,1,1.0,76.32000000000001,72.0
15669,2011-03-21 09:13:00,2011-10-30 16:03:00,4,342,684.34,20.737575757575758,31,4,United Kingdom,40,224,1.0,171.085,85.5
15670,2011-02-16 10:50:00,2011-02-16 10:50:00,1,91,173.05,14.420833333333334,12,1,United Kingdom,297,1,1.0,173.05,91.0
15671,2011-03-14 09:37:00,2011-11-21 12:43:00,7,1699,2657.13,34.065769230769234,52,5,United Kingdom,19,253,1.4,379.59000000000003,242.71428571428572
15673,2011-01-16 16:25:00,2011-09-12 16:12:00,4,1514,2881.02,18.587225806451613,107,4,United Kingdom,88,239,1.0,720.255,378.5
15674,2011-03-30 09:19:00,2011-09-27 15:17:00,5,1275,2446.6,21.46140350877193,88,4,United Kingdom,73,182,1.25,489.32,255.0
15675,2011-03-04 14:21:00,2011-09-19 13:48:00,3,527,323.69,15.413809523809524,20,3,United Kingdom,81,199,1.0,107.89666666666666,175.66666666666666
15676,2011-03-01 10:19:00,2011-11-21 12:40:00,3,2252,3435.76,17.00871287128713,191,2,United Kingdom,19,266,1.5,1145.2533333333333,750.6666666666666
15677,2011-10-21 15:36:00,2011-10-21 15:36:00,1,319,657.23,19.916060606060608,33,1,United Kingdom,49,1,1.0,657.23,319.0
15678,2011-10-18 09:25:00,2011-10-18 09:25:00,1,184,352.7,29.391666666666666,12,1,United Kingdom,53,1,1.0,352.7,184.0
15679,2011-06-10 08:24:00,2011-11-15 16:19:00,4,1170,781.28,7.102545454545455,98,3,United Kingdom,24,159,1.3333333333333333,195.32,292.5
15680,2010-12-08 14:43:00,2011-11-30 13:46:00,3,952,1333.68,17.09846153846154,61,3,United Kingdom,9,357,1.0,444.56,317.3333333333333
15681,2011-03-04 13:46:00,2011-11-14 16:30:00,5,816,1426.16,26.90867924528302,32,3,United Kingdom,25,256,1.6666666666666667,285.232,163.2
15683,2011-08-14 12:56:00,2011-08-14 12:56:00,1,131,193.75,19.375,10,1,United Kingdom,117,1,1.0,193.75,131.0
15687,2011-01-13 15:13:00,2011-12-01 08:33:00,9,1310,2993.1,18.030722891566263,119,7,United Kingdom,9,322,1.2857142857142858,332.56666666666666,145.55555555555554
15689,2010-12-13 09:57:00,2011-08-12 09:37:00,2,84,254.1,28.233333333333334,8,2,United Kingdom,120,242,1.0,127.05,42.0
15690,2011-08-31 11:40:00,2011-12-05 15:59:00,2,408,239.76,12.618947368421052,19,2,United Kingdom,4,97,1.0,119.88,204.0
15691,2011-04-01 15:13:00,2011-04-01 15:13:00,1,72,136.8,68.4,2,1,United Kingdom,252,1,1.0,136.8,72.0
15692,2011-11-11 14:12:00,2011-11-11 14:12:00,1,138,191.04,15.92,12,1,United Kingdom,28,1,1.0,191.04,138.0
15694,2010-12-02 07:49:00,2011-12-09 09:44:00,14,1677,6479.4,83.06923076923077,42,9,United Kingdom,1,373,1.5555555555555556,462.8142857142857,119.78571428571429
15695,2011-03-18 08:31:00,2011-03-18 08:32:00,2,212,409.98,18.635454545454547,22,1,United Kingdom,267,1,2.0,204.99,106.0
15696,2011-01-17 11:24:00,2011-11-06 14:02:00,8,1028,2736.46,16.002690058479534,140,5,United Kingdom,33,294,1.6,342.0575,128.5
15699,2011-11-22 08:26:00,2011-11-22 08:26:00,1,113,309.65,17.202777777777776,18,1,United Kingdom,18,1,1.0,309.65,113.0
15700,2011-06-19 15:36:00,2011-06-20 16:53:00,2,357,696.68,8.10093023255814,85,1,United Kingdom,172,2,2.0,348.34,178.5
15701,2011-08-21 12:36:00,2011-12-07 14:39:00,4,923,1542.14,6.506919831223629,193,4,United Kingdom,2,109,1.0,385.535,230.75
15703,2011-03-20 10:51:00,2011-03-20 10:51:00,1,66,211.5,42.3,5,1,United Kingdom,265,1,1.0,211.5,66.0
15704,2011-05-08 12:42:00,2011-07-22 13:35:00,4,1028,2293.62,19.603589743589744,79,3,United Kingdom,140,76,1.3333333333333333,573.405,257.0
15705,2011-05-22 15:37:00,2011-05-22 15:37:00,1,62,143.1,23.849999999999998,6,1,United Kingdom,201,1,1.0,143.1,62.0
15706,2011-08-15 14:32:00,2011-10-07 10:09:00,4,321,1060.56,19.28290909090909,50,3,United Kingdom,64,53,1.3333333333333333,265.14,80.25
15707,2011-09-14 14:19:00,2011-11-04 14:35:00,4,605,945.58,4.418598130841121,126,3,United Kingdom,35,52,1.3333333333333333,236.395,151.25
15708,2010-12-05 11:12:00,2011-10-30 10:54:00,7,1267,3364.2400000000002,11.68138888888889,124,6,United Kingdom,41,329,1.1666666666666667,480.6057142857143,181.0
15709,2011-03-01 10:38:00,2011-03-01 10:38:00,1,121,133.25,22.208333333333332,6,1,United Kingdom,284,1,1.0,133.25,121.0
15712,2011-02-25 11:32:00,2011-11-30 14:09:00,5,486,1072.3600000000001,20.233207547169815,41,5,United Kingdom,9,279,1.0,214.47200000000004,97.2
15713,2010-12-08 15:16:00,2011-07-19 13:34:00,2,150,356.7,18.773684210526316,18,2,United Kingdom,143,223,1.0,178.35,75.0
15714,2011-09-23 11:25:00,2011-11-28 11:26:00,2,187,330.88,9.453714285714286,34,2,United Kingdom,12,67,1.0,165.44,93.5
15716,2010-12-05 12:26:00,2011-07-17 11:59:00,4,744,1118.81,9.481440677966102,101,4,United Kingdom,146,224,1.0,279.7025,186.0
15717,2011-04-19 13:21:00,2011-04-19 13:21:00,1,70,150.3,21.47142857142857,7,1,United Kingdom,234,1,1.0,150.3,70.0
15719,2011-01-06 12:31:00,2011-11-07 12:29:00,13,2725,5045.61,5.384855923159018,299,11,United Kingdom,33,305,1.1818181818181819,388.1238461538461,209.6153846153846
15720,2011-11-15 14:48:00,2011-11-15 14:48:00,1,281,598.73,4.677578125,128,1,United Kingdom,24,1,1.0,598.73,281.0
15721,2011-11-28 12:14:00,2011-11-28 12:14:00,1,409,507.08,5.572307692307692,80,1,United Kingdom,12,1,1.0,507.08,409.0
15722,2011-02-22 12:24:00,2011-11-04 11:43:00,5,1026,2222.56,32.21101449275362,45,4,United Kingdom,36,255,1.25,444.512,205.2
15723,2010-12-10 11:12:00,2010-12-10 11:12:00,1,87,203.1,4.953658536585365,37,1,United Kingdom,365,1,1.0,203.1,87.0
15724,2011-02-28 10:40:00,2011-05-22 14:40:00,2,73,218.25,19.84090909090909,11,2,United Kingdom,201,84,1.0,109.125,36.5
15725,2011-11-24 14:51:00,2011-11-24 14:51:00,1,221,415.25,12.9765625,32,1,United Kingdom,15,1,1.0,415.25,221.0
15727,2010-12-15 15:47:00,2011-11-23 12:36:00,7,3065,5178.96,17.14887417218543,213,7,United Kingdom,17,343,1.0,739.8514285714285,437.85714285714283
15729,2011-05-11 12:36:00,2011-05-11 12:36:00,1,28,85.0,17.0,5,1,United Kingdom,213,1,1.0,85.0,28.0
15730,2011-05-17 12:43:00,2011-10-05 12:31:00,3,689,1120.88,16.01257142857143,68,3,United Kingdom,66,141,1.0,373.6266666666667,229.66666666666666
15732,2010-12-02 15:00:00,2011-05-11 14:24:00,2,215,294.12,21.00857142857143,13,2,United Kingdom,212,160,1.0,147.06,107.5
15733,2011-03-02 09:05:00,2011-03-02 09:05:00,1,62,162.3,16.23,10,1,United Kingdom,283,1,1.0,162.3,62.0
15734,2011-05-23 14:59:00,2011-08-17 10:50:00,2,346,1339.45,51.517307692307696,25,2,United Kingdom,115,86,1.0,669.725,173.0
15737,2011-04-11 10:01:00,2011-11-25 11:21:00,8,599,1205.1200000000001,16.73777777777778,60,5,United Kingdom,15,229,1.6,150.64000000000001,74.875
15738,2010-12-02 12:50:00,2011-11-21 08:26:00,16,2982,4812.42,27.817456647398846,46,12,United Kingdom,19,354,1.3333333333333333,300.77625,186.375
15739,2011-10-04 13:42:00,2011-10-04 13:42:00,1,472,449.12,56.14,8,1,United Kingdom,66,1,1.0,449.12,472.0
15740,2011-10-21 14:29:00,2011-10-21 14:29:00,1,152,154.88,17.20888888888889,9,1,United Kingdom,49,1,1.0,154.88,152.0
15743,2011-06-08 10:14:00,2011-11-23 17:19:00,4,216,784.46,8.914318181818182,59,3,United Kingdom,16,169,1.3333333333333333,196.115,54.0
15744,2011-09-23 09:52:00,2011-09-23 09:52:00,1,120,34.8,11.6,3,1,United Kingdom,78,1,1.0,34.8,120.0
15745,2011-04-17 13:04:00,2011-11-20 13:45:00,4,421,1094.59,17.654677419354837,57,3,United Kingdom,19,218,1.3333333333333333,273.6475,105.25
15746,2011-07-28 15:21:00,2011-07-28 15:21:00,1,178,196.88,7.031428571428571,28,1,United Kingdom,134,1,1.0,196.88,178.0
15747,2011-06-20 11:30:00,2011-11-27 12:26:00,3,480,974.04,10.473548387096773,52,3,United Kingdom,13,161,1.0,324.68,160.0
15748,2011-10-30 12:51:00,2011-10-30 12:51:00,1,51,149.31,7.11,19,1,United Kingdom,40,1,1.0,149.31,51.0
15749,2011-01-11 12:55:00,2011-04-18 13:20:00,3,18028,44534.3,4453.43,5,2,United Kingdom,235,98,1.5,14844.766666666668,6009.333333333333
15750,2010-12-08 10:36:00,2011-12-07 12:34:00,8,1786,2465.48,8.414607508532423,214,6,United Kingdom,3,365,1.3333333333333333,308.185,223.25
15752,2010-12-02 09:43:00,2011-10-31 11:37:00,7,1978,2637.38,6.41698296836983,236,7,United Kingdom,40,334,1.0,376.7685714285714,282.57142857142856
15753,2011-02-08 12:41:00,2011-02-08 12:41:00,1,144,79.2,79.2,1,1,United Kingdom,305,1,1.0,79.2,144.0
15754,2011-04-07 12:24:00,2011-10-19 14:40:00,3,199,458.57,16.3775,24,3,United Kingdom,51,196,1.0,152.85666666666665,66.33333333333333
15755,2011-02-18 11:53:00,2011-11-29 14:57:00,6,1427,2364.25,16.7677304964539,127,5,United Kingdom,10,285,1.2,394.0416666666667,237.83333333333334
15756,2011-04-04 14:00:00,2011-10-09 13:30:00,4,242,532.96,2.7758333333333334,160,4,United Kingdom,61,188,1.0,133.24,60.5
15757,2011-05-06 11:40:00,2011-10-05 12:14:00,2,491,714.42,15.876,43,2,United Kingdom,66,153,1.0,357.21,245.5
15758,2011-11-15 10:48:00,2011-11-15 10:48:00,1,47,205.25,22.805555555555557,9,1,United Kingdom,25,1,1.0,205.25,47.0
15759,2010-12-16 15:29:00,2011-05-05 15:13:00,3,60,253.04,36.14857142857143,5,3,United Kingdom,218,140,1.0,84.34666666666666,20.0
15762,2011-09-23 15:17:00,2011-10-05 16:15:00,2,251,583.75,15.777027027027026,37,2,United Kingdom,65,13,1.0,291.875,125.5
15763,2011-09-23 12:10:00,2011-11-08 09:44:00,2,271,1086.92,17.818360655737706,58,2,United Kingdom,32,46,1.0,543.46,135.5
15764,2011-03-08 09:23:00,2011-09-12 17:58:00,6,2050,3279.97,18.222055555555553,150,4,United Kingdom,88,189,1.5,546.6616666666666,341.6666666666667
15766,2011-10-06 17:03:00,2011-10-06 17:03:00,1,170,315.06,28.64181818181818,11,1,United Kingdom,64,1,1.0,315.06,170.0
15768,2011-04-28 09:20:00,2011-08-16 10:48:00,3,244,621.8299999999999,23.03074074074074,23,3,United Kingdom,116,111,1.0,207.27666666666664,81.33333333333333
15769,2010-12-03 15:16:00,2011-12-02 13:52:00,26,29672,56252.72,432.7132307692308,26,13,United Kingdom,7,364,2.0,2163.566153846154,1141.2307692307693
15773,2011-12-04 12:48:00,2011-12-04 12:48:00,1,311,635.6800000000001,63.568000000000005,10,1,United Kingdom,6,1,1.0,635.6800000000001,311.0
15774,2011-10-02 12:04:00,2011-10-02 12:04:00,1,87,270.8,10.832,25,1,United Kingdom,69,1,1.0,270.8,87.0
15775,2011-04-08 12:56:00,2011-04-08 12:56:00,1,68,104.9,14.985714285714286,7,1,United Kingdom,245,1,1.0,104.9,68.0
15776,2011-07-29 13:46:00,2011-07-29 13:46:00,1,138,241.62,13.423333333333334,18,1,United Kingdom,133,1,1.0,241.62,138.0
15777,2010-12-13 16:38:00,2011-04-12 16:43:00,4,378,1047.11,49.862380952380946,18,3,United Kingdom,241,121,1.3333333333333333,261.7775,94.5
15780,2010-12-17 11:43:00,2011-06-09 12:01:00,3,220,475.28000000000003,16.38896551724138,26,3,United Kingdom,184,175,1.0,158.42666666666668,73.33333333333333
15781,2011-02-07 09:15:00,2011-11-14 14:57:00,3,180,345.46,17.273,20,3,United Kingdom,25,281,1.0,115.15333333333332,60.0
15782,2011-09-11 14:29:00,2011-11-30 10:49:00,3,864,2614.7400000000002,60.80790697674419,34,3,United Kingdom,10,80,1.0,871.58,288.0
15783,2011-11-29 09:50:00,2011-11-29 09:50:00,1,212,246.3,17.592857142857145,14,1,United Kingdom,11,1,1.0,246.3,212.0
15785,2011-02-17 14:17:00,2011-11-07 11:33:00,5,1612,2328.9700000000003,28.059879518072293,58,4,United Kingdom,33,263,1.25,465.79400000000004,322.4
15786,2011-08-17 13:33:00,2011-10-24 14:13:00,3,3364,4932.2,18.47265917602996,257,2,United Kingdom,46,69,1.5,1644.0666666666666,1121.3333333333333
15787,2011-10-09 13:11:00,2011-11-13 14:55:00,3,540,948.05,4.602184466019417,156,2,United Kingdom,26,36,1.5,316.01666666666665,180.0
15789,2010-12-16 14:35:00,2010-12-16 14:35:00,1,438,351.3,14.052,25,1,United Kingdom,358,1,1.0,351.3,438.0
15790,2011-11-29 14:53:00,2011-11-29 14:53:00,1,114,220.85,6.31,34,1,United Kingdom,10,1,1.0,220.85,114.0
15791,2011-05-19 15:15:00,2011-10-27 10:14:00,2,731,1612.69,21.502533333333336,66,2,United Kingdom,44,161,1.0,806.345,365.5
15793,2011-03-16 10:45:00,2011-11-25 09:31:00,3,553,965.61,80.4675,6,3,United Kingdom,15,254,1.0,321.87,184.33333333333334
15795,2011-07-13 10:43:00,2011-07-13 10:43:00,1,581,610.01,14.524047619047618,42,1,United Kingdom,150,1,1.0,610.01,581.0
15796,2011-02-10 15:40:00,2011-12-08 19:55:00,8,861,2711.56,20.38766917293233,70,7,United Kingdom,1,302,1.1428571428571428,338.945,107.625
15797,2011-01-24 15:47:00,2011-08-18 17:04:00,4,873,2207.4,275.925,8,4,United Kingdom,113,207,1.0,551.85,218.25
15799,2011-01-09 15:13:00,2011-09-25 12:46:00,3,955,884.14,9.021836734693878,94,3,United Kingdom,76,259,1.0,294.7133333333333,318.3333333333333
15800,2011-04-07 12:39:00,2011-08-24 14:23:00,2,335,699.08,5.874621848739496,116,2,United Kingdom,107,140,1.0,349.54,167.5
15801,2011-08-22 09:53:00,2011-10-24 13:52:00,3,570,1063.95,16.62421875,61,2,United Kingdom,46,64,1.5,354.65000000000003,190.0
15802,2011-07-20 11:38:00,2011-07-20 11:38:00,1,1,451.42,451.42,1,1,United Kingdom,143,1,1.0,451.42,1.0
15803,2011-10-19 14:56:00,2011-10-19 14:56:00,1,290,415.82000000000005,51.977500000000006,8,1,United Kingdom,51,1,1.0,415.82000000000005,290.0
15804,2011-05-25 10:12:00,2011-12-09 12:31:00,13,2565,4206.39,16.05492366412214,170,8,United Kingdom,1,199,1.625,323.5684615384616,197.30769230769232
15805,2010-12-10 09:33:00,2011-11-16 16:32:00,17,3387,5528.4800000000005,18.367043189368772,220,8,United Kingdom,23,342,2.125,325.204705882353,199.23529411764707
15806,2011-03-08 09:24:00,2011-10-24 14:35:00,3,602,784.58,25.309032258064516,24,3,United Kingdom,46,231,1.0,261.5266666666667,200.66666666666666
15807,2011-09-23 14:43:00,2011-10-20 14:10:00,3,430,903.9,18.83125,48,2,United Kingdom,50,27,1.5,301.3,143.33333333333334
15808,2010-12-05 13:05:00,2011-02-06 14:33:00,4,1343,3734.9700000000003,17.95658653846154,142,3,United Kingdom,306,64,1.3333333333333333,933.7425000000001,335.75
15809,2011-02-10 11:16:00,2011-11-03 16:40:00,5,301,515.77,14.736285714285714,31,5,United Kingdom,36,267,1.0,103.154,60.2
15810,2011-02-16 09:11:00,2011-09-22 09:38:00,4,861,1391.98,15.640224719101123,66,4,United Kingdom,79,219,1.0,347.995,215.25
15811,2010-12-09 15:29:00,2011-11-17 15:31:00,6,1071,2218.62,16.681353383458646,117,5,United Kingdom,22,344,1.2,369.77,178.5
15812,2011-01-26 12:12:00,2011-08-24 14:19:00,5,922,1801.14,43.930243902439024,36,5,United Kingdom,107,211,1.0,360.228,184.4
15813,2011-04-14 09:09:00,2011-05-16 08:13:00,2,603,1303.9099999999999,32.59775,40,2,United Kingdom,208,32,1.0,651.9549999999999,301.5
15814,2011-10-20 09:04:00,2011-11-23 08:17:00,4,1271,1945.33,27.018472222222222,63,2,United Kingdom,17,34,2.0,486.3325,317.75
15815,2011-03-25 08:43:00,2011-10-07 12:42:00,5,1856,2100.6,42.86938775510204,33,5,United Kingdom,64,197,1.0,420.12,371.2
15819,2011-03-08 09:45:00,2011-10-21 14:50:00,4,1357,1905.45,15.491463414634147,96,4,United Kingdom,49,228,1.0,476.3625,339.25
15820,2011-01-24 12:00:00,2011-01-24 12:00:00,1,128,206.98,12.175294117647057,17,1,United Kingdom,320,1,1.0,206.98,128.0
15821,2011-10-09 13:28:00,2011-10-26 15:48:00,2,202,570.96,9.209032258064516,57,1,United Kingdom,44,18,2.0,285.48,101.0
15822,2010-12-15 13:38:00,2011-12-06 14:50:00,2,375,885.47,26.832424242424242,28,2,United Kingdom,3,357,1.0,442.735,187.5
15823,2010-12-02 15:08:00,2010-12-02 15:08:00,1,1,15.0,15.0,1,1,United Kingdom,372,1,1.0,15.0,1.0
15825,2011-06-20 13:27:00,2011-06-20 13:27:00,1,220,532.94,26.647000000000002,20,1,United Kingdom,172,1,1.0,532.94,220.0
15826,2011-05-13 10:44:00,2011-10-14 16:05:00,3,963,1654.31,24.328088235294118,64,2,United Kingdom,56,155,1.5,551.4366666666666,321.0
15827,2010-12-02 13:06:00,2011-09-27 15:35:00,14,882,1836.0900000000001,15.966000000000001,72,10,United Kingdom,73,300,1.4,131.14928571428572,63.0
15829,2011-07-22 10:23:00,2011-09-01 16:45:00,2,996,636.14,12.473333333333333,44,2,United Kingdom,99,42,1.0,318.07,498.0
15830,2011-11-02 10:40:00,2011-11-02 10:40:00,1,415,576.0,14.76923076923077,39,1,United Kingdom,38,1,1.0,576.0,415.0
15831,2011-01-19 14:52:00,2011-10-12 13:14:00,3,1105,801.76,11.790588235294118,63,3,United Kingdom,58,266,1.0,267.25333333333333,368.3333333333333
15832,2011-03-30 15:29:00,2011-03-30 15:29:00,1,465,836.79,15.49611111111111,54,1,United Kingdom,254,1,1.0,836.79,465.0
15834,2011-03-07 17:52:00,2011-09-30 14:41:00,4,965,2233.75,8.182234432234432,242,3,United Kingdom,70,207,1.3333333333333333,558.4375,241.25
15835,2011-01-13 10:35:00,2011-10-26 15:47:00,4,439,954.09,19.0818,47,4,United Kingdom,44,287,1.0,238.5225,109.75
15836,2011-10-20 17:13:00,2011-10-20 17:13:00,1,26,137.37,13.737,10,1,United Kingdom,50,1,1.0,137.37,26.0
15837,2011-10-06 09:01:00,2011-10-06 09:01:00,1,189,391.98,16.3325,24,1,United Kingdom,65,1,1.0,391.98,189.0
15838,2010-12-07 11:26:00,2011-11-28 14:00:00,19,18368,33643.08,201.45556886227547,54,10,United Kingdom,11,357,1.9,1770.6884210526316,966.7368421052631
15839,2011-07-14 16:35:00,2011-11-06 13:54:00,3,675,1048.49,16.911129032258064,56,3,United Kingdom,33,115,1.0,349.49666666666667,225.0
15840,2011-06-20 11:42:00,2011-10-12 09:08:00,2,396,355.56,13.168888888888889,26,2,United Kingdom,59,114,1.0,177.78,198.0
15841,2011-01-05 11:25:00,2011-09-28 12:15:00,4,942,1224.06,26.043829787234042,36,3,United Kingdom,73,267,1.3333333333333333,306.015,235.5
15843,2011-02-09 10:19:00,2011-02-09 10:19:00,1,27,118.95000000000002,14.868750000000002,8,1,United Kingdom,304,1,1.0,118.95000000000002,27.0
15844,2011-10-24 15:19:00,2011-10-24 15:19:00,1,134,130.73999999999998,11.885454545454543,11,1,United Kingdom,46,1,1.0,130.73999999999998,134.0
15845,2011-01-06 17:19:00,2011-11-22 09:42:00,8,1926,3711.77,26.896884057971015,97,7,United Kingdom,18,320,1.1428571428571428,463.97125,240.75
15847,2011-02-24 16:46:00,2011-11-01 14:41:00,2,449,389.27,17.694090909090907,22,2,United Kingdom,38,250,1.0,194.635,224.5
15850,2011-06-24 14:16:00,2011-11-20 14:14:00,2,302,238.85,2.4623711340206187,87,2,United Kingdom,19,149,1.0,119.425,151.0
15852,2011-05-26 13:26:00,2011-06-06 11:22:00,2,48,160.71,7.305000000000001,22,2,United Kingdom,187,11,1.0,80.355,24.0
15853,2011-10-19 10:38:00,2011-10-19 10:38:00,1,135,110.8,3.6933333333333334,29,1,United Kingdom,52,1,1.0,110.8,135.0
15854,2010-12-13 11:47:00,2011-12-05 13:39:00,12,939,2974.65,21.247500000000002,105,9,United Kingdom,4,358,1.3333333333333333,247.88750000000002,78.25
15855,2011-03-21 12:32:00,2011-07-26 10:20:00,5,470,712.24,8.903,59,5,United Kingdom,137,127,1.0,142.448,94.0
15856,2010-12-09 13:34:00,2011-12-05 17:09:00,27,11005,16387.57,25.40708527131783,295,11,United Kingdom,4,362,2.4545454545454546,606.947037037037,407.5925925925926
15857,2011-11-21 12:18:00,2011-11-21 12:18:00,1,308,297.0,21.214285714285715,14,1,United Kingdom,19,1,1.0,297.0,308.0
15858,2010-12-07 14:31:00,2011-11-24 12:48:00,5,1167,1438.85,7.533246073298429,145,5,United Kingdom,16,352,1.0,287.77,233.4
15860,2010-12-06 11:38:00,2011-10-30 11:25:00,8,440,977.21,6.881760563380282,105,6,United Kingdom,41,328,1.3333333333333333,122.15125,55.0
15861,2011-03-17 20:12:00,2011-11-27 15:59:00,8,2544,3165.36,5.797362637362638,339,4,United Kingdom,12,255,2.0,395.67,318.0
15862,2010-12-01 11:21:00,2011-12-01 13:28:00,4,585,832.88,5.665850340136054,142,4,United Kingdom,8,366,1.0,208.22,146.25
15863,2011-05-31 11:36:00,2011-11-14 12:49:00,2,19,68.84,3.8244444444444445,18,2,United Kingdom,26,168,1.0,34.42,9.5
15864,2011-01-27 16:43:00,2011-11-17 13:32:00,6,1192,1936.3200000000002,96.816,16,5,United Kingdom,22,294,1.2,322.72,198.66666666666666
15865,2011-05-10 11:44:00,2011-10-30 12:43:00,3,368,895.13,22.37825,37,3,United Kingdom,41,174,1.0,298.37666666666667,122.66666666666667
15866,2011-08-30 14:09:00,2011-08-30 14:09:00,1,126,230.53,5.122888888888889,43,1,United Kingdom,101,1,1.0,230.53,126.0
15867,2010-12-05 14:17:00,2011-12-04 13:32:00,15,2054,3812.64,8.270368763557483,302,12,United Kingdom,5,364,1.25,254.176,136.93333333333334
15869,2011-03-07 17:19:00,2011-03-07 17:23:00,2,175,149.64,9.975999999999999,13,1,United Kingdom,277,1,2.0,74.82,87.5
15870,2011-11-07 10:58:00,2011-11-07 10:58:00,1,335,354.09000000000003,4.659078947368421,68,1,United Kingdom,33,1,1.0,354.09000000000003,335.0
15872,2011-11-25 11:54:00,2011-11-25 11:55:00,2,212,360.93,2.819765625,101,1,United Kingdom,15,1,2.0,180.465,106.0
15874,2011-02-28 13:28:00,2011-10-07 12:31:00,7,2534,4405.88,36.71566666666667,110,6,United Kingdom,64,221,1.1666666666666667,629.4114285714286,362.0
15877,2011-11-22 11:18:00,2011-12-08 11:53:00,2,371,493.28,3.823875968992248,122,2,United Kingdom,2,17,1.0,246.64,185.5
15880,2010-12-05 13:00:00,2010-12-05 13:00:00,1,211,343.28000000000003,3.2693333333333334,95,1,United Kingdom,369,1,1.0,343.28000000000003,211.0
15881,2010-12-10 13:32:00,2011-01-31 16:59:00,5,260,501.39000000000004,17.289310344827587,26,2,United Kingdom,312,53,2.5,100.278,52.0
15882,2010-12-06 13:01:00,2011-05-25 11:35:00,4,276,516.36,22.450434782608696,23,2,United Kingdom,199,170,2.0,129.09,69.0
15883,2011-11-06 14:50:00,2011-12-07 17:05:00,2,223,396.48,8.091428571428573,42,2,United Kingdom,2,32,1.0,198.24,111.5
15885,2011-02-03 15:28:00,2011-09-08 10:43:00,3,111,379.35,21.075000000000003,18,2,United Kingdom,93,217,1.5,126.45,37.0
15886,2011-10-10 14:25:00,2011-10-10 14:25:00,1,147,181.09,15.090833333333334,12,1,United Kingdom,60,1,1.0,181.09,147.0
15888,2011-09-20 12:30:00,2011-09-20 12:30:00,1,76,168.31,14.025833333333333,11,1,United Kingdom,81,1,1.0,168.31,76.0
15889,2010-12-05 15:12:00,2011-07-06 11:10:00,2,215,446.87,4.80505376344086,79,2,United Kingdom,157,213,1.0,223.435,107.5
15891,2011-04-27 12:35:00,2011-04-27 12:35:00,1,442,524.52,8.459999999999999,60,1,United Kingdom,227,1,1.0,524.52,442.0
15894,2010-12-05 14:06:00,2011-03-31 13:50:00,2,168,263.55,6.4280487804878055,35,2,United Kingdom,253,116,1.0,131.775,84.0
15895,2011-07-13 10:27:00,2011-07-13 10:27:00,1,94,179.17,16.288181818181815,11,1,United Kingdom,150,1,1.0,179.17,94.0
15897,2011-05-29 13:32:00,2011-05-29 13:50:00,2,261,222.05,9.252083333333333,17,1,United Kingdom,194,1,2.0,111.025,130.5
15898,2010-12-06 11:01:00,2011-12-08 15:23:00,5,570,1388.88,16.149767441860465,70,4,United Kingdom,1,368,1.25,277.776,114.0
15899,2010-12-06 10:36:00,2010-12-06 10:36:00,1,39,56.25,14.0625,4,1,United Kingdom,369,1,1.0,56.25,39.0
15900,2011-11-16 12:19:00,2011-11-16 12:19:00,1,221,351.11,6.884509803921569,44,1,United Kingdom,24,1,1.0,351.11,221.0
15901,2011-07-08 12:18:00,2011-11-23 12:43:00,3,384,363.88,3.136896551724138,102,3,United Kingdom,17,139,1.0,121.29333333333334,128.0
15903,2011-02-17 14:04:00,2011-11-30 08:08:00,7,2410,5126.76,69.28054054054054,46,4,United Kingdom,10,286,1.75,732.3942857142857,344.2857142857143
15904,2011-12-01 14:50:00,2011-12-01 14:50:00,1,84,164.68,5.489333333333334,30,1,United Kingdom,8,1,1.0,164.68,84.0
15906,2011-03-29 13:28:00,2011-11-20 12:24:00,7,544,1567.69,10.451266666666667,113,5,United Kingdom,20,236,1.4,223.9557142857143,77.71428571428571
15907,2011-05-13 13:01:00,2011-12-06 12:21:00,3,509,967.45,3.8853413654618474,175,3,United Kingdom,4,207,1.0,322.48333333333335,169.66666666666666
15909,2011-06-19 10:38:00,2011-06-19 10:38:00,1,98,191.94,27.419999999999998,7,1,United Kingdom,174,1,1.0,191.94,98.0
15910,2011-01-27 11:55:00,2011-12-09 10:51:00,8,1015,1232.18,4.614906367041199,215,8,United Kingdom,1,316,1.0,154.0225,126.875
15912,2011-04-20 17:10:00,2011-06-14 14:29:00,2,185,264.62,13.927368421052632,19,2,United Kingdom,178,55,1.0,132.31,92.5
15916,2010-12-08 13:07:00,2011-11-23 13:46:00,8,757,1528.09,9.858645161290323,124,6,United Kingdom,16,351,1.3333333333333333,191.01125,94.625
15917,2011-04-06 10:40:00,2011-04-06 10:40:00,1,42,123.1,10.258333333333333,12,1,United Kingdom,248,1,1.0,123.1,42.0
15918,2011-03-13 15:55:00,2011-06-02 11:42:00,2,153,334.23,8.35575,33,2,United Kingdom,191,81,1.0,167.115,76.5
15919,2010-12-06 11:26:00,2011-11-20 11:28:00,2,545,639.89,4.4747552447552446,103,2,United Kingdom,20,350,1.0,319.945,272.5
15920,2011-07-08 15:16:00,2011-07-08 15:31:00,4,99,167.5,2.7916666666666665,53,1,United Kingdom,154,1,4.0,41.875,24.75
15921,2011-06-20 11:03:00,2011-06-20 11:03:00,1,166,336.03000000000003,13.441200000000002,24,1,United Kingdom,173,1,1.0,336.03000000000003,166.0
15922,2010-12-01 13:51:00,2010-12-01 13:51:00,1,138,369.5,33.59090909090909,11,1,United Kingdom,373,1,1.0,369.5,138.0
15923,2010-12-02 12:16:00,2010-12-02 12:16:00,1,122,127.08,6.051428571428572,21,1,United Kingdom,373,1,1.0,127.08,122.0
15925,2011-05-29 15:35:00,2011-05-29 15:35:00,1,93,207.15,17.2625,12,1,United Kingdom,194,1,1.0,207.15,93.0
15930,2011-10-03 14:52:00,2011-10-03 14:52:00,1,139,426.63,20.315714285714286,21,1,United Kingdom,67,1,1.0,426.63,139.0
15932,2011-02-23 14:50:00,2011-12-05 17:13:00,8,2325,2495.87,21.703217391304346,93,8,United Kingdom,4,286,1.0,311.98375,290.625
15933,2011-09-14 12:05:00,2011-11-18 13:14:00,3,885,1107.46,14.965675675675676,63,2,United Kingdom,21,66,1.5,369.15333333333336,295.0
15935,2011-04-12 09:35:00,2011-04-14 13:27:00,2,115,416.86,34.73833333333334,12,1,United Kingdom,239,3,2.0,208.43,57.5
15937,2011-10-06 15:48:00,2011-10-06 15:48:00,1,73,145.35,20.764285714285712,7,1,United Kingdom,64,1,1.0,145.35,73.0
15938,2011-01-20 10:11:00,2011-08-19 12:56:00,5,240,404.58,22.476666666666667,13,5,United Kingdom,112,212,1.0,80.916,48.0
15939,2011-01-12 12:43:00,2011-09-11 11:30:00,15,4728,6115.01,80.46065789473684,28,9,United Kingdom,90,242,1.6666666666666667,407.6673333333334,315.2
15940,2011-02-01 16:18:00,2011-02-01 16:18:00,1,4,35.8,35.8,1,1,United Kingdom,311,1,1.0,35.8,4.0
15942,2011-07-29 09:01:00,2011-07-29 09:01:00,1,232,337.44,24.102857142857143,14,1,United Kingdom,134,1,1.0,337.44,232.0
15944,2011-03-08 10:33:00,2011-03-08 10:33:00,1,50,325.1,54.18333333333334,6,1,United Kingdom,277,1,1.0,325.1,50.0
15945,2010-12-09 13:14:00,2010-12-09 13:14:00,1,52,181.0,90.5,2,1,United Kingdom,365,1,1.0,181.0,52.0
15947,2011-09-18 10:46:00,2011-09-18 10:46:00,1,898,1708.24,58.9048275862069,29,1,United Kingdom,83,1,1.0,1708.24,898.0
15948,2011-10-27 08:35:00,2011-12-01 15:32:00,2,567,955.24,15.920666666666667,51,2,United Kingdom,8,36,1.0,477.62,283.5
15949,2011-09-29 17:34:00,2011-11-23 09:09:00,2,284,364.72,19.19578947368421,12,2,United Kingdom,17,55,1.0,182.36,142.0
15950,2010-12-15 11:56:00,2011-11-08 11:09:00,4,729,1765.51,18.015408163265306,86,4,United Kingdom,32,328,1.0,441.3775,182.25
15951,2011-02-27 11:57:00,2011-12-01 08:34:00,2,313,708.22,17.273658536585366,36,2,United Kingdom,9,277,1.0,354.11,156.5
15952,2011-04-28 12:55:00,2011-11-06 11:18:00,4,399,806.57,8.863406593406594,65,4,United Kingdom,34,192,1.0,201.6425,99.75
15953,2010-12-05 15:15:00,2011-11-24 15:32:00,8,892,1659.3799999999999,16.932448979591836,63,6,United Kingdom,15,355,1.3333333333333333,207.42249999999999,111.5
15955,2010-12-02 11:22:00,2011-11-15 14:15:00,14,2135,4416.26,24.13256830601093,137,7,United Kingdom,24,349,2.0,315.44714285714286,152.5
15957,2011-11-08 12:14:00,2011-11-08 12:14:00,1,211,428.89,10.211666666666666,40,1,United Kingdom,32,1,1.0,428.89,211.0
15958,2011-09-26 13:41:00,2011-09-26 13:41:00,1,33,104.35,14.907142857142857,7,1,United Kingdom,74,1,1.0,104.35,33.0
15963,2011-10-25 13:05:00,2011-11-20 11:33:00,2,298,470.76,16.812857142857144,26,2,United Kingdom,20,26,1.0,235.38,149.0
15965,2010-12-07 13:18:00,2011-11-22 16:44:00,4,453,845.64,6.931475409836065,88,2,United Kingdom,17,351,2.0,211.41,113.25
15967,2011-01-25 11:57:00,2011-11-16 15:41:00,2,211,418.83,4.986071428571428,73,2,United Kingdom,23,296,1.0,209.415,105.5
15969,2011-06-07 12:19:00,2011-12-07 11:06:00,3,124,666.1,33.305,20,3,United Kingdom,3,183,1.0,222.03333333333333,41.333333333333336
15970,2011-02-09 12:08:00,2011-02-09 12:08:00,1,116,314.1,28.55454545454546,11,1,United Kingdom,304,1,1.0,314.1,116.0
15971,2011-02-01 16:47:00,2011-11-22 12:50:00,12,1717,4199.85,119.9957142857143,10,8,United Kingdom,18,294,1.5,349.9875,143.08333333333334
15973,2010-12-08 11:42:00,2010-12-08 11:42:00,1,106,307.82000000000005,76.95500000000001,4,1,United Kingdom,367,1,1.0,307.82000000000005,106.0
15974,2011-02-24 10:10:00,2011-10-31 13:13:00,7,2262,3442.15,19.557670454545455,141,7,United Kingdom,39,250,1.0,491.7357142857143,323.14285714285717
15975,2011-09-16 13:33:00,2011-09-16 13:33:00,1,243,371.01,15.45875,24,1,United Kingdom,84,1,1.0,371.01,243.0
15976,2011-05-03 17:12:00,2011-06-27 13:00:00,2,277,430.94,4.39734693877551,83,2,United Kingdom,165,55,1.0,215.47,138.5
15977,2011-10-31 16:24:00,2011-11-22 13:29:00,2,1016,1054.73,16.226615384615386,48,2,United Kingdom,17,22,1.0,527.365,508.0
15978,2011-09-23 15:21:00,2011-09-23 15:21:00,1,888,1098.78,22.42408163265306,49,1,United Kingdom,77,1,1.0,1098.78,888.0
15980,2011-03-30 15:05:00,2011-09-12 09:41:00,3,1560,2398.86,55.78744186046512,40,2,United Kingdom,89,166,1.5,799.62,520.0
15981,2011-02-01 13:50:00,2011-11-15 08:00:00,8,1866,3408.48,35.13896907216495,53,8,United Kingdom,25,287,1.0,426.06,233.25
15983,2010-12-01 12:15:00,2011-11-17 17:34:00,4,892,1475.02,13.053274336283186,82,2,United Kingdom,22,352,2.0,368.755,223.0
15984,2010-12-06 13:21:00,2011-12-07 12:16:00,10,1843,2837.67,10.50988888888889,217,8,United Kingdom,3,366,1.25,283.767,184.3
15985,2011-04-17 11:04:00,2011-08-08 16:31:00,2,1086,1142.42,30.876216216216218,29,2,United Kingdom,123,114,1.0,571.21,543.0
15986,2011-11-09 15:17:00,2011-11-09 15:17:00,1,268,168.12,12.008571428571429,14,1,United Kingdom,30,1,1.0,168.12,268.0
15987,2010-12-06 08:34:00,2011-11-27 15:38:00,7,1556,1451.28,10.366285714285715,110,5,United Kingdom,12,357,1.4,207.32571428571427,222.28571428571428
15988,2011-11-20 13:23:00,2011-11-20 13:23:00,1,181,158.03,5.852962962962963,26,1,United Kingdom,19,1,1.0,158.03,181.0
15990,2011-02-25 15:35:00,2011-10-26 15:58:00,2,443,792.11,15.232884615384616,52,2,United Kingdom,44,244,1.0,396.055,221.5
15992,2011-12-06 11:00:00,2011-12-06 11:00:00,1,17,41.989999999999995,13.996666666666664,3,1,United Kingdom,4,1,1.0,41.989999999999995,17.0
15993,2011-10-26 16:21:00,2011-12-01 10:45:00,7,2051,2797.57,5.068061594202899,335,3,United Kingdom,9,36,2.3333333333333335,399.65285714285716,293.0
15994,2011-10-16 12:28:00,2011-10-16 12:28:00,1,177,427.07,12.202,31,1,United Kingdom,55,1,1.0,427.07,177.0
15996,2010-12-08 15:59:00,2011-09-12 15:14:00,6,384,1060.68,8.159076923076924,103,6,United Kingdom,88,278,1.0,176.78,64.0
15998,2010-12-12 13:32:00,2011-11-03 12:45:00,5,2041,3089.97,6.106660079051383,370,5,United Kingdom,37,326,1.0,617.9939999999999,408.2
16000,2011-12-07 12:14:00,2011-12-07 12:17:00,3,5110,12393.7,1377.0777777777778,9,1,United Kingdom,3,1,3.0,4131.233333333334,1703.3333333333333
16003,2010-12-15 12:09:00,2011-11-10 09:57:00,5,1185,2735.37,26.556990291262135,82,4,United Kingdom,30,330,1.25,547.074,237.0
16005,2011-03-14 11:46:00,2011-11-27 13:47:00,4,300,615.39,2.822889908256881,173,3,United Kingdom,12,259,1.3333333333333333,153.8475,75.0
16006,2011-05-12 13:12:00,2011-05-12 13:12:00,1,84,101.4,12.675,8,1,United Kingdom,211,1,1.0,101.4,84.0
16007,2011-05-08 13:32:00,2011-10-23 11:05:00,4,1393,1701.94,4.420623376623377,221,3,United Kingdom,48,168,1.3333333333333333,425.485,348.25
16008,2011-05-19 10:54:00,2011-11-16 10:32:00,3,323,478.78,14.508484848484848,29,3,United Kingdom,24,181,1.0,159.59333333333333,107.66666666666667
16009,2011-07-03 11:26:00,2011-11-17 16:51:00,4,378,992.71,11.030111111111111,68,3,United Kingdom,22,138,1.3333333333333333,248.1775,94.5
16010,2010-12-12 12:18:00,2011-04-08 10:14:00,3,210,407.5,4.738372093023256,62,2,United Kingdom,246,117,1.5,135.83333333333334,70.0
16011,2010-12-08 16:34:00,2011-12-01 16:31:00,16,2042,3362.71,15.86183962264151,99,11,United Kingdom,8,358,1.4545454545454546,210.169375,127.625
16012,2011-07-07 18:02:00,2011-11-04 13:25:00,3,799,1415.29,15.05627659574468,87,3,United Kingdom,35,120,1.0,471.7633333333333,266.3333333333333
16013,2010-12-03 13:09:00,2011-12-06 10:36:00,47,15536,37130.6,267.126618705036,30,13,United Kingdom,4,368,3.6153846153846154,790.0127659574467,330.5531914893617
16014,2011-02-21 17:42:00,2011-11-02 12:04:00,3,265,662.38,4.5681379310344825,123,3,United Kingdom,38,254,1.0,220.79333333333332,88.33333333333333
16015,2011-10-21 12:56:00,2011-12-06 10:58:00,3,909,705.39,3.875769230769231,146,3,United Kingdom,4,46,1.0,235.13,303.0
16016,2010-12-08 12:36:00,2011-12-06 14:35:00,8,620,1508.76,6.420255319148936,156,6,United Kingdom,3,364,1.3333333333333333,188.595,77.5
16017,2011-10-23 12:56:00,2011-10-23 12:56:00,1,102,211.88,6.62125,26,1,United Kingdom,47,1,1.0,211.88,102.0
16018,2011-06-12 13:52:00,2011-10-31 14:13:00,2,190,408.90000000000003,14.60357142857143,26,2,United Kingdom,39,142,1.0,204.45000000000002,95.0
16019,2010-12-10 12:29:00,2011-10-24 11:51:00,9,1733,3786.2400000000002,23.664,133,7,United Kingdom,47,318,1.2857142857142858,420.6933333333334,192.55555555555554
16020,2011-10-05 13:54:00,2011-11-23 11:18:00,3,487,851.01,18.500217391304346,42,2,United Kingdom,17,49,1.5,283.67,162.33333333333334
16022,2011-03-24 13:16:00,2011-03-24 13:16:00,1,261,628.28,8.266842105263157,68,1,United Kingdom,260,1,1.0,628.28,261.0
16023,2011-03-18 13:32:00,2011-10-24 16:34:00,3,358,719.81,7.126831683168317,90,3,United Kingdom,46,221,1.0,239.93666666666664,119.33333333333333
16024,2011-11-27 13:26:00,2011-11-27 13:26:00,1,398,251.24,3.925625,61,1,United Kingdom,12,1,1.0,251.24,398.0
16025,2011-11-10 11:45:00,2011-11-10 11:45:00,1,338,439.65999999999997,15.702142857142857,28,1,United Kingdom,30,1,1.0,439.65999999999997,338.0
16026,2011-10-27 13:53:00,2011-10-27 13:53:00,1,243,236.09,7.3778125,30,1,United Kingdom,43,1,1.0,236.09,243.0
16027,2011-02-10 12:19:00,2011-09-09 10:47:00,6,1147,934.62,58.41375,11,5,United Kingdom,92,211,1.2,155.77,191.16666666666666
16029,2010-12-01 09:57:00,2011-11-01 10:27:00,63,40208,81024.84,334.813388429752,44,12,United Kingdom,39,336,5.25,1286.1085714285714,638.2222222222222
16030,2011-02-03 11:28:00,2011-02-03 11:28:00,1,283,331.24,11.422068965517242,28,1,United Kingdom,310,1,1.0,331.24,283.0
16031,2011-04-06 14:23:00,2011-09-08 13:07:00,2,423,548.94,5.489400000000001,91,2,United Kingdom,92,155,1.0,274.47,211.5
16033,2010-12-05 10:36:00,2011-12-04 12:44:00,20,3539,8816.4,7.754089709762533,538,13,United Kingdom,6,365,1.5384615384615385,440.82,176.95
16034,2011-01-11 11:54:00,2011-05-27 16:17:00,3,242,437.7,19.895454545454545,18,2,United Kingdom,196,137,1.5,145.9,80.66666666666667
16036,2011-03-21 13:01:00,2011-09-13 14:53:00,2,716,758.92,13.798545454545454,55,2,United Kingdom,87,177,1.0,379.46,358.0
16037,2010-12-16 10:18:00,2011-03-15 09:13:00,3,428,855.02,21.923589743589744,37,3,United Kingdom,270,89,1.0,285.00666666666666,142.66666666666666
16038,2011-05-22 11:29:00,2011-12-02 12:40:00,3,244,471.78000000000003,18.145384615384618,24,3,United Kingdom,8,195,1.0,157.26000000000002,81.33333333333333
16040,2011-03-16 09:58:00,2011-10-05 13:47:00,3,684,1313.55,20.20846153846154,57,3,United Kingdom,65,204,1.0,437.84999999999997,228.0
16041,2011-07-21 16:27:00,2011-11-09 12:25:00,3,1584,3166.4,527.7333333333333,6,2,United Kingdom,31,111,1.5,1055.4666666666667,528.0
16042,2011-01-11 13:25:00,2011-11-17 17:50:00,5,755,1197.27,16.862957746478873,68,4,United Kingdom,22,311,1.25,239.454,151.0
16043,2011-01-26 11:14:00,2011-11-02 12:50:00,4,503,773.99,19.845897435897434,30,4,United Kingdom,38,281,1.0,193.4975,125.75
16045,2011-02-22 14:55:00,2011-08-12 12:41:00,4,897,1340.7,16.15301204819277,71,4,United Kingdom,120,171,1.0,335.175,224.25
16048,2010-12-01 15:27:00,2010-12-01 15:28:00,2,144,256.44,32.055,8,1,United Kingdom,373,1,2.0,128.22,72.0
16049,2011-09-25 14:33:00,2011-10-30 13:19:00,3,793,1111.79,3.563429487179487,248,2,United Kingdom,40,35,1.5,370.59666666666664,264.3333333333333
16050,2011-06-19 11:44:00,2011-06-19 11:44:00,1,278,137.9,13.790000000000001,10,1,United Kingdom,174,1,1.0,137.9,278.0
16052,2011-10-16 15:13:00,2011-10-16 15:13:00,1,282,362.06,10.648823529411764,34,1,United Kingdom,54,1,1.0,362.06,282.0
16053,2011-08-09 14:57:00,2011-11-07 11:21:00,2,1793,1511.95,17.999404761904763,81,2,United Kingdom,33,90,1.0,755.975,896.5
16054,2011-07-17 13:08:00,2011-07-17 13:08:00,1,380,783.9,11.198571428571428,70,1,United Kingdom,145,1,1.0,783.9,380.0
16055,2011-05-03 09:26:00,2011-05-03 09:26:00,1,22,134.8,16.85,8,1,United Kingdom,221,1,1.0,134.8,22.0
16056,2011-10-25 15:19:00,2011-10-25 15:19:00,1,347,664.85,9.777205882352941,66,1,United Kingdom,45,1,1.0,664.85,347.0
16057,2011-02-28 10:35:00,2011-11-23 15:23:00,7,863,2263.12,18.703471074380165,109,4,United Kingdom,16,269,1.75,323.30285714285714,123.28571428571429
16059,2010-12-07 10:36:00,2011-10-05 09:56:00,6,643,1459.8600000000001,8.110333333333333,126,6,United Kingdom,66,302,1.0,243.31000000000003,107.16666666666667
16062,2010-12-10 12:00:00,2011-11-30 12:15:00,4,800,1153.62,18.0253125,50,4,United Kingdom,10,356,1.0,288.405,200.0
16063,2011-03-24 14:55:00,2011-03-24 14:56:00,1,262,335.32,14.57913043478261,23,1,United Kingdom,260,1,1.0,335.32,262.0
16065,2010-12-09 13:03:00,2010-12-09 13:03:00,1,231,372.09,5.028243243243243,71,1,United Kingdom,365,1,1.0,372.09,231.0
16066,2011-08-07 14:33:00,2011-11-23 11:54:00,5,936,1521.87,14.920294117647058,77,3,United Kingdom,17,108,1.6666666666666667,304.37399999999997,187.2
16070,2011-11-07 16:36:00,2011-11-17 15:50:00,2,457,852.15,25.82272727272727,32,1,United Kingdom,22,10,2.0,426.075,228.5
16071,2011-10-26 11:14:00,2011-10-26 11:14:00,1,180,326.24,15.535238095238096,21,1,United Kingdom,45,1,1.0,326.24,180.0
16072,2011-02-24 14:32:00,2011-02-24 14:32:00,1,140,584.3199999999999,25.405217391304344,23,1,United Kingdom,288,1,1.0,584.3199999999999,140.0
16073,2011-02-15 15:41:00,2011-02-15 15:41:00,1,48,122.39999999999999,122.39999999999999,1,1,United Kingdom,297,1,1.0,122.39999999999999,48.0
16076,2011-05-15 12:31:00,2011-12-06 14:59:00,10,1435,2234.73,17.323488372093024,71,7,United Kingdom,3,206,1.4285714285714286,223.473,143.5
16078,2011-03-01 09:47:00,2011-03-01 09:47:00,1,16,79.2,79.2,1,1,United Kingdom,284,1,1.0,79.2,16.0
16079,2011-10-30 13:06:00,2011-11-23 12:48:00,3,864,1352.0,64.38095238095238,18,2,United Kingdom,17,24,1.5,450.6666666666667,288.0
16080,2011-03-10 14:44:00,2011-09-19 10:42:00,2,128,217.16,21.716,10,2,United Kingdom,82,193,1.0,108.58,64.0
16081,2010-12-08 11:16:00,2011-10-14 13:06:00,5,1477,2806.9,12.365198237885464,175,5,United Kingdom,56,311,1.0,561.38,295.4
16083,2010-12-14 11:51:00,2011-08-31 10:47:00,2,908,1317.62,42.50387096774193,31,2,United Kingdom,101,260,1.0,658.81,454.0
16084,2011-02-13 16:05:00,2011-02-13 16:05:00,1,216,436.18,11.47842105263158,38,1,United Kingdom,299,1,1.0,436.18,216.0
16085,2011-01-23 12:07:00,2011-11-16 13:24:00,5,636,981.51,5.877305389221557,123,5,United Kingdom,23,298,1.0,196.302,127.2
16086,2010-12-07 13:45:00,2011-10-11 13:09:00,5,511,1121.39,28.753589743589746,24,5,United Kingdom,59,308,1.0,224.27800000000002,102.2
16091,2011-05-25 09:18:00,2011-07-08 08:45:00,2,154,315.06,17.503333333333334,16,2,United Kingdom,155,44,1.0,157.53,77.0
16092,2011-03-30 15:38:00,2011-08-17 10:46:00,3,628,817.86,16.036470588235293,37,3,United Kingdom,115,140,1.0,272.62,209.33333333333334
16093,2011-08-25 11:09:00,2011-08-25 11:09:00,1,20,17.0,17.0,1,1,United Kingdom,107,1,1.0,17.0,20.0
16094,2011-05-04 13:57:00,2011-11-28 12:45:00,4,647,1078.23,17.114761904761906,48,2,United Kingdom,12,208,2.0,269.5575,161.75
16096,2011-03-20 13:38:00,2011-03-20 13:38:00,1,155,320.62,26.718333333333334,12,1,United Kingdom,264,1,1.0,320.62,155.0
16097,2011-04-13 13:47:00,2011-04-13 13:47:00,1,87,185.04999999999998,18.505,10,1,United Kingdom,240,1,1.0,185.04999999999998,87.0
16098,2010-12-01 09:45:00,2011-09-13 09:59:00,7,613,2005.63,29.934776119402986,34,7,United Kingdom,88,287,1.0,286.5185714285714,87.57142857142857
16099,2011-04-28 08:34:00,2011-10-20 13:13:00,3,434,731.9,18.766666666666666,29,3,United Kingdom,50,176,1.0,243.96666666666667,144.66666666666666
16101,2011-09-30 10:18:00,2011-09-30 10:18:00,1,757,1290.7,16.982894736842105,76,1,United Kingdom,71,1,1.0,1290.7,757.0
16102,2011-08-03 12:50:00,2011-10-28 13:19:00,3,942,1842.14,32.31824561403509,41,3,United Kingdom,42,87,1.0,614.0466666666667,314.0
16103,2011-04-20 12:28:00,2011-12-02 14:16:00,6,558,1429.64,29.784166666666668,30,5,United Kingdom,7,227,1.2,238.27333333333334,93.0
16104,2011-10-09 10:23:00,2011-10-09 10:23:00,1,123,302.36,10.426206896551724,28,1,United Kingdom,62,1,1.0,302.36,123.0
16105,2011-04-05 10:13:00,2011-04-05 10:13:00,1,330,336.96,25.919999999999998,13,1,United Kingdom,249,1,1.0,336.96,330.0
16106,2011-10-05 10:37:00,2011-10-05 10:37:00,1,74,108.38,18.063333333333333,6,1,United Kingdom,66,1,1.0,108.38,74.0
16107,2011-06-09 18:42:00,2011-11-22 09:40:00,7,1176,3204.1600000000003,103.36000000000001,16,6,United Kingdom,18,166,1.1666666666666667,457.7371428571429,168.0
16108,2011-09-16 11:48:00,2011-09-16 11:48:00,1,615,842.5,17.552083333333332,48,1,United Kingdom,85,1,1.0,842.5,615.0
16109,2011-02-04 12:37:00,2011-05-05 09:17:00,2,612,611.88,33.99333333333333,18,2,United Kingdom,219,90,1.0,305.94,306.0
16110,2011-02-01 14:01:00,2011-10-25 14:35:00,3,733,1337.48,3.77819209039548,283,3,United Kingdom,45,267,1.0,445.82666666666665,244.33333333333334
16112,2011-01-05 11:47:00,2011-07-19 14:28:00,4,574,195.73999999999998,12.233749999999999,15,2,United Kingdom,143,196,2.0,48.934999999999995,143.5
16113,2011-06-09 16:16:00,2011-06-09 16:16:00,1,176,161.38,5.379333333333333,30,1,United Kingdom,183,1,1.0,161.38,176.0
16114,2011-06-22 10:13:00,2011-06-22 10:13:00,1,43,135.75000000000003,16.968750000000004,8,1,United Kingdom,171,1,1.0,135.75000000000003,43.0
16115,2011-02-20 12:14:00,2011-11-30 11:32:00,8,1001,1667.97,5.873133802816901,169,8,United Kingdom,10,283,1.0,208.49625,125.125
16116,2011-05-12 12:01:00,2011-05-12 12:01:00,1,248,612.78,18.02294117647059,34,1,United Kingdom,212,1,1.0,612.78,248.0
16117,2011-06-03 11:42:00,2011-06-03 11:42:00,1,130,232.21,7.740333333333334,30,1,United Kingdom,190,1,1.0,232.21,130.0
16119,2011-09-28 10:15:00,2011-12-01 15:11:00,2,240,423.36,26.46,14,2,United Kingdom,8,65,1.0,211.68,120.0
16120,2011-10-11 14:10:00,2011-10-11 14:22:00,4,878,1309.14,43.638000000000005,26,1,United Kingdom,59,1,4.0,327.285,219.5
16121,2011-05-08 11:52:00,2011-10-13 12:59:00,2,586,867.11,4.090141509433963,170,2,United Kingdom,57,159,1.0,433.555,293.0
16122,2010-12-08 11:41:00,2011-09-27 15:34:00,4,1128,684.4200000000001,18.01105263157895,26,4,United Kingdom,73,294,1.0,171.10500000000002,282.0
16123,2011-10-19 09:18:00,2011-10-19 09:18:00,1,170,307.78,19.23625,16,1,United Kingdom,52,1,1.0,307.78,170.0
16124,2011-01-26 14:45:00,2011-01-26 14:45:00,1,48,249.0,22.636363636363637,11,1,United Kingdom,317,1,1.0,249.0,48.0
16125,2010-12-07 15:48:00,2010-12-07 15:48:00,1,124,289.35,22.25769230769231,13,1,United Kingdom,367,1,1.0,289.35,124.0
16126,2011-02-16 11:18:00,2011-11-10 16:03:00,4,2125,6287.77,53.741623931623934,57,4,United Kingdom,29,268,1.0,1571.9425,531.25
16127,2011-10-31 13:58:00,2011-10-31 13:58:00,1,323,656.25,16.40625,40,1,United Kingdom,39,1,1.0,656.25,323.0
16128,2011-03-02 12:21:00,2011-11-22 11:14:00,5,988,1880.22,21.126067415730336,76,4,United Kingdom,18,265,1.25,376.044,197.6
16131,2011-04-14 08:32:00,2011-10-19 11:53:00,6,1802,3506.54,44.95564102564102,55,4,United Kingdom,52,189,1.5,584.4233333333333,300.3333333333333
16133,2011-01-25 15:55:00,2011-12-06 11:24:00,33,8887,14589.04,43.16284023668639,219,11,United Kingdom,4,315,3.0,442.09212121212124,269.3030303030303
16134,2010-12-15 14:00:00,2011-11-18 10:05:00,2,371,618.09,17.659714285714287,34,2,United Kingdom,22,338,1.0,309.045,185.5
16135,2011-03-22 12:30:00,2011-03-22 12:30:00,1,209,517.55,24.645238095238092,21,1,United Kingdom,263,1,1.0,517.55,209.0
16136,2011-03-07 09:52:00,2011-10-11 09:10:00,3,440,709.38,19.172432432432434,35,3,United Kingdom,60,218,1.0,236.46,146.66666666666666
16139,2011-05-17 10:23:00,2011-11-21 08:37:00,3,330,635.41,20.497096774193547,25,3,United Kingdom,19,188,1.0,211.8033333333333,110.0
16140,2010-12-03 14:40:00,2011-10-05 12:15:00,2,730,725.18,20.71942857142857,32,2,United Kingdom,66,306,1.0,362.59,365.0
16141,2011-09-12 13:11:00,2011-09-12 13:11:00,1,238,620.4,20.68,30,1,United Kingdom,88,1,1.0,620.4,238.0
16142,2011-04-04 10:16:00,2011-04-04 10:16:00,1,422,535.34,14.46864864864865,37,1,United Kingdom,250,1,1.0,535.34,422.0
16143,2010-12-05 15:18:00,2011-12-06 14:13:00,6,919,2424.94,20.725982905982907,75,5,United Kingdom,3,366,1.2,404.1566666666667,153.16666666666666
16144,2011-04-07 10:09:00,2011-04-07 10:09:00,1,16,175.2,175.2,1,1,United Kingdom,247,1,1.0,175.2,16.0
16145,2010-12-15 09:09:00,2011-12-01 10:33:00,11,3123,3799.4900000000002,16.96200892857143,134,10,United Kingdom,9,352,1.1,345.40818181818184,283.90909090909093
16146,2011-04-21 15:25:00,2011-07-05 14:20:00,3,427,734.13,25.314827586206896,26,3,United Kingdom,157,75,1.0,244.71,142.33333333333334
16147,2011-07-29 09:57:00,2011-07-29 09:57:00,1,246,375.0,17.045454545454547,22,1,United Kingdom,134,1,1.0,375.0,246.0
16148,2011-02-16 14:01:00,2011-02-16 14:01:00,1,72,76.32000000000001,76.32000000000001,1,1,United Kingdom,296,1,1.0,76.32000000000001,72.0
16149,2011-07-20 14:54:00,2011-12-05 11:29:00,2,308,280.52,15.584444444444443,18,2,United Kingdom,5,138,1.0,140.26,154.0
16150,2010-12-02 18:27:00,2011-10-28 12:39:00,5,1047,2053.02,17.547179487179488,91,5,United Kingdom,43,330,1.0,410.604,209.4
16152,2011-03-16 09:47:00,2011-03-16 09:47:00,1,642,1829.04,63.070344827586204,29,1,United Kingdom,269,1,1.0,1829.04,642.0
16153,2010-12-20 09:22:00,2011-10-21 10:50:00,5,1073,1824.23,20.496966292134832,78,5,United Kingdom,50,306,1.0,364.846,214.6
16156,2011-02-02 12:02:00,2011-12-01 12:42:00,9,1308,3122.04,24.01569230769231,108,8,United Kingdom,9,303,1.125,346.8933333333333,145.33333333333334
16157,2011-09-28 11:48:00,2011-11-24 11:41:00,3,347,656.69,36.482777777777784,12,2,United Kingdom,16,57,1.5,218.89666666666668,115.66666666666667
16159,2011-03-03 12:27:00,2011-03-03 12:27:00,1,236,348.2,24.87142857142857,14,1,United Kingdom,282,1,1.0,348.2,236.0
16160,2011-09-15 10:53:00,2011-10-05 14:19:00,2,1162,1025.44,51.272000000000006,20,2,United Kingdom,65,21,1.0,512.72,581.0
16161,2010-12-06 10:03:00,2011-12-08 12:10:00,19,2599,5575.56,11.762784810126583,286,11,United Kingdom,2,368,1.7272727272727273,293.4505263157895,136.78947368421052
16162,2011-04-01 15:03:00,2011-04-01 15:03:00,1,4,37.4,18.7,2,1,United Kingdom,252,1,1.0,37.4,4.0
16163,2010-12-09 16:28:00,2011-04-21 15:15:00,2,192,856.6,142.76666666666668,5,2,United Kingdom,232,133,1.0,428.3,96.0
16164,2011-10-28 09:12:00,2011-11-22 15:04:00,3,433,822.48,24.19058823529412,27,2,United Kingdom,17,26,1.5,274.16,144.33333333333334
16168,2010-12-05 11:38:00,2011-11-29 12:45:00,27,1892,3787.6,38.648979591836735,57,11,United Kingdom,11,360,2.4545454545454546,140.28148148148148,70.07407407407408
16169,2011-09-25 11:33:00,2011-12-01 15:28:00,4,1325,1822.97,21.44670588235294,71,4,United Kingdom,8,68,1.0,455.7425,331.25
16170,2011-04-05 13:42:00,2011-10-20 08:21:00,6,1770,1885.05,15.0804,106,5,United Kingdom,51,198,1.2,314.175,295.0
16171,2011-10-11 14:51:00,2011-10-11 14:51:00,1,24,73.2,24.400000000000002,3,1,United Kingdom,59,1,1.0,73.2,24.0
16172,2011-04-12 12:02:00,2011-09-05 13:22:00,5,787,1140.21,16.524782608695652,52,4,United Kingdom,95,147,1.25,228.042,157.4
16173,2011-09-02 15:23:00,2011-11-24 10:53:00,6,575,1418.32,16.884761904761906,70,3,United Kingdom,16,83,2.0,236.38666666666666,95.83333333333333
16174,2011-07-11 09:23:00,2011-08-05 13:26:00,3,651,1009.5500000000001,43.89347826086957,19,2,United Kingdom,126,26,1.5,336.5166666666667,217.0
16175,2011-04-13 14:38:00,2011-09-06 14:32:00,4,533,1037.59,17.889482758620687,45,4,United Kingdom,94,146,1.0,259.3975,133.25
16177,2011-10-20 12:57:00,2011-10-20 12:57:00,1,95,331.95,22.13,15,1,United Kingdom,50,1,1.0,331.95,95.0
16178,2011-07-24 16:05:00,2011-07-24 16:05:00,1,94,197.9,24.7375,8,1,United Kingdom,138,1,1.0,197.9,94.0
16179,2011-10-10 09:41:00,2011-10-10 09:41:00,1,99,215.83,19.62090909090909,11,1,United Kingdom,61,1,1.0,215.83,99.0
16180,2011-04-01 10:23:00,2011-08-31 16:28:00,8,5867,10254.18,63.29740740740741,90,5,United Kingdom,100,153,1.6,1281.7725,733.375
16181,2011-09-27 13:38:00,2011-09-27 13:38:00,1,152,305.54,27.776363636363637,11,1,United Kingdom,73,1,1.0,305.54,152.0
16182,2011-02-18 10:11:00,2011-09-28 13:23:00,4,3791,6617.65,236.34464285714284,17,4,United Kingdom,72,223,1.0,1654.4125,947.75
16183,2011-10-03 14:59:00,2011-10-03 14:59:00,1,113,338.71000000000004,22.58066666666667,15,1,United Kingdom,67,1,1.0,338.71000000000004,113.0
16184,2011-05-12 13:33:00,2011-10-06 17:43:00,6,561,1158.79,25.750888888888888,26,5,United Kingdom,64,148,1.2,193.13166666666666,93.5
16185,2011-04-21 11:59:00,2011-11-23 09:41:00,2,260,529.41,17.07774193548387,31,2,United Kingdom,17,216,1.0,264.705,130.0
16186,2010-12-02 14:40:00,2011-11-17 12:43:00,12,3020,4006.94,18.38045871559633,87,8,United Kingdom,23,350,1.5,333.9116666666667,251.66666666666666
16187,2011-02-28 13:34:00,2011-11-08 09:50:00,15,5048,6911.4400000000005,23.428610169491527,160,8,United Kingdom,32,253,1.875,460.7626666666667,336.53333333333336
16188,2011-04-11 09:44:00,2011-10-26 12:19:00,4,782,981.86,14.654626865671641,65,3,United Kingdom,45,199,1.3333333333333333,245.465,195.5
16189,2011-09-15 15:21:00,2011-11-24 11:47:00,2,134,215.48,19.58909090909091,9,2,United Kingdom,16,70,1.0,107.74,67.0
16190,2011-10-30 15:59:00,2011-10-30 15:59:00,1,88,215.08,35.84666666666667,6,1,United Kingdom,40,1,1.0,215.08,88.0
16191,2010-12-14 12:38:00,2011-12-07 11:26:00,13,3351,5180.52,38.66059701492538,65,7,United Kingdom,3,358,1.8571428571428572,398.5015384615385,257.7692307692308
16193,2011-04-17 11:45:00,2011-04-17 11:45:00,1,219,314.45,16.55,19,1,United Kingdom,237,1,1.0,314.45,219.0
16198,2011-09-25 14:58:00,2011-09-25 14:58:00,1,129,400.68100000000004,26.71206666666667,15,1,United Kingdom,75,1,1.0,400.68100000000004,129.0
16200,2011-06-28 15:47:00,2011-12-05 14:40:00,2,523,1080.6200000000001,6.036983240223464,149,2,United Kingdom,4,160,1.0,540.3100000000001,261.5
16201,2011-08-22 10:47:00,2011-12-06 16:02:00,4,1286,1863.47,16.78801801801802,74,4,United Kingdom,3,107,1.0,465.8675,321.5
16202,2010-12-14 10:43:00,2010-12-14 10:43:00,1,191,365.27,20.292777777777776,18,1,United Kingdom,361,1,1.0,365.27,191.0
16203,2010-12-02 15:39:00,2011-10-12 12:31:00,4,262,592.9,16.939999999999998,27,4,United Kingdom,59,314,1.0,148.225,65.5
16204,2011-11-16 13:40:00,2011-11-16 13:40:00,1,231,405.71,7.117719298245614,45,1,United Kingdom,23,1,1.0,405.71,231.0
16205,2011-06-13 11:33:00,2011-11-09 09:32:00,4,517,761.38,7.769183673469388,73,3,United Kingdom,31,149,1.3333333333333333,190.345,129.25
16206,2011-01-16 11:07:00,2011-10-16 10:41:00,4,272,537.0600000000001,8.524761904761906,52,4,United Kingdom,55,273,1.0,134.26500000000001,68.0
16207,2011-11-14 13:51:00,2011-11-14 13:51:00,1,140,394.38,20.756842105263157,19,1,United Kingdom,25,1,1.0,394.38,140.0
16208,2011-02-23 13:37:00,2011-10-26 11:36:00,2,333,664.26,10.064545454545454,61,2,United Kingdom,45,245,1.0,332.13,166.5
16209,2011-04-07 12:23:00,2011-09-12 11:58:00,5,1179,2262.62,49.18739130434783,37,4,United Kingdom,89,158,1.25,452.524,235.8
16210,2010-12-01 12:27:00,2011-12-08 12:36:00,18,7559,21086.3,171.43333333333334,74,9,United Kingdom,2,373,2.0,1171.461111111111,419.94444444444446
16211,2011-09-12 12:11:00,2011-09-12 12:11:00,1,154,547.02,23.783478260869565,23,1,United Kingdom,89,1,1.0,547.02,154.0
16212,2011-03-01 12:51:00,2011-11-20 13:00:00,2,244,690.34,16.837560975609758,40,2,United Kingdom,19,265,1.0,345.17,122.0
16213,2011-09-22 10:03:00,2011-09-22 10:03:00,1,48,159.0,26.5,6,1,United Kingdom,79,1,1.0,159.0,48.0
16214,2011-03-15 13:23:00,2011-06-22 11:30:00,3,420,1062.75,24.15340909090909,36,3,United Kingdom,171,99,1.0,354.25,140.0
16215,2011-09-20 10:18:00,2011-09-20 10:18:00,1,104,242.35,17.310714285714287,14,1,United Kingdom,81,1,1.0,242.35,104.0
16216,2011-03-17 15:34:00,2011-03-17 15:34:00,1,254,914.9300000000001,24.72783783783784,37,1,United Kingdom,267,1,1.0,914.9300000000001,254.0
16217,2011-03-02 15:28:00,2011-04-18 13:31:00,2,91,304.25,20.283333333333335,13,2,United Kingdom,235,47,1.0,152.125,45.5
16218,2010-12-01 11:29:00,2011-11-10 09:59:00,7,2088,3084.68,36.72238095238095,56,6,United Kingdom,30,344,1.1666666666666667,440.6685714285714,298.2857142857143
16221,2010-12-07 13:13:00,2011-11-03 11:43:00,3,717,864.86,8.916082474226805,90,3,United Kingdom,37,331,1.0,288.2866666666667,239.0
16222,2011-01-25 13:38:00,2011-01-25 13:38:00,1,365,846.72,6.18043795620438,120,1,United Kingdom,318,1,1.0,846.72,365.0
16224,2011-04-04 12:00:00,2011-10-13 17:51:00,4,1116,1295.3,13.492708333333333,90,3,United Kingdom,57,193,1.3333333333333333,323.825,279.0
16225,2011-03-07 12:17:00,2011-10-26 08:30:00,5,493,1096.32,8.181492537313432,109,4,United Kingdom,45,233,1.25,219.26399999999998,98.6
16226,2011-04-18 12:58:00,2011-05-20 14:41:00,3,192,255.12,31.89,6,2,United Kingdom,203,33,1.5,85.04,64.0
16227,2011-04-28 13:33:00,2011-04-28 13:33:00,1,90,314.22,52.370000000000005,6,1,United Kingdom,225,1,1.0,314.22,90.0
16229,2011-05-11 10:18:00,2011-09-13 17:16:00,2,318,1010.6,21.50212765957447,46,2,United Kingdom,87,126,1.0,505.3,159.0
16230,2011-05-03 15:12:00,2011-06-03 10:06:00,2,365,542.03,15.486571428571429,32,2,United Kingdom,190,31,1.0,271.015,182.5
16232,2011-05-08 14:05:00,2011-10-27 12:16:00,4,550,990.88,26.78054054054054,24,3,United Kingdom,44,172,1.3333333333333333,247.72,137.5
16233,2010-12-08 12:51:00,2011-09-29 17:27:00,3,174,536.6800000000001,24.394545454545458,22,3,United Kingdom,71,296,1.0,178.89333333333335,58.0
16235,2011-01-11 15:42:00,2011-10-30 10:56:00,5,330,867.31,18.854565217391304,42,5,United Kingdom,41,292,1.0,173.462,66.0
16236,2011-09-22 14:10:00,2011-09-22 14:10:00,1,184,432.2,21.61,20,1,United Kingdom,78,1,1.0,432.2,184.0
16239,2011-06-03 09:30:00,2011-10-14 08:29:00,2,228,414.2,21.8,18,2,United Kingdom,57,133,1.0,207.1,114.0
16240,2011-09-23 13:44:00,2011-11-15 14:30:00,2,1641,3718.8,27.546666666666667,126,2,United Kingdom,24,54,1.0,1859.4,820.5
16241,2010-12-05 11:04:00,2011-11-30 11:08:00,13,1453,2607.87,3.939380664652568,347,10,United Kingdom,10,361,1.3,200.6053846153846,111.76923076923077
16242,2011-03-07 17:04:00,2011-12-01 15:12:00,7,1982,3603.21,12.255816326530612,184,6,United Kingdom,8,269,1.1666666666666667,514.7442857142858,283.14285714285717
16243,2011-10-16 12:09:00,2011-11-06 12:32:00,2,110,409.1,8.02156862745098,49,2,United Kingdom,34,22,1.0,204.55,55.0
16244,2010-12-02 11:41:00,2011-05-12 10:18:00,2,855,1522.75,16.733516483516482,88,2,United Kingdom,212,161,1.0,761.375,427.5
16245,2011-03-28 09:30:00,2011-11-16 10:14:00,3,1014,1413.66,15.707333333333334,80,3,United Kingdom,24,234,1.0,471.22,338.0
16247,2011-06-22 14:23:00,2011-06-22 14:23:00,1,182,114.56,7.16,16,1,United Kingdom,170,1,1.0,114.56,182.0
16248,2011-10-09 11:32:00,2011-10-09 11:32:00,1,78,152.94,21.84857142857143,7,1,United Kingdom,62,1,1.0,152.94,78.0
16249,2011-04-14 13:50:00,2011-10-18 10:07:00,5,950,1800.07,26.08797101449275,67,5,United Kingdom,53,187,1.0,360.014,190.0
16250,2010-12-01 09:59:00,2011-03-23 15:07:00,2,208,389.44,16.226666666666667,22,2,United Kingdom,261,113,1.0,194.72,104.0
16253,2011-03-29 13:33:00,2011-10-04 09:09:00,2,3233,3683.86,29.95008130081301,114,2,United Kingdom,67,189,1.0,1841.93,1616.5
16255,2010-12-09 14:25:00,2011-11-23 12:40:00,8,1767,2619.91,9.70337037037037,146,7,United Kingdom,17,349,1.1428571428571428,327.48875,220.875
16256,2011-03-18 12:18:00,2011-03-18 12:18:00,1,581,752.4300000000001,57.87923076923077,13,1,United Kingdom,267,1,1.0,752.4300000000001,581.0
16257,2011-06-16 10:11:00,2011-06-16 10:11:00,1,2,46.95,23.475,2,1,United Kingdom,177,1,1.0,46.95,2.0
16258,2011-05-04 14:33:00,2011-10-25 13:30:00,5,2994,5203.51,38.54451851851852,111,5,United Kingdom,45,174,1.0,1040.702,598.8
16260,2011-10-20 09:40:00,2011-10-20 09:40:00,1,311,1035.45,57.525000000000006,18,1,United Kingdom,51,1,1.0,1035.45,311.0
16261,2011-04-07 19:05:00,2011-11-22 17:23:00,4,306,746.83,6.022822580645162,98,4,United Kingdom,17,229,1.0,186.7075,76.5
16265,2010-12-10 10:21:00,2011-11-30 16:41:00,9,2646,5447.0,21.112403100775193,164,7,United Kingdom,9,356,1.2857142857142858,605.2222222222222,294.0
16266,2011-05-17 14:50:00,2011-09-27 12:08:00,7,398,861.89,14.129344262295081,44,5,United Kingdom,74,133,1.4,123.12714285714286,56.857142857142854
16268,2011-09-29 18:30:00,2011-09-29 18:30:00,2,533,667.65,14.836666666666666,45,1,United Kingdom,71,1,2.0,333.825,266.5
16270,2010-12-21 14:26:00,2010-12-21 14:26:00,1,688,1141.24,21.134074074074075,54,1,United Kingdom,353,1,1.0,1141.24,688.0
16271,2010-12-16 16:36:00,2011-12-07 12:45:00,5,1038,1429.24,10.746165413533834,89,5,United Kingdom,3,356,1.0,285.848,207.6
16272,2011-08-15 10:53:00,2011-08-15 10:54:00,1,224,411.7,16.468,25,1,United Kingdom,117,1,1.0,411.7,224.0
16274,2010-12-01 15:35:00,2010-12-01 15:35:00,1,155,357.95,5.342537313432835,64,1,United Kingdom,373,1,1.0,357.95,155.0
16275,2011-05-27 12:41:00,2011-05-27 12:41:00,1,336,559.87,16.965757575757575,33,1,United Kingdom,197,1,1.0,559.87,336.0
16276,2011-06-16 09:34:00,2011-06-16 09:34:00,1,420,810.6000000000001,135.10000000000002,6,1,United Kingdom,177,1,1.0,810.6000000000001,420.0
16278,2011-08-31 17:12:00,2011-08-31 17:12:00,1,114,566.38,24.625217391304346,23,1,United Kingdom,100,1,1.0,566.38,114.0
16279,2011-06-16 11:50:00,2011-11-18 15:00:00,3,1054,1509.58,14.10822429906542,102,3,United Kingdom,21,156,1.0,503.1933333333333,351.3333333333333
16281,2011-09-28 14:57:00,2011-09-28 14:57:00,1,934,2062.06,121.29764705882353,17,1,United Kingdom,72,1,1.0,2062.06,934.0
16282,2011-01-04 11:42:00,2011-01-04 11:42:00,1,114,168.3,15.3,11,1,United Kingdom,340,1,1.0,168.3,114.0
16283,2011-05-15 13:37:00,2011-12-04 12:08:00,5,1236,1570.81,9.462710843373493,117,5,United Kingdom,6,203,1.0,314.162,247.2
16284,2011-10-20 13:54:00,2011-11-08 16:12:00,2,544,823.97,7.559357798165138,87,2,United Kingdom,31,20,1.0,411.985,272.0
16287,2011-06-23 09:08:00,2011-06-23 09:08:00,1,298,142.5,17.8125,8,1,United Kingdom,170,1,1.0,142.5,298.0
16292,2011-08-10 12:24:00,2011-08-10 12:24:00,1,191,302.25,17.779411764705884,17,1,United Kingdom,122,1,1.0,302.25,191.0
16293,2010-12-07 15:02:00,2011-11-18 09:58:00,10,982,2248.9900000000002,19.059237288135595,102,6,United Kingdom,22,346,1.6666666666666667,224.89900000000003,98.2
16295,2011-10-06 10:45:00,2011-11-30 08:17:00,4,841,1328.55,16.817088607594936,70,2,United Kingdom,10,55,2.0,332.1375,210.25
16297,2011-03-16 08:29:00,2011-03-16 08:29:00,1,206,301.9,15.094999999999999,20,1,United Kingdom,269,1,1.0,301.9,206.0
16298,2011-06-06 10:06:00,2011-11-17 11:59:00,3,198,598.2,22.15555555555556,22,3,United Kingdom,23,165,1.0,199.4,66.0
16302,2011-08-05 09:44:00,2011-08-05 09:44:00,1,158,233.22,21.201818181818183,11,1,United Kingdom,127,1,1.0,233.22,158.0
16303,2011-01-10 14:16:00,2011-11-14 10:49:00,3,2659,5360.63,33.09030864197531,119,3,United Kingdom,26,308,1.0,1786.8766666666668,886.3333333333334
16305,2011-07-24 12:18:00,2011-07-24 12:18:00,1,256,361.21999999999997,16.419090909090908,22,1,United Kingdom,139,1,1.0,361.21999999999997,256.0
16306,2010-12-07 15:18:00,2011-05-10 12:12:00,6,487,632.27,15.42121951219512,36,4,United Kingdom,214,154,1.5,105.37833333333333,81.16666666666667
16308,2011-03-23 14:46:00,2011-11-02 11:24:00,4,8000,2560.0,640.0,1,4,United Kingdom,38,224,1.0,640.0,2000.0
16309,2011-04-13 11:46:00,2011-08-25 15:35:00,2,467,706.57,16.823095238095238,39,2,United Kingdom,106,135,1.0,353.285,233.5
16311,2011-10-21 13:13:00,2011-11-22 08:54:00,2,394,616.26,16.655675675675674,35,2,United Kingdom,18,32,1.0,308.13,197.0
16313,2011-10-21 09:04:00,2011-12-06 13:02:00,2,165,274.15000000000003,17.134375000000002,16,2,United Kingdom,3,47,1.0,137.07500000000002,82.5
16315,2011-01-13 11:57:00,2011-01-13 11:57:00,1,75,226.37,16.169285714285714,14,1,United Kingdom,331,1,1.0,226.37,75.0
16316,2010-12-16 14:26:00,2011-10-06 13:48:00,8,1484,2938.91,19.46298013245033,120,6,United Kingdom,64,294,1.3333333333333333,367.36375,185.5
16317,2011-02-15 14:30:00,2011-08-12 12:46:00,3,890,1341.65,19.444202898550724,64,3,United Kingdom,120,178,1.0,447.2166666666667,296.6666666666667
16318,2011-11-04 13:05:00,2011-11-04 13:05:00,1,199,328.15,17.271052631578947,19,1,United Kingdom,35,1,1.0,328.15,199.0
16319,2011-05-06 11:27:00,2011-05-06 11:27:00,1,72,404.40000000000003,134.8,3,1,United Kingdom,218,1,1.0,404.40000000000003,72.0
16320,2011-05-10 15:31:00,2011-06-20 15:25:00,2,732,1038.46,18.543928571428573,56,2,Unspecified,172,41,1.0,519.23,366.0
16321,2011-01-20 12:11:00,2011-09-28 14:55:00,5,135,373.65000000000003,31.137500000000003,7,3,Australia,72,252,1.6666666666666667,74.73,27.0
16322,2011-11-03 14:33:00,2011-12-08 15:41:00,2,231,326.75,8.83108108108108,28,2,United Kingdom,1,36,1.0,163.375,115.5
16323,2011-05-27 14:48:00,2011-05-27 14:48:00,1,50,207.50000000000003,207.50000000000003,1,1,United Kingdom,196,1,1.0,207.50000000000003,50.0
16324,2011-06-15 14:26:00,2011-08-03 12:58:00,3,282,428.68,3.6328813559322035,100,2,United Kingdom,128,49,1.5,142.89333333333335,94.0
16325,2011-04-08 09:20:00,2011-10-24 08:48:00,3,194,594.24,33.013333333333335,14,3,United Kingdom,47,199,1.0,198.08,64.66666666666667
16326,2011-01-09 12:01:00,2011-12-04 10:11:00,14,709,3110.96,9.752225705329154,158,9,United Kingdom,6,329,1.5555555555555556,222.21142857142857,50.642857142857146
16327,2010-12-05 12:43:00,2011-11-25 13:23:00,6,2571,3844.22,12.050846394984326,142,6,United Kingdom,14,356,1.0,640.7033333333333,428.5
16330,2011-08-19 17:08:00,2011-11-22 12:24:00,3,147,251.91,6.4592307692307696,39,2,United Kingdom,18,95,1.5,83.97,49.0
16332,2011-02-07 14:16:00,2011-11-11 14:22:00,7,801,1593.2,10.413071895424837,125,6,United Kingdom,28,278,1.1666666666666667,227.6,114.42857142857143
16333,2011-02-03 10:50:00,2011-12-02 12:19:00,22,32184,26626.8,591.7066666666667,9,9,United Kingdom,8,303,2.4444444444444446,1210.3090909090909,1462.909090909091
16337,2011-11-03 10:03:00,2011-11-03 10:03:00,1,87,151.05,15.105,10,1,United Kingdom,37,1,1.0,151.05,87.0
16338,2011-07-05 13:56:00,2011-07-05 13:56:00,1,94,214.79999999999998,19.527272727272727,11,1,United Kingdom,157,1,1.0,214.79999999999998,94.0
16339,2011-02-28 13:41:00,2011-02-28 13:41:00,1,23,109.95,5.4975000000000005,17,1,United Kingdom,284,1,1.0,109.95,23.0
16340,2011-08-24 14:53:00,2011-08-24 14:53:00,1,501,549.07,3.5886928104575166,124,1,United Kingdom,107,1,1.0,549.07,501.0
16341,2011-05-22 13:20:00,2011-11-15 09:12:00,4,1398,1971.87,25.6087012987013,60,3,United Kingdom,25,177,1.3333333333333333,492.9675,349.5
16342,2011-06-13 10:10:00,2011-09-25 14:36:00,4,157,322.41,21.494000000000003,10,4,United Kingdom,75,105,1.0,80.6025,39.25
16343,2011-11-23 17:43:00,2011-11-23 17:45:00,2,195,370.47999999999996,7.882553191489361,29,1,United Kingdom,16,1,2.0,185.23999999999998,97.5
16344,2011-07-04 15:50:00,2011-07-04 15:50:00,1,18,101.10000000000001,50.550000000000004,1,1,United Kingdom,158,1,1.0,101.10000000000001,18.0
16345,2011-10-26 16:03:00,2011-10-26 16:03:00,1,289,575.41,15.14236842105263,35,1,United Kingdom,44,1,1.0,575.41,289.0
16347,2011-11-03 13:01:00,2011-11-28 13:14:00,2,353,887.65,9.648369565217392,61,1,United Kingdom,11,26,2.0,443.825,176.5
16348,2011-04-13 15:49:00,2011-11-07 15:44:00,7,819,1469.45,6.252978723404255,157,5,United Kingdom,32,208,1.4,209.92142857142858,117.0
16349,2011-02-22 12:40:00,2011-02-22 12:40:00,1,9,53.5,5.944444444444445,9,1,United Kingdom,291,1,1.0,53.5,9.0
16350,2011-01-10 09:44:00,2011-11-18 15:53:00,4,545,1116.47,19.58719298245614,40,4,United Kingdom,21,313,1.0,279.1175,136.25
16351,2011-01-11 10:26:00,2011-01-11 10:26:00,1,90,153.9,19.2375,8,1,United Kingdom,333,1,1.0,153.9,90.0
16352,2011-11-02 08:44:00,2011-11-22 10:32:00,2,300,494.44,17.658571428571427,28,1,United Kingdom,18,21,2.0,247.22,150.0
16353,2010-12-05 12:09:00,2011-12-06 12:23:00,23,2006,6675.71,71.0181914893617,51,11,United Kingdom,4,367,2.090909090909091,290.24826086956523,87.21739130434783
16354,2011-09-27 16:28:00,2011-10-07 14:28:00,2,150,395.8,10.148717948717948,38,2,United Kingdom,63,10,1.0,197.9,75.0
16356,2011-03-07 12:31:00,2011-05-26 11:51:00,3,93,211.77,6.831290322580646,20,3,United Kingdom,198,80,1.0,70.59,31.0
16357,2011-05-10 10:35:00,2011-11-06 16:04:00,3,246,658.88,19.378823529411765,31,3,United Kingdom,33,181,1.0,219.62666666666667,82.0
16358,2011-06-08 15:05:00,2011-12-08 15:09:00,4,1302,2027.5,18.60091743119266,82,4,United Kingdom,1,184,1.0,506.875,325.5
16359,2011-01-12 10:49:00,2011-12-02 17:04:00,9,1183,1750.92,26.52909090909091,39,9,United Kingdom,7,325,1.0,194.54666666666668,131.44444444444446
16360,2011-09-12 13:50:00,2011-12-05 12:16:00,6,2144,3512.53,5.305936555891239,365,4,United Kingdom,5,84,1.5,585.4216666666667,357.3333333333333
16361,2011-09-29 13:13:00,2011-11-30 12:32:00,4,421,896.66,8.459056603773584,87,3,United Kingdom,10,62,1.3333333333333333,224.165,105.25
16362,2011-09-09 14:47:00,2011-11-07 13:01:00,5,351,734.77,9.071234567901234,58,3,United Kingdom,32,59,1.6666666666666667,146.954,70.2
16363,2011-10-17 14:14:00,2011-10-17 14:14:00,1,52,109.36000000000001,21.872000000000003,5,1,United Kingdom,53,1,1.0,109.36000000000001,52.0
16364,2011-07-25 14:35:00,2011-11-28 11:27:00,2,280,707.04,13.340377358490565,48,2,United Kingdom,12,126,1.0,353.52,140.0
16365,2010-12-07 17:19:00,2011-11-22 11:24:00,9,504,1540.42,30.2043137254902,45,5,United Kingdom,18,350,1.8,171.1577777777778,56.0
16366,2011-11-21 08:19:00,2011-11-21 08:19:00,1,256,327.3,18.183333333333334,18,1,United Kingdom,19,1,1.0,327.3,256.0
16367,2010-12-12 12:01:00,2011-11-02 13:13:00,2,647,804.49,6.188384615384615,123,2,United Kingdom,37,326,1.0,402.245,323.5
16368,2011-11-11 15:08:00,2011-12-07 13:12:00,2,260,497.43,6.545131578947369,58,2,United Kingdom,2,26,1.0,248.715,130.0
16369,2011-05-27 09:39:00,2011-11-21 16:25:00,3,1035,1553.66,13.166610169491527,91,3,United Kingdom,18,179,1.0,517.8866666666667,345.0
16370,2011-04-28 16:40:00,2011-09-18 15:55:00,4,647,1320.56,5.791929824561404,143,4,United Kingdom,82,143,1.0,330.14,161.75
16372,2011-11-06 12:50:00,2011-11-06 13:08:00,2,166,367.93,3.7930927835051547,86,1,United Kingdom,33,1,2.0,183.965,83.0
16374,2011-03-22 13:46:00,2011-10-04 15:21:00,2,240,473.03000000000003,4.261531531531531,101,2,United Kingdom,66,197,1.0,236.51500000000001,120.0
16376,2011-11-22 16:47:00,2011-12-01 11:38:00,2,694,987.01,7.8960799999999995,104,2,United Kingdom,9,9,1.0,493.505,347.0
16377,2011-03-17 15:41:00,2011-03-17 15:41:00,1,1500,676.2,135.24,5,1,United Kingdom,267,1,1.0,676.2,1500.0
16378,2011-02-02 12:42:00,2011-04-06 15:07:00,3,267,362.95,15.780434782608696,22,2,United Kingdom,247,64,1.5,120.98333333333333,89.0
16379,2011-09-22 09:33:00,2011-12-05 15:38:00,4,1410,2157.4,19.975925925925928,87,3,United Kingdom,4,75,1.3333333333333333,539.35,352.5
16380,2011-10-09 15:40:00,2011-10-09 15:40:00,1,1524,1780.59,55.6434375,28,1,United Kingdom,61,1,1.0,1780.59,1524.0
16383,2011-03-16 13:00:00,2011-09-26 12:45:00,2,475,668.36,6.552549019607843,80,2,United Kingdom,75,194,1.0,334.18,237.5
16384,2011-03-21 10:13:00,2011-09-11 11:19:00,2,260,584.5,17.71212121212121,33,2,United Kingdom,90,175,1.0,292.25,130.0
16385,2010-12-08 12:56:00,2011-10-10 13:12:00,3,261,555.89,9.42186440677966,52,3,United Kingdom,60,307,1.0,185.29666666666665,87.0
16386,2011-03-31 12:19:00,2011-11-11 12:28:00,2,224,317.2,3.6045454545454545,76,2,United Kingdom,29,226,1.0,158.6,112.0
16387,2011-01-21 11:34:00,2011-01-21 11:34:00,1,44,94.36,23.59,4,1,United Kingdom,323,1,1.0,94.36,44.0
16389,2011-03-01 15:47:00,2011-10-17 14:41:00,4,1242,1382.07,40.64911764705882,33,4,United Kingdom,53,230,1.0,345.5175,310.5
16392,2011-03-15 12:11:00,2011-03-15 12:11:00,1,203,221.19,4.915333333333333,41,1,United Kingdom,270,1,1.0,221.19,203.0
16393,2010-12-05 13:10:00,2011-12-07 12:51:00,13,1576,3046.21,9.230939393939394,120,10,United Kingdom,2,367,1.3,234.32384615384615,121.23076923076923
16394,2011-02-23 10:58:00,2011-10-14 09:48:00,5,2604,1555.34,18.73903614457831,61,5,United Kingdom,57,233,1.0,311.068,520.8
16395,2011-01-13 12:10:00,2011-10-10 12:50:00,5,1476,1486.9,7.080476190476191,150,4,United Kingdom,61,271,1.25,297.38,295.2
16398,2011-03-31 09:38:00,2011-07-08 15:16:00,2,758,1705.8,20.802439024390242,75,2,United Kingdom,154,100,1.0,852.9,379.0
16399,2011-04-18 13:46:00,2011-11-20 16:12:00,2,264,408.57,5.596849315068493,68,2,United Kingdom,19,217,1.0,204.285,132.0
16400,2011-09-06 12:27:00,2011-09-06 12:27:00,1,172,303.93,10.480344827586206,28,1,United Kingdom,95,1,1.0,303.93,172.0
16401,2011-01-16 10:56:00,2011-12-08 18:15:00,12,3882,4098.32,22.033978494623653,66,10,United Kingdom,1,327,1.2,341.52666666666664,323.5
16402,2010-12-05 13:42:00,2011-03-20 12:25:00,2,149,299.6,4.993333333333334,55,2,United Kingdom,265,105,1.0,149.8,74.5
16403,2011-01-31 13:39:00,2011-01-31 13:39:00,1,114,177.5,17.75,10,1,United Kingdom,312,1,1.0,177.5,114.0
16404,2011-09-30 14:55:00,2011-09-30 14:55:00,1,157,443.05,19.26304347826087,23,1,United Kingdom,70,1,1.0,443.05,157.0
16405,2011-02-02 17:08:00,2011-02-10 15:24:00,2,187,167.25,33.45,3,1,United Kingdom,302,8,2.0,83.625,93.5
16406,2011-11-21 11:57:00,2011-11-21 11:57:00,1,122,163.07,2.6301612903225804,54,1,United Kingdom,19,1,1.0,163.07,122.0
16407,2011-01-31 14:02:00,2011-11-27 11:05:00,10,1124,2126.93,12.365872093023254,99,8,United Kingdom,13,300,1.25,212.69299999999998,112.4
16409,2011-01-26 14:51:00,2011-11-03 16:45:00,5,1306,2028.88,8.745172413793103,145,5,United Kingdom,36,282,1.0,405.776,261.2
16411,2010-12-05 13:26:00,2011-11-20 13:23:00,2,132,214.65,4.7700000000000005,41,2,United Kingdom,19,350,1.0,107.325,66.0
16412,2011-10-17 12:35:00,2011-10-17 12:35:00,1,73,151.83,4.338,25,1,United Kingdom,54,1,1.0,151.83,73.0
16413,2011-10-14 12:08:00,2011-10-14 12:08:00,1,148,262.2,8.458064516129031,30,1,United Kingdom,57,1,1.0,262.2,148.0
16414,2011-03-04 13:27:00,2011-11-18 09:42:00,2,27,126.25,18.035714285714285,5,2,United Kingdom,22,259,1.0,63.125,13.5
16415,2011-10-26 13:35:00,2011-10-26 13:35:00,1,187,210.35,3.89537037037037,45,1,United Kingdom,44,1,1.0,210.35,187.0
16416,2011-10-14 13:35:00,2011-11-13 12:50:00,3,672,1051.4,14.808450704225354,59,2,United Kingdom,27,30,1.5,350.4666666666667,224.0
16418,2011-04-27 16:54:00,2011-10-26 12:39:00,3,288,675.27,6.620294117647059,76,3,United Kingdom,45,182,1.0,225.09,96.0
16419,2011-02-01 12:25:00,2011-08-19 12:33:00,6,436,972.23,19.063333333333333,36,4,United Kingdom,113,200,1.5,162.03833333333333,72.66666666666667
16422,2010-12-05 15:35:00,2011-11-22 14:00:00,51,33704,34684.4,93.99566395663958,68,12,United Kingdom,17,352,4.25,680.086274509804,660.8627450980392
16423,2011-11-15 09:21:00,2011-11-15 09:21:00,1,230,346.12,19.22888888888889,18,1,United Kingdom,25,1,1.0,346.12,230.0
16424,2011-06-01 13:40:00,2011-06-01 13:40:00,1,88,133.56,26.712,5,1,United Kingdom,191,1,1.0,133.56,88.0
16425,2011-02-10 14:30:00,2011-02-10 14:30:00,1,199,302.7,14.414285714285715,21,1,United Kingdom,302,1,1.0,302.7,199.0
16426,2011-03-08 15:45:00,2011-12-07 14:01:00,10,1243,1908.25,5.129704301075269,211,5,United Kingdom,2,274,2.0,190.825,124.3
16427,2011-02-28 15:18:00,2011-03-21 17:10:00,2,156,241.06,26.784444444444446,8,2,United Kingdom,263,22,1.0,120.53,78.0
16429,2011-08-25 13:54:00,2011-08-25 13:54:00,1,9,284.55,142.275,2,1,United Kingdom,106,1,1.0,284.55,9.0
16430,2011-10-13 14:47:00,2011-10-13 14:47:00,1,103,300.85,50.14166666666667,6,1,United Kingdom,57,1,1.0,300.85,103.0
16431,2011-02-15 14:02:00,2011-05-10 14:09:00,3,453,642.81,7.744698795180722,51,2,United Kingdom,213,85,1.5,214.26999999999998,151.0
16432,2011-10-06 13:59:00,2011-10-06 13:59:00,1,276,287.4,35.925,8,1,United Kingdom,64,1,1.0,287.4,276.0
16433,2011-11-11 14:09:00,2011-11-11 14:09:00,1,106,184.26,10.838823529411764,17,1,United Kingdom,28,1,1.0,184.26,106.0
16434,2011-02-13 12:17:00,2011-11-10 14:28:00,7,767,1522.25,13.965596330275229,88,6,United Kingdom,29,271,1.1666666666666667,217.46428571428572,109.57142857142857
16438,2011-09-18 13:31:00,2011-12-04 10:51:00,5,463,798.35,6.04810606060606,74,4,United Kingdom,6,77,1.25,159.67000000000002,92.6
16440,2011-05-09 12:25:00,2011-12-02 12:02:00,5,2018,3640.67,12.91017730496454,186,4,United Kingdom,8,207,1.25,728.134,403.6
16441,2011-02-21 17:35:00,2011-10-03 17:48:00,2,173,381.2,15.883333333333333,22,2,United Kingdom,67,225,1.0,190.6,86.5
16442,2010-12-14 10:46:00,2011-12-08 11:43:00,3,446,616.79,3.5447701149425286,161,3,United Kingdom,2,360,1.0,205.59666666666666,148.66666666666666
16444,2011-03-20 12:14:00,2011-10-24 13:50:00,4,407,654.67,7.793690476190475,68,4,United Kingdom,46,219,1.0,163.6675,101.75
16445,2011-11-06 12:32:00,2011-11-06 12:32:00,1,111,230.51,3.658888888888889,62,1,United Kingdom,34,1,1.0,230.51,111.0
16446,2011-05-18 09:52:00,2011-12-09 09:15:00,2,80997,168472.5,56157.5,3,2,United Kingdom,1,205,1.0,84236.25,40498.5
16447,2011-07-27 12:45:00,2011-07-27 12:45:00,1,223,259.01,7.194722222222222,34,1,United Kingdom,136,1,1.0,259.01,223.0
16448,2011-05-25 16:28:00,2011-05-25 16:28:00,1,78,188.89000000000001,9.444500000000001,19,1,United Kingdom,198,1,1.0,188.89000000000001,78.0
16449,2011-03-04 12:15:00,2011-05-26 10:25:00,2,367,707.69,17.69225,40,2,United Kingdom,198,83,1.0,353.845,183.5
16450,2011-07-13 11:47:00,2011-07-13 11:47:00,1,200,311.92,28.35636363636364,11,1,United Kingdom,150,1,1.0,311.92,200.0
16451,2011-09-13 09:17:00,2011-09-13 09:17:00,1,120,266.97,19.069285714285716,14,1,United Kingdom,88,1,1.0,266.97,120.0
16454,2011-10-06 16:57:00,2011-10-26 11:40:00,2,3,6.9,3.45,2,1,United Kingdom,45,20,2.0,3.45,1.5
16455,2010-12-03 16:44:00,2011-10-07 12:17:00,7,988,1841.18,18.59777777777778,69,5,United Kingdom,64,308,1.4,263.0257142857143,141.14285714285714
16456,2010-12-01 14:11:00,2011-09-01 13:50:00,5,1148,2158.37,19.444774774774775,80,5,United Kingdom,99,274,1.0,431.674,229.6
16457,2011-05-05 13:19:00,2011-05-05 13:19:00,1,140,208.36,23.151111111111113,9,1,United Kingdom,218,1,1.0,208.36,140.0
16458,2010-12-14 11:51:00,2011-12-07 09:34:00,18,2154,3482.7400000000002,17.241287128712873,52,12,United Kingdom,3,358,1.5,193.48555555555558,119.66666666666667
16460,2011-09-19 10:15:00,2011-11-11 13:46:00,3,879,814.72,6.034962962962963,128,2,United Kingdom,28,54,1.5,271.5733333333333,293.0
16461,2011-06-15 12:07:00,2011-06-15 12:07:00,1,49,151.42,4.588484848484848,31,1,United Kingdom,178,1,1.0,151.42,49.0
16462,2011-03-01 08:58:00,2011-09-27 10:24:00,3,16,136.0,45.333333333333336,1,3,United Kingdom,74,211,1.0,45.333333333333336,5.333333333333333
16463,2011-05-19 14:45:00,2011-11-18 14:01:00,4,1163,1422.4,17.346341463414635,74,3,United Kingdom,21,183,1.3333333333333333,355.6,290.75
16464,2011-07-20 13:53:00,2011-11-20 12:11:00,3,963,1314.68,5.570677966101695,152,3,United Kingdom,20,123,1.0,438.2266666666667,321.0
16466,2011-02-20 11:39:00,2011-11-06 11:35:00,7,789,1603.46,10.834189189189189,103,6,United Kingdom,34,259,1.1666666666666667,229.06571428571428,112.71428571428571
16468,2011-09-26 14:13:00,2011-09-26 14:13:00,1,31,74.9,37.45,2,1,United Kingdom,74,1,1.0,74.9,31.0
16469,2011-04-07 13:11:00,2011-11-16 12:25:00,4,273,650.43,3.5737912087912087,148,3,United Kingdom,24,223,1.3333333333333333,162.6075,68.25
16470,2010-12-16 11:53:00,2011-10-19 12:11:00,4,531,762.39,4.484647058823529,120,4,United Kingdom,52,308,1.0,190.5975,132.75
16471,2011-03-10 09:41:00,2011-03-10 09:41:00,1,141,223.95000000000002,17.22692307692308,13,1,United Kingdom,275,1,1.0,223.95000000000002,141.0
16473,2011-01-07 10:55:00,2011-06-28 09:10:00,3,196,316.11,17.561666666666667,18,3,United Kingdom,165,172,1.0,105.37,65.33333333333333
16474,2011-07-17 14:51:00,2011-12-02 13:02:00,7,943,1871.5,5.198611111111111,237,5,United Kingdom,7,138,1.4,267.35714285714283,134.71428571428572
16475,2011-03-11 09:39:00,2011-09-12 14:37:00,4,319,544.3,19.439285714285713,23,4,United Kingdom,88,186,1.0,136.075,79.75
16477,2010-12-03 12:48:00,2011-10-07 09:44:00,7,1415,2494.46,17.085342465753424,111,6,United Kingdom,64,308,1.1666666666666667,356.3514285714286,202.14285714285714
16478,2011-10-05 12:02:00,2011-11-14 15:51:00,3,224,331.0,19.470588235294116,15,2,United Kingdom,25,41,1.5,110.33333333333333,74.66666666666667
16479,2011-11-29 13:04:00,2011-11-29 13:40:00,2,102,300.83,8.595142857142857,35,1,United Kingdom,10,1,2.0,150.415,51.0
16480,2011-09-25 11:40:00,2011-09-25 11:40:00,1,455,769.29,14.514905660377357,51,1,United Kingdom,76,1,1.0,769.29,455.0
16482,2011-11-24 12:33:00,2011-11-24 12:33:00,1,346,220.62,12.256666666666668,18,1,United Kingdom,16,1,1.0,220.62,346.0
16483,2011-05-31 13:08:00,2011-05-31 13:08:00,1,44,139.35,7.334210526315789,19,1,United Kingdom,192,1,1.0,139.35,44.0
16484,2011-06-02 10:39:00,2011-06-19 12:06:00,2,200,404.3,16.172,25,1,United Kingdom,174,18,2.0,202.15,100.0
16485,2011-09-23 15:50:00,2011-09-23 15:50:00,1,235,363.65,8.658333333333333,41,1,United Kingdom,77,1,1.0,363.65,235.0
16488,2011-07-14 11:46:00,2011-11-06 13:42:00,3,728,498.8,17.2,28,3,United Kingdom,33,116,1.0,166.26666666666668,242.66666666666666
16491,2011-10-24 10:18:00,2011-10-24 10:18:00,1,478,731.5,18.756410256410255,39,1,United Kingdom,47,1,1.0,731.5,478.0
16493,2011-01-14 08:16:00,2011-09-21 11:10:00,4,1164,1351.63,24.13625,40,4,United Kingdom,80,251,1.0,337.9075,291.0
16494,2011-02-16 12:49:00,2011-02-16 12:49:00,1,675,826.53,16.5306,47,1,United Kingdom,297,1,1.0,826.53,675.0
16495,2011-03-08 16:38:00,2011-12-06 13:20:00,3,337,684.41,7.055773195876288,78,2,United Kingdom,3,273,1.5,228.13666666666666,112.33333333333333
16496,2011-01-27 09:42:00,2011-12-01 10:31:00,3,1111,1599.52,16.837052631578945,92,3,United Kingdom,9,309,1.0,533.1733333333333,370.3333333333333
16497,2011-01-10 13:20:00,2011-10-21 10:55:00,6,1396,2965.69,21.80654411764706,128,4,United Kingdom,50,284,1.5,494.2816666666667,232.66666666666666
16498,2011-06-30 19:52:00,2011-07-01 15:07:00,2,45,100.97,6.731333333333334,15,2,United Kingdom,161,1,1.0,50.485,22.5
16499,2010-12-10 10:27:00,2010-12-14 13:31:00,2,127,365.45,19.23421052631579,18,1,United Kingdom,360,5,2.0,182.725,63.5
16500,2011-01-13 10:28:00,2011-12-05 12:04:00,6,123,400.86,36.441818181818185,8,3,United Kingdom,5,327,2.0,66.81,20.5
16503,2010-12-14 13:50:00,2011-08-25 11:46:00,4,569,1431.93,17.046785714285715,71,4,United Kingdom,107,254,1.0,357.9825,142.25
16504,2011-11-14 15:18:00,2011-11-14 15:18:00,1,524,484.38,5.632325581395349,76,1,United Kingdom,25,1,1.0,484.38,524.0
16505,2011-11-08 12:14:00,2011-11-08 12:14:00,1,576,777.6,194.4,4,1,United Kingdom,32,1,1.0,777.6,576.0
16506,2011-10-30 15:50:00,2011-11-20 12:17:00,2,42,90.30000000000001,30.100000000000005,3,2,United Kingdom,20,21,1.0,45.150000000000006,21.0
16509,2011-02-16 09:25:00,2011-02-16 09:25:00,1,64,363.7,27.976923076923075,13,1,United Kingdom,297,1,1.0,363.7,64.0
16510,2010-12-02 13:39:00,2010-12-02 13:39:00,1,92,248.1,19.084615384615383,13,1,United Kingdom,372,1,1.0,248.1,92.0
16511,2011-03-18 11:24:00,2011-11-18 10:41:00,3,417,950.26,5.6228402366863905,135,3,United Kingdom,22,245,1.0,316.75333333333333,139.0
16513,2011-10-27 14:56:00,2011-12-05 10:18:00,4,407,874.59,24.988285714285716,33,3,United Kingdom,5,39,1.3333333333333333,218.6475,101.75
16515,2011-02-01 13:09:00,2011-10-18 13:10:00,5,833,1627.13,14.399380530973453,89,5,United Kingdom,52,260,1.0,325.42600000000004,166.6
16516,2011-11-09 14:59:00,2011-11-09 14:59:00,1,58,101.69999999999999,16.95,6,1,United Kingdom,30,1,1.0,101.69999999999999,58.0
16517,2011-03-07 13:50:00,2011-03-07 13:50:00,1,96,162.7,9.570588235294117,17,1,United Kingdom,277,1,1.0,162.7,96.0
16518,2011-02-28 16:36:00,2011-10-09 15:04:00,2,327,484.32,12.108,36,2,United Kingdom,61,223,1.0,242.16,163.5
16519,2010-12-09 14:08:00,2011-11-14 15:41:00,2,54,215.07999999999998,16.544615384615383,13,2,United Kingdom,25,341,1.0,107.53999999999999,27.0
16520,2010-12-09 13:08:00,2011-06-06 13:24:00,3,558,1046.57,6.708782051282051,129,3,United Kingdom,186,180,1.0,348.8566666666666,186.0
16523,2011-01-28 12:06:00,2011-12-08 09:06:00,21,4265,9418.470000000001,32.477482758620695,151,11,United Kingdom,2,314,1.9090909090909092,448.4985714285715,203.0952380952381
16525,2010-12-08 11:31:00,2011-12-07 15:07:00,26,7397,13027.45,71.18825136612023,75,12,United Kingdom,2,365,2.1666666666666665,501.0557692307693,284.5
16526,2011-06-21 12:02:00,2011-06-21 12:02:00,1,106,290.36,19.357333333333333,15,1,United Kingdom,172,1,1.0,290.36,106.0
16527,2011-09-19 16:21:00,2011-09-19 16:21:00,1,106,228.06,16.29,14,1,United Kingdom,81,1,1.0,228.06,106.0
16528,2011-12-06 12:45:00,2011-12-06 12:45:00,1,171,244.41,14.377058823529412,17,1,United Kingdom,4,1,1.0,244.41,171.0
16529,2011-06-02 17:23:00,2011-06-02 17:23:00,1,198,455.25,15.175,30,1,United Kingdom,190,1,1.0,455.25,198.0
16531,2010-12-14 13:19:00,2011-11-17 16:29:00,7,915,1244.59,16.163506493506492,68,6,United Kingdom,22,339,1.1666666666666667,177.79857142857142,130.71428571428572
16532,2011-01-05 12:37:00,2011-11-22 11:08:00,3,2016,6748.8,1687.2,2,3,United Kingdom,18,321,1.0,2249.6,672.0
16533,2011-10-02 15:07:00,2011-11-20 13:08:00,3,612,1095.56,6.189604519774011,112,2,United Kingdom,19,49,1.5,365.18666666666667,204.0
16535,2011-12-04 15:18:00,2011-12-04 15:18:00,1,356,593.75,19.153225806451612,31,1,United Kingdom,5,1,1.0,593.75,356.0
16536,2011-08-21 15:54:00,2011-08-21 15:54:00,1,251,548.97,9.981272727272728,49,1,United Kingdom,110,1,1.0,548.97,251.0
16539,2010-12-01 15:40:00,2011-12-07 08:41:00,4,477,1388.81,30.862444444444442,36,3,United Kingdom,3,371,1.3333333333333333,347.2025,119.25
16542,2011-10-17 10:47:00,2011-10-17 10:47:00,1,46,119.62,23.924,5,1,United Kingdom,54,1,1.0,119.62,46.0
16545,2011-06-28 10:37:00,2011-06-28 10:37:00,1,78,339.3,113.10000000000001,3,1,United Kingdom,165,1,1.0,339.3,78.0
16546,2010-12-02 12:07:00,2011-02-22 11:20:00,2,549,787.15,31.486,25,2,United Kingdom,291,82,1.0,393.575,274.5
16549,2011-01-09 14:03:00,2011-11-29 15:06:00,10,2365,4154.64,4.235107033639144,445,5,United Kingdom,10,325,2.0,415.46400000000006,236.5
16550,2010-12-06 13:53:00,2011-08-23 11:12:00,5,1540,2298.97,9.159243027888445,162,4,United Kingdom,109,260,1.25,459.794,308.0
16551,2011-01-07 10:24:00,2011-09-05 09:38:00,3,970,922.12,28.81625,26,3,United Kingdom,96,241,1.0,307.37333333333333,323.3333333333333
16552,2010-12-01 12:36:00,2011-04-11 10:04:00,2,219,379.73,22.337058823529414,17,2,United Kingdom,243,131,1.0,189.865,109.5
16553,2010-12-14 13:58:00,2011-06-29 15:42:00,12,4600,5719.82,68.09309523809523,62,6,United Kingdom,163,198,2.0,476.65166666666664,383.3333333333333
16554,2011-01-12 12:41:00,2011-10-28 14:51:00,3,402,837.1,16.098076923076924,51,3,United Kingdom,42,290,1.0,279.03333333333336,134.0
16555,2011-08-22 12:32:00,2011-11-04 14:31:00,2,175,285.89,16.81705882352941,15,2,United Kingdom,35,75,1.0,142.945,87.5
16556,2010-12-14 13:32:00,2011-10-04 11:36:00,7,1890,3313.79,16.008647342995168,144,7,United Kingdom,67,294,1.0,473.3985714285714,270.0
16557,2011-07-25 13:28:00,2011-11-15 14:04:00,2,111,281.85,25.622727272727275,11,2,United Kingdom,24,114,1.0,140.925,55.5
16558,2010-12-08 12:01:00,2011-12-09 10:20:00,20,5377,8338.49,18.127152173913043,264,13,United Kingdom,1,366,1.5384615384615385,416.92449999999997,268.85
16560,2010-12-16 14:36:00,2011-11-13 10:35:00,2,500,841.41,15.02517857142857,52,2,United Kingdom,27,332,1.0,420.705,250.0
16561,2011-10-11 09:53:00,2011-12-04 11:50:00,2,244,511.12,16.48774193548387,29,2,United Kingdom,6,55,1.0,255.56,122.0
16563,2011-10-17 11:51:00,2011-10-17 11:51:00,1,486,1077.74,56.72315789473684,19,1,United Kingdom,54,1,1.0,1077.74,486.0
16565,2010-12-10 15:21:00,2010-12-10 15:21:00,1,46,173.7,57.9,3,1,United Kingdom,364,1,1.0,173.7,46.0
16566,2011-02-20 10:29:00,2011-11-24 16:34:00,5,362,614.66,34.147777777777776,14,5,United Kingdom,15,278,1.0,122.93199999999999,72.4
16567,2011-01-07 09:31:00,2011-05-29 13:57:00,2,996,865.6,24.731428571428573,34,2,United Kingdom,194,143,1.0,432.8,498.0
16569,2011-12-06 15:32:00,2011-12-06 15:32:00,1,93,124.2,24.84,5,1,United Kingdom,3,1,1.0,124.2,93.0
16570,2011-02-01 10:37:00,2011-11-24 17:02:00,10,2112,3738.4,29.66984126984127,68,7,United Kingdom,15,297,1.4285714285714286,373.84000000000003,211.2
16571,2011-03-03 09:41:00,2011-11-13 11:46:00,3,1239,1421.69,16.34126436781609,73,3,United Kingdom,27,256,1.0,473.8966666666667,413.0
16572,2011-03-09 12:04:00,2011-08-04 16:34:00,3,532,1009.6,17.712280701754388,40,3,United Kingdom,127,149,1.0,336.53333333333336,177.33333333333334
16573,2011-02-22 15:14:00,2011-09-16 09:13:00,2,360,663.61,15.800238095238095,40,2,United Kingdom,85,206,1.0,331.805,180.0
16574,2011-09-29 13:39:00,2011-09-29 13:39:00,1,416,451.44,16.122857142857143,28,1,United Kingdom,71,1,1.0,451.44,416.0
16581,2011-06-10 10:05:00,2011-06-10 10:05:00,1,134,105.84,11.76,9,1,United Kingdom,183,1,1.0,105.84,134.0
16582,2011-08-18 17:02:00,2011-08-18 17:02:00,1,164,313.62,52.27,6,1,United Kingdom,113,1,1.0,313.62,164.0
16583,2010-12-01 12:03:00,2010-12-01 12:03:00,1,111,233.45,16.675,14,1,United Kingdom,374,1,1.0,233.45,111.0
16584,2011-03-30 13:14:00,2011-09-20 13:45:00,2,646,936.08,33.431428571428576,25,2,United Kingdom,80,175,1.0,468.04,323.0
16586,2011-04-05 09:32:00,2011-04-05 09:32:00,1,95,463.95,57.99375,8,1,United Kingdom,249,1,1.0,463.95,95.0
16587,2011-04-21 15:51:00,2011-04-21 15:51:00,1,71,225.15,17.31923076923077,13,1,United Kingdom,232,1,1.0,225.15,71.0
16589,2011-07-01 13:31:00,2011-09-29 14:50:00,3,368,459.24,13.916363636363636,31,3,United Kingdom,71,91,1.0,153.08,122.66666666666667
16591,2011-10-02 10:43:00,2011-10-02 10:43:00,1,41,213.5,21.35,10,1,United Kingdom,69,1,1.0,213.5,41.0
16592,2011-02-25 10:19:00,2011-12-05 13:49:00,16,2927,4113.68,19.044814814814817,142,8,United Kingdom,4,284,2.0,257.105,182.9375
16593,2011-01-16 12:11:00,2011-10-20 12:41:00,3,116,330.03,12.223333333333333,24,3,United Kingdom,51,278,1.0,110.00999999999999,38.666666666666664
16594,2011-09-25 14:08:00,2011-09-25 14:08:00,1,64,181.09,3.416792452830189,53,1,United Kingdom,75,1,1.0,181.09,64.0
16595,2011-10-09 13:15:00,2011-10-09 13:15:00,1,335,360.16,4.237176470588236,83,1,United Kingdom,61,1,1.0,360.16,335.0
16596,2010-12-08 16:18:00,2011-11-24 10:02:00,2,97,250.15,20.845833333333335,12,2,United Kingdom,16,351,1.0,125.075,48.5
16597,2011-12-05 15:44:00,2011-12-05 15:44:00,1,184,90.04,12.862857142857143,7,1,United Kingdom,4,1,1.0,90.04,184.0
16598,2011-02-27 11:42:00,2011-02-27 11:42:00,1,73,145.04999999999998,14.504999999999999,10,1,United Kingdom,286,1,1.0,145.04999999999998,73.0
16600,2011-01-05 12:13:00,2011-12-05 16:00:00,6,1145,813.52,13.121290322580645,50,5,United Kingdom,4,335,1.2,135.58666666666667,190.83333333333334
16601,2011-10-30 11:09:00,2011-10-30 11:09:00,1,134,244.79999999999998,7.896774193548387,29,1,United Kingdom,41,1,1.0,244.79999999999998,134.0
16602,2011-11-03 15:54:00,2011-11-03 15:54:00,1,336,528.08,18.209655172413793,29,1,United Kingdom,36,1,1.0,528.08,336.0
16603,2011-09-09 13:02:00,2011-09-26 10:06:00,2,480,482.47,14.19029411764706,34,1,United Kingdom,75,17,2.0,241.235,240.0
16607,2010-12-16 08:41:00,2011-11-22 10:24:00,14,2859,3347.71,19.46343023255814,140,10,United Kingdom,18,342,1.4,239.12214285714285,204.21428571428572
16609,2011-04-01 10:11:00,2011-11-24 13:32:00,7,2420,5493.46,19.903840579710145,155,5,United Kingdom,15,238,1.4,784.78,345.7142857142857
16610,2011-05-04 13:13:00,2011-05-04 13:13:00,1,66,75.66,12.61,6,1,United Kingdom,219,1,1.0,75.66,66.0
16611,2011-06-06 15:46:00,2011-06-06 15:46:00,1,47,129.49,12.949000000000002,9,1,United Kingdom,186,1,1.0,129.49,47.0
16612,2011-02-01 10:38:00,2011-11-07 07:38:00,4,506,1187.66,17.994848484848486,48,4,United Kingdom,33,279,1.0,296.915,126.5
16613,2011-09-30 15:52:00,2011-09-30 15:52:00,1,293,618.59,20.619666666666667,30,1,United Kingdom,70,1,1.0,618.59,293.0
16614,2011-06-10 11:36:00,2011-06-10 11:36:00,1,223,506.19,19.468846153846155,26,1,United Kingdom,183,1,1.0,506.19,223.0
16616,2011-07-05 13:38:00,2011-11-24 16:31:00,2,370,500.42,15.164242424242424,31,2,United Kingdom,15,143,1.0,250.21,185.0
16617,2011-04-18 10:35:00,2011-04-18 10:35:00,1,91,151.85,30.369999999999997,5,1,United Kingdom,236,1,1.0,151.85,91.0
16618,2011-01-21 11:55:00,2011-11-08 13:52:00,5,1363,2647.59,27.579062500000003,79,4,United Kingdom,31,292,1.25,529.518,272.6
16619,2011-03-21 08:18:00,2011-03-21 08:18:00,1,133,226.21,16.157857142857143,14,1,United Kingdom,264,1,1.0,226.21,133.0
16620,2011-03-24 10:37:00,2011-12-06 12:19:00,2,88,178.96,19.884444444444444,9,2,United Kingdom,4,258,1.0,89.48,44.0
16621,2011-03-07 11:32:00,2011-10-19 11:38:00,4,302,813.48,28.05103448275862,22,4,United Kingdom,52,227,1.0,203.37,75.5
16623,2011-04-08 10:09:00,2011-04-08 10:09:00,1,39,129.45,25.889999999999997,5,1,United Kingdom,246,1,1.0,129.45,39.0
16624,2011-05-26 14:20:00,2011-09-20 12:39:00,2,488,810.5699999999999,16.886875,44,2,United Kingdom,81,117,1.0,405.28499999999997,244.0
16625,2011-03-10 12:50:00,2011-03-10 12:50:00,1,164,333.08,14.481739130434782,23,1,United Kingdom,275,1,1.0,333.08,164.0
16626,2011-03-18 12:27:00,2011-12-09 11:56:00,17,2690,4413.1,24.65418994413408,86,8,United Kingdom,1,266,2.125,259.59411764705885,158.23529411764707
16627,2011-09-21 14:38:00,2011-09-21 14:38:00,1,162,322.8,16.14,20,1,United Kingdom,79,1,1.0,322.8,162.0
16628,2011-04-19 08:55:00,2011-11-10 12:45:00,5,1205,2188.05,18.701282051282053,79,5,United Kingdom,30,206,1.0,437.61,241.0
16629,2011-09-04 16:12:00,2011-09-27 10:34:00,2,493,417.73,6.52703125,58,1,United Kingdom,74,23,2.0,208.865,246.5
16633,2011-04-19 14:36:00,2011-11-22 13:41:00,6,1138,2883.1,18.967763157894737,115,6,United Kingdom,17,217,1.0,480.51666666666665,189.66666666666666
16634,2010-12-02 17:41:00,2011-05-01 12:09:00,2,82,217.9,24.211111111111112,9,2,United Kingdom,223,150,1.0,108.95,41.0
16637,2011-04-28 10:20:00,2011-11-07 13:17:00,4,927,1154.47,16.73144927536232,66,4,United Kingdom,32,194,1.0,288.6175,231.75
16638,2010-12-06 10:19:00,2011-11-17 11:09:00,10,1255,1680.72,17.88,92,7,United Kingdom,23,347,1.4285714285714286,168.072,125.5
16639,2011-04-18 09:31:00,2011-11-08 13:20:00,3,510,1257.51,25.150199999999998,48,3,United Kingdom,31,205,1.0,419.17,170.0
16641,2011-08-26 12:49:00,2011-08-26 12:49:00,1,256,231.10000000000002,19.258333333333336,12,1,United Kingdom,106,1,1.0,231.10000000000002,256.0
16642,2011-05-16 12:35:00,2011-12-05 11:31:00,2,479,688.33,20.245,32,2,United Kingdom,5,203,1.0,344.165,239.5
16643,2011-04-08 08:24:00,2011-04-08 08:24:00,1,269,487.51,18.055925925925926,27,1,United Kingdom,246,1,1.0,487.51,269.0
16644,2011-05-11 12:53:00,2011-06-15 12:39:00,2,826,833.78,13.448064516129032,62,2,United Kingdom,178,35,1.0,416.89,413.0
16647,2011-05-19 09:31:00,2011-06-23 11:47:00,2,146,214.06,15.290000000000001,12,2,United Kingdom,170,36,1.0,107.03,73.0
16648,2011-10-28 08:58:00,2011-10-28 08:58:00,1,281,290.65999999999997,15.297894736842103,19,1,United Kingdom,43,1,1.0,290.65999999999997,281.0
16650,2011-09-29 09:51:00,2011-09-29 09:51:00,1,372,518.42,21.60083333333333,24,1,United Kingdom,72,1,1.0,518.42,372.0
16652,2011-03-11 13:13:00,2011-10-12 09:38:00,7,3283,6773.97,57.406525423728816,74,5,United Kingdom,59,215,1.4,967.71,469.0
16653,2011-09-29 13:38:00,2011-11-23 14:51:00,2,733,1212.66,17.574782608695653,67,2,United Kingdom,16,56,1.0,606.33,366.5
16654,2010-12-06 15:09:00,2011-07-21 15:23:00,4,282,601.27,20.733448275862067,29,4,United Kingdom,141,228,1.0,150.3175,70.5
16655,2011-01-12 10:16:00,2011-11-22 11:25:00,6,2367,3794.52,14.538390804597702,208,5,United Kingdom,18,315,1.2,632.42,394.5
16656,2010-12-10 11:23:00,2011-11-17 14:43:00,15,8894,8625.8,118.16164383561643,14,11,United Kingdom,22,343,1.3636363636363635,575.0533333333333,592.9333333333333
16657,2011-03-30 12:02:00,2011-11-30 11:48:00,4,1229,933.62,4.488557692307692,158,3,United Kingdom,10,245,1.3333333333333333,233.405,307.25
16658,2010-12-06 13:47:00,2010-12-06 13:47:00,1,40,123.24,15.405,8,1,United Kingdom,368,1,1.0,123.24,40.0
16659,2011-06-03 15:03:00,2011-06-03 15:03:00,1,72,39.12,19.56,2,1,United Kingdom,189,1,1.0,39.12,72.0
16660,2011-01-24 12:44:00,2011-11-23 14:53:00,4,571,1267.6499999999999,79.22812499999999,16,3,United Kingdom,16,304,1.3333333333333333,316.91249999999997,142.75
16665,2010-12-12 14:03:00,2010-12-12 14:03:00,1,59,135.39999999999998,15.044444444444443,9,1,United Kingdom,362,1,1.0,135.39999999999998,59.0
16666,2011-11-20 14:01:00,2011-11-20 14:01:00,1,233,118.98,3.718125,32,1,United Kingdom,19,1,1.0,118.98,233.0
16667,2011-02-28 12:57:00,2011-10-02 15:26:00,2,237,570.13,10.757169811320754,52,2,United Kingdom,68,217,1.0,285.065,118.5
16668,2011-02-28 12:46:00,2011-11-24 17:43:00,6,318,306.71999999999997,15.335999999999999,9,6,United Kingdom,15,270,1.0,51.12,53.0
16669,2011-09-22 14:13:00,2011-11-16 12:26:00,3,888,1374.8700000000001,8.592937500000001,141,2,United Kingdom,24,55,1.5,458.29,296.0
16670,2010-12-16 10:30:00,2011-11-23 09:34:00,11,2556,4095.9,16.25357142857143,179,8,United Kingdom,17,342,1.375,372.3545454545455,232.36363636363637
16671,2011-06-28 11:20:00,2011-11-11 13:40:00,3,875,1692.27,282.045,3,2,United Kingdom,28,137,1.5,564.09,291.6666666666667
16672,2011-03-18 10:15:00,2011-12-07 16:29:00,20,2832,8134.9400000000005,71.35912280701754,22,9,United Kingdom,2,265,2.2222222222222223,406.747,141.6
16674,2011-09-02 13:59:00,2011-10-16 11:31:00,2,188,319.61,3.261326530612245,89,2,United Kingdom,55,44,1.0,159.805,94.0
16676,2011-01-06 13:00:00,2011-11-06 12:01:00,4,636,1592.1200000000001,17.888988764044946,75,4,United Kingdom,34,304,1.0,398.03000000000003,159.0
16678,2011-03-02 09:24:00,2011-12-07 12:17:00,12,2397,3109.99,19.07969325153374,92,8,United Kingdom,3,281,1.5,259.1658333333333,199.75
16679,2010-12-08 13:51:00,2010-12-08 13:51:00,1,29,129.75,43.25,3,1,United Kingdom,366,1,1.0,129.75,29.0
16680,2011-10-27 17:35:00,2011-10-27 17:35:00,1,94,183.7,18.369999999999997,10,1,United Kingdom,43,1,1.0,183.7,94.0
16681,2011-03-31 13:46:00,2011-09-28 11:11:00,6,1407,1770.34,40.235,18,5,United Kingdom,73,181,1.2,295.0566666666667,234.5
16682,2011-06-05 11:02:00,2011-12-05 12:13:00,5,1040,1028.0,34.266666666666666,15,5,United Kingdom,5,184,1.0,205.6,208.0
16684,2010-12-16 17:34:00,2011-12-05 14:06:00,28,50255,66653.56,240.6265703971119,119,9,United Kingdom,4,354,3.111111111111111,2380.4842857142858,1794.8214285714287
16685,2011-10-09 13:44:00,2011-10-09 13:58:00,2,396,324.24,5.2296774193548385,60,1,United Kingdom,61,1,2.0,162.12,198.0
16686,2010-12-19 14:41:00,2011-10-23 13:49:00,7,2030,3062.83,5.235606837606838,406,7,United Kingdom,47,308,1.0,437.54714285714283,290.0
16688,2011-10-10 12:23:00,2011-12-08 15:24:00,4,804,1260.86,20.336451612903225,52,3,United Kingdom,1,60,1.3333333333333333,315.215,201.0
16689,2011-09-18 13:29:00,2011-09-25 11:39:00,2,330,422.59999999999997,32.5076923076923,12,1,United Kingdom,76,7,2.0,211.29999999999998,165.0
16690,2011-05-22 10:53:00,2011-09-28 15:02:00,2,138,225.57999999999998,18.798333333333332,10,2,United Kingdom,72,130,1.0,112.78999999999999,69.0
16692,2011-02-23 15:41:00,2011-03-28 14:46:00,2,152,1276.0,425.3333333333333,2,2,United Kingdom,256,33,1.0,638.0,76.0
16693,2011-03-13 11:06:00,2011-10-02 11:10:00,2,204,482.01,8.0335,58,2,United Kingdom,69,204,1.0,241.005,102.0
16696,2011-04-05 15:20:00,2011-07-27 14:23:00,4,146,657.9000000000001,65.79,7,3,United Kingdom,135,113,1.3333333333333333,164.47500000000002,36.5
16697,2011-04-12 17:12:00,2011-04-12 17:12:00,1,27,112.75,5.369047619047619,20,1,United Kingdom,241,1,1.0,112.75,27.0
16698,2011-03-31 13:33:00,2011-04-27 10:52:00,2,840,1998.0,399.6,4,2,United Kingdom,227,27,1.0,999.0,420.0
16700,2010-12-08 16:34:00,2011-12-01 11:00:00,13,4024,5076.55,16.482305194805196,159,12,United Kingdom,9,358,1.0833333333333333,390.50384615384615,309.53846153846155
16701,2010-12-13 11:51:00,2011-12-01 11:10:00,13,6393,5398.3,37.488194444444446,99,10,United Kingdom,9,353,1.3,415.25384615384615,491.7692307692308
16705,2010-12-16 10:51:00,2011-12-09 12:08:00,20,5476,14034.99,51.98144444444444,133,9,United Kingdom,1,359,2.2222222222222223,701.7495,273.8
16706,2011-08-17 15:53:00,2011-11-02 13:50:00,3,249,531.35,4.319918699186992,108,3,United Kingdom,37,77,1.0,177.11666666666667,83.0
16708,2011-10-25 12:20:00,2011-10-25 12:20:00,1,285,656.63,24.31962962962963,27,1,United Kingdom,46,1,1.0,656.63,285.0
16709,2011-03-03 10:55:00,2011-09-16 10:56:00,5,851,3029.87,38.35278481012658,64,4,United Kingdom,85,198,1.25,605.9739999999999,170.2
16710,2010-12-06 13:13:00,2011-11-20 14:50:00,10,1836,2483.04,6.1767164179104475,268,6,United Kingdom,19,350,1.6666666666666667,248.304,183.6
16711,2010-12-17 12:43:00,2011-12-06 16:32:00,5,833,1651.03,75.04681818181818,18,5,United Kingdom,3,355,1.0,330.206,166.6
16712,2011-03-08 15:07:00,2011-11-30 13:48:00,11,1749,3645.43,8.155324384787471,259,6,United Kingdom,9,267,1.8333333333333333,331.40272727272725,159.0
16713,2010-12-08 13:01:00,2011-11-21 12:36:00,15,4276,6923.13,11.094759615384616,338,10,United Kingdom,19,348,1.5,461.54200000000003,285.06666666666666
16714,2011-01-26 13:40:00,2011-05-05 11:09:00,3,610,1161.53,12.489569892473117,77,2,United Kingdom,219,99,1.5,387.1766666666667,203.33333333333334
16715,2011-09-22 18:15:00,2011-09-22 18:15:00,1,642,301.71999999999997,15.879999999999999,19,1,United Kingdom,78,1,1.0,301.71999999999997,642.0
16716,2011-02-01 15:35:00,2011-03-18 10:03:00,2,120,901.2,450.6,1,2,United Kingdom,267,45,1.0,450.6,60.0
16717,2010-12-08 16:48:00,2011-11-16 12:16:00,6,1866,3858.38,19.38884422110553,176,4,United Kingdom,24,343,1.5,643.0633333333334,311.0
16718,2010-12-05 13:03:00,2010-12-05 13:03:00,1,413,623.75,13.86111111111111,41,1,United Kingdom,369,1,1.0,623.75,413.0
16719,2010-12-06 12:06:00,2011-11-25 09:27:00,7,1204,1790.42,8.907562189054726,107,7,United Kingdom,15,354,1.0,255.77428571428572,172.0
16720,2011-11-13 16:22:00,2011-11-13 16:22:00,1,182,155.24,5.74962962962963,25,1,United Kingdom,26,1,1.0,155.24,182.0
16721,2011-03-22 16:08:00,2011-03-22 16:08:00,1,172,292.47,7.904594594594595,37,1,United Kingdom,262,1,1.0,292.47,172.0
16722,2010-12-06 12:59:00,2011-11-22 13:28:00,13,5001,4730.81,21.025822222222224,96,10,United Kingdom,17,352,1.3,363.90846153846155,384.6923076923077
16723,2011-08-24 11:31:00,2011-09-09 13:01:00,2,399,589.15,13.701162790697675,37,2,United Kingdom,91,17,1.0,294.575,199.5
16725,2010-12-03 16:02:00,2011-02-10 16:52:00,7,294,781.02,5.172317880794702,110,3,United Kingdom,302,70,2.3333333333333335,111.57428571428571,42.0
16726,2010-12-13 13:28:00,2011-11-13 14:53:00,5,977,1382.02,7.470378378378379,121,4,United Kingdom,26,336,1.25,276.404,195.4
16727,2010-12-10 13:48:00,2010-12-10 13:48:00,1,177,272.82,5.9308695652173915,41,1,United Kingdom,364,1,1.0,272.82,177.0
16728,2011-03-20 13:28:00,2011-10-24 14:36:00,4,677,1054.67,3.9207063197026026,218,4,United Kingdom,46,219,1.0,263.6675,169.25
16729,2011-04-12 14:22:00,2011-11-01 14:29:00,21,5783,7239.92,10.969575757575758,234,8,United Kingdom,38,204,2.625,344.7580952380952,275.3809523809524
16730,2011-01-24 14:01:00,2011-10-18 14:11:00,3,994,743.11,9.062317073170732,75,3,United Kingdom,52,268,1.0,247.70333333333335,331.3333333333333
16732,2011-11-08 09:54:00,2011-11-08 09:54:00,1,317,603.75,21.5625,28,1,United Kingdom,32,1,1.0,603.75,317.0
16734,2011-08-17 15:00:00,2011-10-18 13:44:00,3,346,650.51,12.27377358490566,44,2,United Kingdom,52,62,1.5,216.83666666666667,115.33333333333333
16735,2011-01-09 12:53:00,2011-09-22 11:49:00,5,1573,2300.56,18.40448,88,3,United Kingdom,79,256,1.6666666666666667,460.11199999999997,314.6
16737,2011-10-17 13:03:00,2011-10-17 13:03:00,1,288,417.59999999999997,417.59999999999997,1,1,United Kingdom,53,1,1.0,417.59999999999997,288.0
16738,2011-02-15 09:46:00,2011-02-15 09:46:00,1,3,3.75,3.75,1,1,United Kingdom,298,1,1.0,3.75,3.0
16739,2011-06-16 09:17:00,2011-06-16 09:17:00,1,172,323.0,24.846153846153847,13,1,United Kingdom,177,1,1.0,323.0,172.0
16742,2011-10-24 12:02:00,2011-10-24 12:02:00,1,1,464.9,464.9,1,1,United Kingdom,47,1,1.0,464.9,1.0
16743,2010-12-16 12:15:00,2011-11-10 13:13:00,7,2047,2238.09,11.717748691099477,89,6,United Kingdom,29,330,1.1666666666666667,319.7271428571429,292.42857142857144
16744,2011-06-19 15:13:00,2011-11-28 13:06:00,7,805,1304.76,5.391570247933884,198,5,United Kingdom,11,162,1.4,186.3942857142857,115.0
16745,2011-02-01 11:31:00,2011-09-14 11:58:00,17,6735,7194.3,20.152100840336136,148,8,United Kingdom,87,226,2.125,423.1941176470588,396.1764705882353
16746,2010-12-16 11:43:00,2011-12-05 12:33:00,18,4665,6697.66,14.91683741648107,234,11,United Kingdom,5,355,1.6363636363636365,372.09222222222223,259.1666666666667
16747,2011-10-03 10:18:00,2011-11-02 11:37:00,2,583,836.06,19.906190476190474,34,2,United Kingdom,38,31,1.0,418.03,291.5
16748,2011-01-09 13:50:00,2011-11-22 10:17:00,5,880,1515.9,21.969565217391306,42,4,United Kingdom,18,317,1.25,303.18,176.0
16750,2011-04-21 16:53:00,2011-10-26 12:48:00,5,214,623.93,6.567684210526315,74,5,United Kingdom,45,188,1.0,124.78599999999999,42.8
16751,2011-11-09 10:48:00,2011-11-09 10:48:00,1,1031,1764.72,70.5888,24,1,United Kingdom,31,1,1.0,1764.72,1031.0
16752,2010-12-02 12:18:00,2010-12-02 12:18:00,1,54,207.5,23.055555555555557,9,1,United Kingdom,373,1,1.0,207.5,54.0
16753,2011-10-12 13:14:00,2011-10-12 13:14:00,1,189,223.92000000000002,6.5858823529411765,34,1,United Kingdom,58,1,1.0,223.92000000000002,189.0
16754,2010-12-02 17:38:00,2010-12-02 17:38:00,1,4280,2002.4,1001.2,2,1,United Kingdom,372,1,1.0,2002.4,4280.0
16755,2011-01-28 10:47:00,2011-08-17 13:21:00,3,1064,1496.83,8.804882352941176,133,3,United Kingdom,114,202,1.0,498.9433333333333,354.6666666666667
16756,2011-05-09 09:33:00,2011-05-09 09:33:00,1,106,239.4,18.415384615384617,13,1,United Kingdom,215,1,1.0,239.4,106.0
16757,2011-01-25 11:59:00,2011-01-25 11:59:00,1,81,106.83000000000001,15.261428571428572,7,1,United Kingdom,319,1,1.0,106.83000000000001,81.0
16758,2011-10-05 14:47:00,2011-10-05 14:47:00,1,203,369.34000000000003,16.78818181818182,22,1,United Kingdom,65,1,1.0,369.34000000000003,203.0
16759,2011-11-09 09:06:00,2011-12-02 12:42:00,3,609,789.79,18.804523809523808,40,2,United Kingdom,8,24,1.5,263.2633333333333,203.0
16761,2011-09-04 11:15:00,2011-09-04 11:15:00,1,341,316.62,24.355384615384615,13,1,United Kingdom,97,1,1.0,316.62,341.0
16762,2011-07-18 12:52:00,2011-11-20 11:43:00,3,618,1501.38,16.869438202247192,51,3,United Kingdom,20,125,1.0,500.46000000000004,206.0
16763,2011-05-25 11:52:00,2011-05-25 11:52:00,1,319,611.85,26.60217391304348,23,1,United Kingdom,199,1,1.0,611.85,319.0
16764,2011-07-19 17:17:00,2011-12-06 11:41:00,13,1259,2799.25,3.9649433427762037,209,6,United Kingdom,4,140,2.1666666666666665,215.32692307692307,96.84615384615384
16765,2011-02-18 15:41:00,2011-02-18 15:41:00,1,4,34.0,34.0,1,1,United Kingdom,294,1,1.0,34.0,4.0
16766,2011-03-11 13:34:00,2011-03-11 15:22:00,2,536,1145.6,33.69411764705882,17,1,United Kingdom,273,1,2.0,572.8,268.0
16767,2011-01-27 13:38:00,2011-11-09 09:42:00,11,4435,5580.6,25.13783783783784,148,8,United Kingdom,31,286,1.375,507.32727272727277,403.1818181818182
16768,2011-03-13 10:25:00,2011-10-23 10:38:00,3,196,478.09000000000003,8.85351851851852,47,3,United Kingdom,48,225,1.0,159.36333333333334,65.33333333333333
16769,2011-03-24 13:41:00,2011-03-24 13:41:00,1,83,380.39,9.50975,33,1,United Kingdom,260,1,1.0,380.39,83.0
16770,2010-12-02 15:49:00,2011-10-13 12:21:00,5,464,770.1,5.311034482758621,116,4,United Kingdom,58,315,1.25,154.02,92.8
16771,2011-01-05 13:57:00,2011-11-06 13:28:00,5,1489,2246.81,8.811019607843138,200,5,United Kingdom,33,305,1.0,449.36199999999997,297.8
16773,2011-10-13 14:37:00,2011-10-13 14:37:00,1,171,171.59,6.599615384615385,23,1,United Kingdom,57,1,1.0,171.59,171.0
16774,2011-06-14 12:45:00,2011-10-03 12:41:00,4,322,661.52,13.781666666666666,36,4,United Kingdom,68,111,1.0,165.38,80.5
16775,2010-12-07 15:15:00,2011-11-29 15:22:00,11,440,1695.66,10.732025316455697,84,10,United Kingdom,10,358,1.1,154.1509090909091,40.0
16776,2011-10-10 13:04:00,2011-10-10 13:04:00,1,262,388.28,5.1089473684210525,61,1,United Kingdom,60,1,1.0,388.28,262.0
16777,2011-03-27 14:34:00,2011-09-20 13:41:00,2,64,226.35,4.527,45,2,United Kingdom,80,177,1.0,113.175,32.0
16778,2011-03-10 15:21:00,2011-09-26 13:48:00,2,194,245.94,15.37125,16,2,United Kingdom,74,200,1.0,122.97,97.0
16779,2010-12-08 09:56:00,2011-12-07 14:54:00,22,5325,10629.720000000001,31.921081081081084,161,12,United Kingdom,2,365,1.8333333333333333,483.169090909091,242.04545454545453
16780,2011-03-25 17:34:00,2011-08-31 16:09:00,2,271,425.19,7.0865,51,2,United Kingdom,100,159,1.0,212.595,135.5
16781,2010-12-02 14:26:00,2010-12-02 14:26:00,1,113,311.25,18.308823529411764,17,1,United Kingdom,372,1,1.0,311.25,113.0
16782,2010-12-09 11:28:00,2011-11-29 13:20:00,13,712,2279.9,11.999473684210527,103,8,United Kingdom,10,356,1.625,175.37692307692308,54.76923076923077
16784,2011-11-20 12:20:00,2011-11-20 12:20:00,1,24,107.6,35.86666666666667,3,1,United Kingdom,20,1,1.0,107.6,24.0
16788,2011-03-30 13:05:00,2011-08-08 14:53:00,2,311,597.48,3.854709677419355,138,2,United Kingdom,123,132,1.0,298.74,155.5
16789,2011-12-01 15:12:00,2011-12-01 15:12:00,1,32,80.8,16.16,5,1,United Kingdom,8,1,1.0,80.8,32.0
16790,2011-11-02 11:23:00,2011-12-06 11:53:00,6,898,1545.6200000000001,16.61956989247312,88,2,United Kingdom,4,35,3.0,257.60333333333335,149.66666666666666
16791,2011-01-11 15:42:00,2011-11-10 19:12:00,7,763,1721.78,5.3805625,218,6,United Kingdom,29,304,1.1666666666666667,245.96857142857144,109.0
16792,2011-03-02 14:39:00,2011-03-02 14:41:00,2,44,110.38000000000001,9.198333333333334,11,1,United Kingdom,282,1,2.0,55.190000000000005,22.0
16793,2011-10-13 15:08:00,2011-10-13 15:08:00,1,146,243.84,15.24,16,1,United Kingdom,57,1,1.0,243.84,146.0
16794,2011-06-12 14:15:00,2011-12-08 17:54:00,10,937,1222.71,4.290210526315789,142,7,United Kingdom,1,180,1.4285714285714286,122.271,93.7
16795,2010-12-09 14:08:00,2010-12-09 14:08:00,1,239,414.88,6.286060606060606,64,1,United Kingdom,365,1,1.0,414.88,239.0
16796,2011-09-11 14:01:00,2011-09-11 14:01:00,1,186,305.62,16.97888888888889,18,1,United Kingdom,89,1,1.0,305.62,186.0
16800,2011-11-28 14:06:00,2011-11-28 14:06:00,1,540,1201.49,7.326158536585366,148,1,United Kingdom,11,1,1.0,1201.49,540.0
16801,2011-03-11 13:56:00,2011-06-29 15:33:00,4,499,1619.73,21.312236842105264,72,3,United Kingdom,163,111,1.3333333333333333,404.9325,124.75
16803,2011-10-05 14:28:00,2011-10-05 14:28:00,1,245,332.3,13.845833333333333,24,1,United Kingdom,65,1,1.0,332.3,245.0
16804,2011-03-14 15:48:00,2011-11-16 16:43:00,3,246,536.99,8.949833333333334,59,2,United Kingdom,23,248,1.5,178.99666666666667,82.0
16805,2010-12-14 13:35:00,2011-06-19 11:23:00,2,539,460.59,4.699897959183673,94,2,United Kingdom,174,187,1.0,230.295,269.5
16806,2011-04-14 19:59:00,2011-08-28 15:27:00,4,378,801.49,7.781456310679611,68,4,United Kingdom,103,136,1.0,200.3725,94.5
16807,2011-03-14 09:46:00,2011-07-20 12:00:00,3,778,1121.59,16.740149253731342,57,3,United Kingdom,143,129,1.0,373.8633333333333,259.3333333333333
16808,2011-03-10 19:05:00,2011-09-01 19:34:00,2,196,288.42,12.540000000000001,21,2,United Kingdom,99,176,1.0,144.21,98.0
16809,2011-03-22 15:20:00,2011-11-16 15:45:00,5,652,914.69,6.138859060402685,79,5,United Kingdom,23,240,1.0,182.93800000000002,130.4
16810,2011-05-31 15:32:00,2011-05-31 15:32:00,1,114,309.54,20.636000000000003,15,1,United Kingdom,192,1,1.0,309.54,114.0
16811,2011-11-22 17:19:00,2011-12-05 11:39:00,2,477,547.07,19.538214285714286,26,2,United Kingdom,5,13,1.0,273.535,238.5
16812,2010-12-14 12:35:00,2010-12-14 12:35:00,1,81,479.35,31.956666666666667,15,1,United Kingdom,361,1,1.0,479.35,81.0
16813,2011-05-19 13:28:00,2011-12-01 14:03:00,10,1525,1692.98,3.7705567928730512,248,7,United Kingdom,8,197,1.4285714285714286,169.298,152.5
16814,2010-12-05 11:45:00,2011-11-25 13:27:00,21,2769,6509.1,20.089814814814815,122,12,United Kingdom,14,356,1.75,309.95714285714286,131.85714285714286
16816,2010-12-16 17:01:00,2011-08-28 14:16:00,4,274,417.06,14.895,28,4,United Kingdom,103,255,1.0,104.265,68.5
16817,2010-12-06 14:19:00,2011-12-07 11:03:00,9,822,1604.75,18.65988372093023,73,7,United Kingdom,3,366,1.2857142857142858,178.30555555555554,91.33333333333333
16818,2011-05-18 11:42:00,2011-11-29 10:41:00,11,2164,3349.57,17.81686170212766,172,6,United Kingdom,11,195,1.8333333333333333,304.50636363636363,196.72727272727272
16820,2011-09-05 12:06:00,2011-09-05 12:06:00,1,307,497.61,19.138846153846153,26,1,United Kingdom,96,1,1.0,497.61,307.0
16823,2011-04-26 15:00:00,2011-04-26 15:00:00,1,136,358.38,9.431052631578947,34,1,United Kingdom,227,1,1.0,358.38,136.0
16824,2011-06-28 13:36:00,2011-11-24 12:38:00,2,236,460.64,17.716923076923077,23,2,United Kingdom,16,149,1.0,230.32,118.0
16825,2011-06-07 09:44:00,2011-11-01 11:51:00,2,566,775.1800000000001,27.685000000000002,27,2,United Kingdom,39,148,1.0,387.59000000000003,283.0
16826,2011-10-19 14:05:00,2011-10-19 14:05:00,1,158,341.7,15.531818181818181,22,1,United Kingdom,51,1,1.0,341.7,158.0
16828,2011-08-19 13:24:00,2011-09-07 15:10:00,2,59,128.5,16.0625,8,2,United Kingdom,93,20,1.0,64.25,29.5
16829,2011-07-06 10:48:00,2011-07-06 10:48:00,1,99,197.22,17.92909090909091,11,1,United Kingdom,157,1,1.0,197.22,99.0
16830,2011-11-01 11:35:00,2011-11-01 11:35:00,1,264,325.91,14.170000000000002,23,1,United Kingdom,39,1,1.0,325.91,264.0
16832,2011-05-06 14:12:00,2011-06-08 15:36:00,3,33,199.15,16.595833333333335,11,2,United Kingdom,184,34,1.5,66.38333333333334,11.0
16833,2011-01-09 13:02:00,2011-12-08 14:39:00,4,440,1106.53,23.5431914893617,46,3,United Kingdom,1,334,1.3333333333333333,276.6325,110.0
16834,2011-04-26 09:37:00,2011-04-26 09:37:00,1,358,413.46,17.2275,24,1,United Kingdom,228,1,1.0,413.46,358.0
16835,2010-12-01 17:15:00,2011-08-03 13:50:00,2,61,180.85,18.085,10,2,United Kingdom,128,245,1.0,90.425,30.5
16836,2011-08-15 12:38:00,2011-10-31 10:05:00,2,165,251.87,22.89727272727273,11,2,United Kingdom,40,77,1.0,125.935,82.5
16837,2011-04-08 08:48:00,2011-11-08 14:27:00,11,1563,3170.98,19.218060606060607,123,5,United Kingdom,31,215,2.2,288.2709090909091,142.0909090909091
16838,2011-02-24 15:01:00,2011-05-26 13:13:00,2,185,588.85,23.554000000000002,24,2,United Kingdom,197,91,1.0,294.425,92.5
16839,2010-12-05 11:15:00,2011-12-01 09:03:00,34,8975,16594.35,62.38477443609022,114,12,United Kingdom,9,361,2.8333333333333335,488.06911764705876,263.97058823529414
16841,2011-02-25 12:40:00,2011-11-03 11:51:00,6,2250,1869.82,16.119137931034484,101,5,United Kingdom,37,251,1.2,311.63666666666666,375.0
16842,2011-02-10 14:51:00,2011-08-31 10:42:00,3,693,1264.19,20.066507936507936,45,3,United Kingdom,101,202,1.0,421.3966666666667,231.0
16843,2011-01-16 16:10:00,2011-10-28 09:06:00,16,10159,10196.57,26.97505291005291,226,8,United Kingdom,43,285,2.0,637.285625,634.9375
16846,2011-10-20 13:55:00,2011-10-20 13:55:00,1,135,214.32,19.483636363636364,11,1,United Kingdom,50,1,1.0,214.32,135.0
16847,2011-10-27 13:29:00,2011-10-27 13:29:00,1,78,193.44,16.12,12,1,United Kingdom,43,1,1.0,193.44,78.0
16848,2011-10-18 08:42:00,2011-10-18 08:42:00,1,182,281.42,20.101428571428574,14,1,United Kingdom,53,1,1.0,281.42,182.0
16849,2011-06-06 09:16:00,2011-06-06 09:16:00,1,33,124.57,15.57125,8,1,United Kingdom,187,1,1.0,124.57,33.0
16850,2011-01-10 11:09:00,2011-01-10 11:09:00,1,249,332.41,17.495263157894737,19,1,United Kingdom,334,1,1.0,332.41,249.0
16851,2011-10-19 09:48:00,2011-12-05 13:32:00,3,271,342.45,17.1225,17,2,United Kingdom,4,48,1.5,114.14999999999999,90.33333333333333
16852,2011-06-16 15:49:00,2011-11-29 13:22:00,2,56,144.91000000000003,16.101111111111113,9,2,United Kingdom,10,166,1.0,72.45500000000001,28.0
16855,2011-10-27 16:31:00,2011-11-16 12:03:00,2,164,328.4,17.28421052631579,19,2,United Kingdom,24,20,1.0,164.2,82.0
16856,2011-11-25 08:59:00,2011-11-25 08:59:00,1,12,35.400000000000006,17.700000000000003,2,1,United Kingdom,15,1,1.0,35.400000000000006,12.0
16858,2010-12-06 09:52:00,2010-12-06 09:52:00,1,91,375.69000000000005,37.569,9,1,United Kingdom,369,1,1.0,375.69000000000005,91.0
16859,2011-03-23 13:39:00,2011-07-18 12:19:00,2,827,747.81,14.380961538461538,50,2,United Kingdom,145,117,1.0,373.905,413.5
16861,2011-07-04 15:38:00,2011-10-11 09:05:00,2,140,173.76,28.959999999999997,6,2,United Kingdom,60,99,1.0,86.88,70.0
16863,2010-12-08 08:58:00,2011-11-08 15:26:00,2,409,502.8,19.338461538461537,25,2,United Kingdom,31,336,1.0,251.4,204.5
16866,2011-07-01 12:34:00,2011-07-22 10:06:00,3,60,207.73999999999998,18.885454545454543,10,1,United Kingdom,141,21,3.0,69.24666666666666,20.0
16869,2011-06-17 13:01:00,2011-11-17 12:02:00,4,585,825.42,6.44859375,113,3,United Kingdom,23,153,1.3333333333333333,206.355,146.25
16871,2011-03-14 10:31:00,2011-11-17 19:27:00,6,1253,2812.34,20.528029197080293,131,4,United Kingdom,22,249,1.5,468.72333333333336,208.83333333333334
16872,2011-06-08 14:32:00,2011-09-23 16:05:00,3,600,680.02,97.14571428571428,5,3,United Kingdom,77,108,1.0,226.67333333333332,200.0
16873,2010-12-10 15:45:00,2011-12-05 12:05:00,6,3840,7123.62,25.53268817204301,179,6,United Kingdom,5,360,1.0,1187.27,640.0
16875,2011-01-04 10:37:00,2011-10-03 13:39:00,5,1069,2095.53,18.710089285714286,93,4,United Kingdom,67,273,1.25,419.10600000000005,213.8
16877,2011-05-15 16:13:00,2011-11-27 13:47:00,6,463,853.72,5.369308176100629,111,4,United Kingdom,12,196,1.5,142.28666666666666,77.16666666666667
16878,2011-09-16 17:39:00,2011-09-16 17:39:00,1,12,13.3,4.433333333333334,3,1,United Kingdom,84,1,1.0,13.3,12.0
16880,2011-06-03 16:45:00,2011-11-09 11:33:00,7,753,1519.08,8.534157303370787,121,5,United Kingdom,31,159,1.4,217.01142857142855,107.57142857142857
16881,2011-10-04 10:33:00,2011-10-04 10:33:00,1,600,432.0,432.0,1,1,United Kingdom,67,1,1.0,432.0,600.0
16882,2011-01-26 17:43:00,2011-10-04 10:42:00,3,424,705.12,18.080000000000002,39,3,United Kingdom,67,251,1.0,235.04,141.33333333333334
16883,2010-12-03 10:33:00,2011-06-05 12:51:00,2,104,276.73,7.282368421052632,33,2,United Kingdom,187,185,1.0,138.365,52.0
16884,2011-11-02 10:16:00,2011-11-02 11:52:00,2,320,429.84000000000003,16.532307692307693,26,1,United Kingdom,38,1,2.0,214.92000000000002,160.0
16885,2010-12-17 17:23:00,2011-11-24 13:40:00,3,184,471.51,4.668415841584158,82,3,United Kingdom,15,342,1.0,157.17,61.333333333333336
16887,2011-11-04 14:07:00,2011-11-04 14:07:00,1,157,194.88,5.2670270270270265,35,1,United Kingdom,35,1,1.0,194.88,157.0
16889,2011-01-07 10:47:00,2011-05-29 11:05:00,3,925,1578.67,11.693851851851852,112,3,United Kingdom,195,143,1.0,526.2233333333334,308.3333333333333
16891,2010-12-03 11:35:00,2011-12-08 11:15:00,5,283,809.7,3.9886699507389163,166,5,United Kingdom,2,370,1.0,161.94,56.6
16892,2011-06-09 11:35:00,2011-12-08 13:18:00,5,239,525.54,5.308484848484848,87,3,United Kingdom,1,183,1.6666666666666667,105.10799999999999,47.8
16893,2010-12-08 12:06:00,2010-12-08 12:06:00,1,62,145.93,3.242888888888889,44,1,United Kingdom,367,1,1.0,145.93,62.0
16895,2011-10-06 12:15:00,2011-10-06 12:15:00,1,102,219.14,3.175942028985507,57,1,United Kingdom,65,1,1.0,219.14,102.0
16897,2011-01-30 11:52:00,2011-02-13 15:02:00,2,73,289.78,7.831891891891891,37,2,United Kingdom,299,15,1.0,144.89,36.5
16898,2010-12-06 12:23:00,2011-11-13 15:44:00,3,419,508.81,3.1408024691358025,150,3,United Kingdom,26,343,1.0,169.60333333333332,139.66666666666666
16899,2010-12-14 13:11:00,2011-12-02 12:03:00,6,522,1281.56,10.25248,80,6,United Kingdom,8,353,1.0,213.59333333333333,87.0
16900,2011-10-07 13:17:00,2011-11-23 10:32:00,3,833,887.11,11.229240506329115,78,2,United Kingdom,17,47,1.5,295.7033333333333,277.6666666666667
16902,2011-08-15 14:17:00,2011-08-15 14:17:00,1,629,1706.88,38.79272727272728,43,1,United Kingdom,116,1,1.0,1706.88,629.0
16903,2011-11-10 15:32:00,2011-11-10 15:32:00,1,262,373.24,6.220666666666667,50,1,United Kingdom,29,1,1.0,373.24,262.0
16904,2010-12-07 13:29:00,2011-12-05 13:10:00,16,2034,3754.27,5.287704225352113,387,11,United Kingdom,4,363,1.4545454545454546,234.641875,127.125
16905,2010-12-03 10:43:00,2011-12-04 14:01:00,7,1408,3102.43,14.915528846153846,117,6,United Kingdom,5,367,1.1666666666666667,443.2042857142857,201.14285714285714
16906,2011-04-05 12:30:00,2011-09-19 11:49:00,4,281,579.77,6.234086021505376,74,4,United Kingdom,82,167,1.0,144.9425,70.25
16907,2010-12-09 16:52:00,2011-11-10 18:04:00,5,298,981.65,6.500993377483444,89,5,United Kingdom,29,337,1.0,196.32999999999998,59.6
16909,2011-09-28 16:45:00,2011-09-28 16:45:00,1,436,379.14,21.063333333333333,18,1,United Kingdom,72,1,1.0,379.14,436.0
16910,2011-09-09 14:14:00,2011-12-05 12:51:00,8,886,1510.06,2.7606215722120657,318,4,United Kingdom,4,87,2.0,188.7575,110.75
16912,2011-01-20 15:42:00,2011-11-11 12:18:00,11,1029,2575.38,25.49881188118812,88,6,United Kingdom,29,295,1.8333333333333333,234.12545454545455,93.54545454545455
16913,2011-02-22 12:56:00,2011-02-22 12:56:00,1,82,113.44,14.18,8,1,United Kingdom,290,1,1.0,113.44,82.0
16914,2011-11-03 15:27:00,2011-11-03 15:27:00,1,121,208.46,5.4857894736842105,25,1,United Kingdom,36,1,1.0,208.46,121.0
16915,2011-03-01 09:52:00,2011-11-30 16:39:00,6,132,621.6800000000001,10.906666666666668,46,6,United Kingdom,9,275,1.0,103.61333333333334,22.0
16916,2010-12-02 13:14:00,2011-11-16 12:08:00,2,440,576.26,4.029790209790209,129,2,United Kingdom,24,349,1.0,288.13,220.0
16917,2011-03-08 11:55:00,2011-03-08 11:55:00,1,232,391.52,43.50222222222222,9,1,United Kingdom,277,1,1.0,391.52,232.0
16918,2011-01-26 17:37:00,2011-10-21 12:50:00,6,721,1068.82,8.35015625,97,4,United Kingdom,50,268,1.5,178.13666666666666,120.16666666666667
16919,2010-12-06 12:52:00,2011-07-06 13:35:00,11,1413,2596.45,7.940214067278287,141,5,United Kingdom,156,213,2.2,236.04090909090908,128.45454545454547
16921,2011-10-09 16:22:00,2011-10-09 16:22:00,1,171,169.79,2.829833333333333,50,1,United Kingdom,61,1,1.0,169.79,171.0
16923,2010-12-12 11:06:00,2011-11-27 13:00:00,19,3417,7247.61,10.785133928571428,313,10,United Kingdom,12,351,1.9,381.4531578947368,179.8421052631579
16924,2011-09-16 12:54:00,2011-11-18 12:53:00,3,493,846.75,10.201807228915662,69,3,United Kingdom,21,63,1.0,282.25,164.33333333333334
16926,2010-12-03 13:42:00,2010-12-03 13:42:00,1,35,230.25,16.446428571428573,14,1,United Kingdom,371,1,1.0,230.25,35.0
16927,2010-12-13 11:57:00,2011-08-16 11:10:00,3,993,543.05,90.50833333333333,5,3,United Kingdom,116,246,1.0,181.01666666666665,331.0
16928,2010-12-01 15:21:00,2011-09-20 15:10:00,17,2114,2847.6,13.62488038277512,69,9,United Kingdom,80,293,1.8888888888888888,167.50588235294117,124.3529411764706
16929,2011-07-07 12:39:00,2011-12-06 08:37:00,7,929,1295.39,16.823246753246753,51,5,United Kingdom,4,152,1.4,185.0557142857143,132.71428571428572
16930,2011-10-02 14:25:00,2011-11-13 16:13:00,3,341,380.55,7.0472222222222225,47,2,United Kingdom,26,43,1.5,126.85000000000001,113.66666666666667
16931,2010-12-05 11:40:00,2011-12-04 13:15:00,21,3158,4604.22,5.127193763919822,448,13,United Kingdom,5,365,1.6153846153846154,219.24857142857144,150.38095238095238
16932,2011-10-17 14:12:00,2011-10-17 14:12:00,1,87,161.94,3.0554716981132075,44,1,United Kingdom,53,1,1.0,161.94,87.0
16933,2011-04-14 13:33:00,2011-12-08 12:54:00,2,288,563.23,12.800681818181818,42,2,United Kingdom,1,238,1.0,281.615,144.0
16934,2011-10-16 12:25:00,2011-10-16 12:40:00,2,399,950.9300000000001,15.33758064516129,59,1,United Kingdom,55,1,2.0,475.46500000000003,199.5
16936,2011-11-14 11:04:00,2011-11-14 11:04:00,1,173,262.68,4.608421052631579,56,1,United Kingdom,26,1,1.0,262.68,173.0
16938,2011-02-04 09:34:00,2011-12-01 10:20:00,4,2540,2736.38,11.354273858921163,212,3,United Kingdom,9,301,1.3333333333333333,684.095,635.0
16940,2011-02-23 12:27:00,2011-10-18 13:15:00,3,2169,3049.88,9.99960655737705,226,3,United Kingdom,52,238,1.0,1016.6266666666667,723.0
16942,2011-04-26 11:59:00,2011-11-27 12:40:00,9,811,1920.59,6.834839857651246,159,5,United Kingdom,13,216,1.8,213.39888888888888,90.11111111111111
16943,2011-01-25 14:00:00,2011-05-12 11:57:00,3,145,816.73,24.74939393939394,23,3,United Kingdom,212,107,1.0,272.24333333333334,48.333333333333336
16945,2010-12-16 17:49:00,2011-11-18 11:39:00,19,2725,4345.5,17.451807228915662,137,10,United Kingdom,22,337,1.9,228.71052631578948,143.42105263157896
16947,2011-04-18 09:38:00,2011-04-18 09:38:00,1,312,406.48,19.356190476190477,21,1,United Kingdom,236,1,1.0,406.48,312.0
16948,2011-01-18 10:58:00,2011-07-24 12:46:00,3,1614,435.02,22.89578947368421,15,3,United Kingdom,139,188,1.0,145.00666666666666,538.0
16949,2011-01-27 12:11:00,2011-12-06 11:07:00,6,791,1286.27,21.437833333333334,57,6,United Kingdom,4,313,1.0,214.37833333333333,131.83333333333334
16950,2010-12-07 15:20:00,2011-10-14 09:06:00,3,644,1178.56,28.06095238095238,39,3,United Kingdom,57,311,1.0,392.8533333333333,214.66666666666666
16951,2011-02-08 14:58:00,2011-07-28 12:05:00,3,1318,1277.75,14.857558139534884,73,2,United Kingdom,135,170,1.5,425.9166666666667,439.3333333333333
16952,2011-08-22 12:58:00,2011-08-22 13:03:00,2,92,167.61,10.475625,16,1,United Kingdom,109,1,2.0,83.805,46.0
16953,2011-11-09 15:54:00,2011-11-09 15:54:00,1,10,20.8,20.8,1,1,United Kingdom,30,1,1.0,20.8,10.0
16954,2010-12-15 10:41:00,2011-12-09 09:46:00,9,1054,2085.08,38.61259259259259,40,6,United Kingdom,1,359,1.5,231.67555555555555,117.11111111111111
16955,2010-12-01 13:31:00,2011-06-08 10:36:00,4,266,518.67,20.746799999999997,18,3,United Kingdom,185,189,1.3333333333333333,129.6675,66.5
16956,2011-11-22 08:56:00,2011-11-22 08:56:00,1,114,308.74,19.29625,16,1,United Kingdom,18,1,1.0,308.74,114.0
16957,2011-03-03 09:25:00,2011-04-14 13:56:00,2,172,416.64,26.04,15,2,United Kingdom,239,43,1.0,208.32,86.0
16959,2011-09-13 15:03:00,2011-09-13 15:03:00,1,49,117.35000000000001,16.764285714285716,7,1,United Kingdom,87,1,1.0,117.35000000000001,49.0
16960,2011-04-01 11:54:00,2011-11-01 11:35:00,3,304,507.05,5.02029702970297,92,3,United Kingdom,39,214,1.0,169.01666666666668,101.33333333333333
16961,2011-08-15 13:46:00,2011-08-15 13:46:00,1,125,234.17,16.72642857142857,14,1,United Kingdom,116,1,1.0,234.17,125.0
16963,2011-06-05 13:48:00,2011-06-05 13:48:00,1,35,110.55000000000001,15.792857142857144,7,1,United Kingdom,187,1,1.0,110.55000000000001,35.0
16965,2011-04-27 12:08:00,2011-04-27 12:08:00,1,291,201.19,7.738076923076923,26,1,United Kingdom,227,1,1.0,201.19,291.0
16966,2011-04-13 14:17:00,2011-12-01 13:40:00,7,1981,2154.97,76.96321428571427,8,6,United Kingdom,8,232,1.1666666666666667,307.8528571428571,283.0
16967,2011-06-03 14:24:00,2011-06-03 14:24:00,1,333,319.02,15.19142857142857,21,1,United Kingdom,189,1,1.0,319.02,333.0
16968,2011-08-24 10:51:00,2011-12-05 15:02:00,2,326,439.43,14.175161290322581,31,2,United Kingdom,4,104,1.0,219.715,163.0
16969,2011-06-01 12:10:00,2011-10-31 13:12:00,3,816,650.41,15.48595238095238,42,3,United Kingdom,39,153,1.0,216.8033333333333,272.0
16971,2011-11-01 15:06:00,2011-11-01 15:06:00,1,72,357.21,8.712439024390243,40,1,United Kingdom,38,1,1.0,357.21,72.0
16976,2011-03-17 16:33:00,2011-03-17 16:33:00,1,88,251.51999999999998,125.75999999999999,2,1,United Kingdom,267,1,1.0,251.51999999999998,88.0
16978,2011-09-23 12:50:00,2011-09-23 12:50:00,1,166,344.33,8.828974358974358,39,1,United Kingdom,78,1,1.0,344.33,166.0
16979,2011-02-15 09:20:00,2011-12-06 12:21:00,6,865,1852.0,20.808988764044944,64,5,United Kingdom,4,295,1.2,308.6666666666667,144.16666666666666
16980,2011-02-21 12:58:00,2011-03-29 16:36:00,2,788,1078.96,12.401839080459771,71,2,United Kingdom,255,37,1.0,539.48,394.0
16982,2011-10-10 12:28:00,2011-10-10 12:28:00,1,182,384.06,17.457272727272727,22,1,United Kingdom,61,1,1.0,384.06,182.0
16983,2010-12-05 12:34:00,2011-11-27 12:10:00,7,1379,1931.25,13.048986486486486,112,6,United Kingdom,13,357,1.1666666666666667,275.89285714285717,197.0
16984,2011-08-01 17:37:00,2011-09-12 13:43:00,2,2423,4481.35,11.010687960687962,354,2,United Kingdom,88,42,1.0,2240.675,1211.5
16985,2010-12-16 10:38:00,2011-11-22 13:33:00,10,1832,5464.12,45.53433333333333,62,7,United Kingdom,17,342,1.4285714285714286,546.412,183.2
16986,2011-11-09 15:52:00,2011-11-10 11:55:00,2,1040,1873.2,624.4,3,1,United Kingdom,30,1,2.0,936.6,520.0
16987,2011-05-18 15:55:00,2011-12-06 17:26:00,7,402,1625.05,12.597286821705426,74,4,United Kingdom,3,203,1.75,232.15,57.42857142857143
16988,2011-12-04 16:02:00,2011-12-04 16:02:00,1,43,126.12,18.017142857142858,7,1,United Kingdom,5,1,1.0,126.12,43.0
16989,2011-07-12 09:11:00,2011-12-02 16:39:00,6,1233,1133.25,94.4375,7,5,United Kingdom,7,144,1.2,188.875,205.5
16990,2011-05-05 08:30:00,2011-05-05 08:30:00,1,100,179.0,179.0,1,1,United Kingdom,219,1,1.0,179.0,100.0
16992,2011-02-28 10:37:00,2011-11-29 11:50:00,5,860,1614.31,17.358172043010754,84,4,United Kingdom,11,275,1.25,322.86199999999997,172.0
16996,2010-12-21 13:22:00,2011-11-09 16:43:00,6,544,1456.96,39.3772972972973,13,5,United Kingdom,30,324,1.2,242.82666666666668,90.66666666666667
16997,2011-01-18 11:51:00,2011-02-24 17:28:00,3,360,702.0,58.5,7,2,United Kingdom,288,38,1.5,234.0,120.0
16998,2011-02-08 15:42:00,2011-07-13 09:44:00,4,76,295.0,73.75,1,3,United Kingdom,150,155,1.3333333333333333,73.75,19.0
16999,2011-09-26 15:43:00,2011-11-16 13:53:00,2,294,484.82,21.07913043478261,21,2,United Kingdom,23,51,1.0,242.41,147.0
17001,2010-12-16 09:35:00,2011-12-09 09:38:00,11,2164,3989.57,23.606923076923078,75,11,United Kingdom,1,359,1.0,362.6881818181818,196.72727272727272
17002,2011-02-22 11:46:00,2011-09-15 12:40:00,3,679,1493.73,30.484285714285715,41,3,United Kingdom,86,206,1.0,497.91,226.33333333333334
17004,2011-09-08 12:16:00,2011-10-24 14:25:00,2,819,1412.94,32.11227272727273,38,2,United Kingdom,46,47,1.0,706.47,409.5
17006,2011-09-25 12:15:00,2011-12-05 12:09:00,4,272,781.78,17.76772727272727,37,3,United Kingdom,5,71,1.3333333333333333,195.445,68.0
17007,2010-12-17 13:57:00,2011-10-20 10:47:00,6,597,889.9300000000001,17.114038461538463,50,4,United Kingdom,51,307,1.5,148.3216666666667,99.5
17010,2011-11-21 14:49:00,2011-11-21 14:49:00,1,118,195.36,17.76,11,1,United Kingdom,18,1,1.0,195.36,118.0
17011,2011-11-09 13:30:00,2011-11-09 13:30:00,1,186,270.9,18.06,15,1,United Kingdom,30,1,1.0,270.9,186.0
17014,2011-10-04 11:36:00,2011-12-01 14:09:00,3,245,586.33,7.923378378378379,63,3,United Kingdom,8,59,1.0,195.44333333333336,81.66666666666667
17015,2011-06-07 13:19:00,2011-11-11 10:45:00,3,1981,1842.56,8.491059907834101,182,3,United Kingdom,29,157,1.0,614.1866666666666,660.3333333333334
17017,2010-12-02 10:17:00,2011-12-07 09:32:00,20,6673,8694.26,34.50103174603175,88,10,United Kingdom,3,370,2.0,434.713,333.65
17018,2011-01-18 08:46:00,2011-10-30 11:42:00,2,176,920.1,57.50625,15,2,United Kingdom,41,286,1.0,460.05,88.0
17019,2010-12-06 12:55:00,2011-11-28 13:06:00,4,827,1272.61,5.4385042735042735,166,4,United Kingdom,11,358,1.0,318.1525,206.75
17022,2011-11-08 17:09:00,2011-11-08 17:09:00,1,108,71.0,10.142857142857142,7,1,United Kingdom,31,1,1.0,71.0,108.0
17024,2011-07-05 09:31:00,2011-10-25 13:47:00,3,69,95.85,31.95,2,3,United Kingdom,45,113,1.0,31.95,23.0
17025,2010-12-01 15:45:00,2011-10-10 09:06:00,3,235,357.77,39.75222222222222,8,2,United Kingdom,61,313,1.5,119.25666666666666,78.33333333333333
17026,2010-12-05 12:47:00,2011-06-07 14:28:00,2,97,154.82999999999998,38.707499999999996,4,2,United Kingdom,185,185,1.0,77.41499999999999,48.5
17027,2011-01-26 14:19:00,2011-09-22 12:24:00,6,421,890.29,5.818888888888889,110,5,United Kingdom,79,239,1.2,148.38166666666666,70.16666666666667
17029,2011-04-17 10:57:00,2011-08-21 11:06:00,2,400,716.0,358.0,1,2,United Kingdom,111,127,1.0,358.0,200.0
17030,2011-10-07 08:49:00,2011-10-07 08:49:00,1,146,146.87,13.351818181818182,11,1,United Kingdom,64,1,1.0,146.87,146.0
17031,2011-07-08 09:38:00,2011-11-28 10:23:00,2,235,380.35,17.288636363636364,19,2,United Kingdom,12,144,1.0,190.175,117.5
17033,2010-12-15 13:21:00,2011-09-14 14:34:00,3,750,1030.14,36.79071428571429,24,3,United Kingdom,86,274,1.0,343.38000000000005,250.0
17034,2011-02-25 10:10:00,2011-11-23 15:14:00,3,410,745.52,24.850666666666665,28,3,United Kingdom,16,272,1.0,248.50666666666666,136.66666666666666
17035,2011-02-01 12:27:00,2011-04-08 11:23:00,2,229,433.53000000000003,15.483214285714286,27,2,United Kingdom,246,66,1.0,216.76500000000001,114.5
17037,2011-09-13 12:49:00,2011-09-13 12:49:00,1,656,1267.32,16.8976,75,1,United Kingdom,88,1,1.0,1267.32,656.0
17038,2011-11-09 13:50:00,2011-11-09 13:50:00,1,28,112.4,5.109090909090909,22,1,United Kingdom,30,1,1.0,112.4,28.0
17040,2011-07-25 10:19:00,2011-07-25 10:19:00,1,181,449.73,29.982000000000003,15,1,United Kingdom,138,1,1.0,449.73,181.0
17041,2010-12-14 11:43:00,2011-11-13 11:21:00,3,951,1081.57,15.450999999999999,59,3,United Kingdom,27,334,1.0,360.5233333333333,317.0
17042,2011-04-06 14:53:00,2011-12-07 12:26:00,5,994,1044.3799999999999,10.656938775510202,74,5,United Kingdom,3,245,1.0,208.87599999999998,198.8
17043,2011-03-18 14:53:00,2011-11-07 15:33:00,4,998,1735.18,17.01156862745098,100,4,United Kingdom,32,235,1.0,433.795,249.5
17044,2011-11-14 14:28:00,2011-11-14 14:28:00,1,504,948.48,158.08,6,1,United Kingdom,25,1,1.0,948.48,504.0
17045,2011-04-06 12:08:00,2011-08-18 17:09:00,3,106,339.44,15.42909090909091,20,3,United Kingdom,113,135,1.0,113.14666666666666,35.333333333333336
17046,2011-07-05 14:24:00,2011-07-05 14:24:00,1,510,642.02,29.182727272727274,22,1,United Kingdom,157,1,1.0,642.02,510.0
17047,2011-05-18 16:50:00,2011-09-15 13:27:00,3,533,1100.9,16.93692307692308,59,2,United Kingdom,85,120,1.5,366.9666666666667,177.66666666666666
17048,2011-01-12 16:51:00,2011-08-14 11:49:00,3,485,925.35,21.519767441860466,41,3,United Kingdom,118,214,1.0,308.45,161.66666666666666
17049,2011-03-09 08:33:00,2011-12-07 10:48:00,9,2676,5659.9800000000005,17.79867924528302,201,8,United Kingdom,3,274,1.125,628.8866666666668,297.3333333333333
17050,2011-02-13 12:41:00,2011-09-04 13:48:00,6,1614,3228.84,10.217848101265822,169,5,United Kingdom,96,204,1.2,538.14,269.0
17051,2011-05-29 14:13:00,2011-05-29 14:13:00,1,184,247.14000000000001,5.747441860465116,40,1,United Kingdom,194,1,1.0,247.14000000000001,184.0
17052,2011-11-11 14:50:00,2011-11-11 14:50:00,1,261,413.75,4.497282608695652,72,1,United Kingdom,28,1,1.0,413.75,261.0
17053,2011-08-01 10:23:00,2011-08-01 10:23:00,1,122,498.48,38.34461538461539,13,1,United Kingdom,131,1,1.0,498.48,122.0
17054,2011-04-08 13:14:00,2011-11-11 12:56:00,5,804,1356.33,16.34132530120482,64,4,United Kingdom,28,217,1.25,271.26599999999996,160.8
17058,2011-04-14 09:18:00,2011-09-19 10:13:00,3,592,1179.89,19.030483870967743,51,3,United Kingdom,82,159,1.0,393.2966666666667,197.33333333333334
17059,2010-12-05 12:35:00,2011-11-10 12:27:00,5,1855,3095.04,5.9981395348837205,292,5,United Kingdom,30,340,1.0,619.008,371.0
17060,2011-03-18 13:27:00,2011-03-18 13:27:00,1,216,234.24,46.848,5,1,United Kingdom,266,1,1.0,234.24,216.0
17061,2011-04-21 13:29:00,2011-09-27 11:24:00,11,1526,5232.2300000000005,52.850808080808086,57,6,United Kingdom,74,159,1.8333333333333333,475.65727272727275,138.72727272727272
17062,2010-12-05 11:59:00,2011-01-30 11:01:00,4,430,538.37,7.691,52,2,United Kingdom,314,56,2.0,134.5925,107.5
17063,2011-02-23 13:44:00,2011-11-18 16:19:00,7,770,1461.14,18.732564102564105,66,4,United Kingdom,21,269,1.75,208.73428571428573,110.0
17064,2011-01-16 16:10:00,2011-10-12 10:18:00,3,318,859.35,13.860483870967743,53,3,United Kingdom,59,269,1.0,286.45,106.0
17068,2010-12-06 13:58:00,2011-11-27 13:14:00,21,2164,4552.14,15.378851351351353,116,11,United Kingdom,12,356,1.9090909090909092,216.76857142857145,103.04761904761905
17069,2010-12-01 16:49:00,2011-11-11 17:13:00,9,1506,2709.7000000000003,18.948951048951052,111,5,United Kingdom,28,346,1.8,301.0777777777778,167.33333333333334
17070,2011-08-17 17:01:00,2011-08-17 17:01:00,1,133,312.14,4.8771875,62,1,United Kingdom,114,1,1.0,312.14,133.0
17071,2011-02-03 08:18:00,2011-11-11 16:31:00,9,1197,2429.03,17.350214285714287,102,8,United Kingdom,28,282,1.125,269.89222222222224,133.0
17073,2011-08-22 14:37:00,2011-11-22 11:47:00,4,759,1446.09,8.310862068965516,142,4,United Kingdom,18,92,1.0,361.5225,189.75
17075,2011-01-26 13:20:00,2011-11-22 11:58:00,4,292,834.12,10.832727272727272,62,4,United Kingdom,18,300,1.0,208.53,73.0
17076,2010-12-10 10:08:00,2011-11-03 17:53:00,3,295,841.0799999999999,33.6432,17,3,United Kingdom,36,329,1.0,280.35999999999996,98.33333333333333
17078,2011-11-03 18:49:00,2011-11-03 19:17:00,2,788,378.2,13.507142857142856,28,1,United Kingdom,36,1,2.0,189.1,394.0
17079,2011-09-22 15:34:00,2011-09-22 15:34:00,1,24,118.80000000000001,59.400000000000006,2,1,United Kingdom,78,1,1.0,118.80000000000001,24.0
17080,2011-03-15 12:05:00,2011-11-17 12:59:00,2,166,287.62,35.9525,8,2,United Kingdom,22,248,1.0,143.81,83.0
17081,2011-10-24 13:08:00,2011-11-14 12:56:00,2,78,290.16,4.53375,55,2,United Kingdom,25,21,1.0,145.08,39.0
17082,2011-01-25 14:36:00,2011-11-06 15:17:00,2,1049,2003.85,24.738888888888887,75,2,United Kingdom,33,286,1.0,1001.925,524.5
17083,2011-02-09 11:38:00,2011-08-22 15:43:00,3,772,1405.78,27.034230769230767,24,2,United Kingdom,109,195,1.5,468.5933333333333,257.3333333333333
17084,2011-11-04 14:49:00,2011-11-04 14:54:00,2,1816,2949.75,18.208333333333332,146,1,United Kingdom,35,1,2.0,1474.875,908.0
17085,2010-12-12 12:24:00,2011-08-08 14:15:00,5,786,1566.65,8.377807486631017,115,4,United Kingdom,123,240,1.25,313.33000000000004,157.2
17086,2011-10-07 11:22:00,2011-12-02 13:54:00,6,1859,2050.08,21.355,76,3,United Kingdom,7,57,2.0,341.68,309.8333333333333
17088,2011-03-31 09:48:00,2011-11-11 14:23:00,4,868,1991.01,17.313130434782607,96,4,United Kingdom,28,226,1.0,497.7525,217.0
17090,2010-12-20 13:52:00,2011-12-05 13:44:00,7,921,2043.95,32.4436507936508,45,6,United Kingdom,4,350,1.1666666666666667,291.99285714285713,131.57142857142858
17091,2010-12-07 09:55:00,2011-12-07 10:43:00,9,1746,3827.76,19.629538461538463,119,7,United Kingdom,3,366,1.2857142857142858,425.3066666666667,194.0
17092,2011-03-07 14:51:00,2011-10-20 19:51:00,4,1131,1777.78,14.22224,99,4,United Kingdom,50,228,1.0,444.445,282.75
17094,2011-01-21 13:09:00,2011-01-21 13:09:00,1,152,302.0,21.571428571428573,14,1,United Kingdom,322,1,1.0,302.0,152.0
17095,2011-01-09 11:05:00,2011-11-17 12:21:00,3,618,1324.16,17.894054054054056,69,3,United Kingdom,23,313,1.0,441.3866666666667,206.0
17096,2011-03-23 12:05:00,2011-11-24 15:01:00,4,339,1022.13,21.294375,46,4,United Kingdom,15,247,1.0,255.5325,84.75
17097,2010-12-09 14:55:00,2011-12-07 17:05:00,8,459,954.42,4.523317535545024,153,5,Spain,2,364,1.6,119.3025,57.375
17100,2011-11-21 16:36:00,2011-11-21 16:36:00,2,800,971.74,14.949846153846154,65,1,United Kingdom,18,1,2.0,485.87,400.0
17101,2011-06-14 14:49:00,2011-11-29 13:57:00,4,815,1621.73,38.61261904761905,28,3,United Kingdom,10,168,1.3333333333333333,405.4325,203.75
17102,2011-03-23 10:08:00,2011-03-23 10:08:00,1,2,25.5,25.5,1,1,United Kingdom,262,1,1.0,25.5,2.0
17105,2011-02-06 14:46:00,2011-07-03 15:53:00,2,693,665.78,7.397555555555555,80,2,United Kingdom,159,148,1.0,332.89,346.5
17107,2011-03-06 15:17:00,2011-11-06 14:14:00,6,4837,10815.43,25.874234449760767,269,5,United Kingdom,33,245,1.2,1802.5716666666667,806.1666666666666
17109,2011-04-21 15:46:00,2011-11-10 16:59:00,6,589,885.04,7.564444444444444,107,3,United Kingdom,29,204,2.0,147.50666666666666,98.16666666666667
17110,2011-06-27 12:58:00,2011-06-27 12:58:00,1,50,163.29999999999998,13.608333333333333,12,1,United Kingdom,165,1,1.0,163.29999999999998,50.0
17111,2011-10-23 15:59:00,2011-10-23 15:59:00,1,302,248.61,8.287,29,1,United Kingdom,47,1,1.0,248.61,302.0
17114,2011-01-09 11:39:00,2011-12-04 12:17:00,8,219,808.62,6.367086614173228,85,8,United Kingdom,6,330,1.0,101.0775,27.375
17115,2011-04-20 14:46:00,2011-12-01 14:30:00,3,372,837.5,21.474358974358974,33,3,United Kingdom,8,225,1.0,279.1666666666667,124.0
17117,2011-02-24 13:54:00,2011-02-24 13:54:00,1,68,116.19999999999999,12.91111111111111,9,1,United Kingdom,288,1,1.0,116.19999999999999,68.0
17118,2011-01-26 12:19:00,2011-01-26 12:19:00,1,154,157.02,15.702000000000002,10,1,United Kingdom,318,1,1.0,157.02,154.0
17119,2011-10-11 11:03:00,2011-12-06 14:40:00,2,334,606.91,17.340285714285713,35,2,United Kingdom,3,57,1.0,303.455,167.0
17120,2011-04-20 15:21:00,2011-04-20 15:21:00,1,120,307.46,17.08111111111111,18,1,United Kingdom,233,1,1.0,307.46,120.0
17122,2011-08-12 14:33:00,2011-08-12 14:33:00,1,80,138.32,19.759999999999998,7,1,United Kingdom,119,1,1.0,138.32,80.0
17123,2011-07-01 10:47:00,2011-07-01 10:47:00,1,246,345.29999999999995,38.36666666666666,9,1,United Kingdom,162,1,1.0,345.29999999999995,246.0
17124,2011-06-07 14:02:00,2011-06-07 14:02:00,1,130,298.89,9.3403125,31,1,United Kingdom,185,1,1.0,298.89,130.0
17125,2011-10-20 14:41:00,2011-10-20 14:41:00,1,291,259.35,6.483750000000001,34,1,United Kingdom,50,1,1.0,259.35,291.0
17126,2010-12-12 11:26:00,2011-07-10 13:52:00,5,792,1004.75,3.8644230769230767,187,3,United Kingdom,152,211,1.6666666666666667,200.95,158.4
17128,2011-01-09 12:02:00,2011-01-09 12:02:00,1,76,157.09,11.220714285714285,14,1,United Kingdom,335,1,1.0,157.09,76.0
17131,2011-09-25 12:42:00,2011-12-04 12:52:00,5,983,2463.17,18.38186567164179,78,4,United Kingdom,5,71,1.25,492.634,196.6
17133,2011-03-18 13:47:00,2011-11-24 12:27:00,7,2730,4892.240000000001,181.1940740740741,13,5,United Kingdom,16,251,1.4,698.8914285714287,390.0
17134,2011-03-20 11:56:00,2011-08-25 09:53:00,2,102,425.0,17.708333333333332,21,2,United Kingdom,107,158,1.0,212.5,51.0
17135,2010-12-03 09:31:00,2011-11-23 16:48:00,7,1224,1139.73,21.917884615384615,34,4,United Kingdom,16,356,1.75,162.81857142857143,174.85714285714286
17138,2011-03-09 11:54:00,2011-03-09 11:54:00,1,126,380.5,15.854166666666666,24,1,United Kingdom,276,1,1.0,380.5,126.0
17139,2011-02-24 09:32:00,2011-11-24 10:12:00,12,5182,10668.47,22.31897489539749,309,8,United Kingdom,16,274,1.5,889.0391666666666,431.8333333333333
17140,2011-04-06 13:33:00,2011-04-06 13:33:00,1,302,465.32,23.266,16,1,United Kingdom,247,1,1.0,465.32,302.0
17142,2011-04-14 18:22:00,2011-04-14 18:22:00,1,81,579.0,38.6,15,1,United Kingdom,239,1,1.0,579.0,81.0
17144,2011-09-16 12:50:00,2011-12-08 17:57:00,2,483,984.57,20.511875,42,2,United Kingdom,1,84,1.0,492.285,241.5
17146,2010-12-16 12:20:00,2011-08-26 12:44:00,3,212,749.78,21.422285714285714,33,3,United Kingdom,106,254,1.0,249.92666666666665,70.66666666666667
17147,2011-02-01 09:36:00,2011-11-17 12:32:00,4,882,1714.59,21.167777777777776,68,4,United Kingdom,23,290,1.0,428.6475,220.5
17148,2011-10-19 09:59:00,2011-10-19 09:59:00,1,82,124.88,13.875555555555556,9,1,United Kingdom,52,1,1.0,124.88,82.0
17152,2011-03-21 16:20:00,2011-05-29 12:19:00,3,517,1689.5,120.67857142857143,9,2,United Kingdom,195,69,1.5,563.1666666666666,172.33333333333334
17153,2011-11-15 13:42:00,2011-11-15 13:42:00,1,104,213.78,15.27,14,1,United Kingdom,24,1,1.0,213.78,104.0
17154,2011-09-25 13:42:00,2011-09-25 13:42:00,1,490,329.34,14.319130434782608,23,1,United Kingdom,75,1,1.0,329.34,490.0
17155,2011-06-15 10:22:00,2011-11-22 12:38:00,2,242,251.70000000000002,12.585,19,2,United Kingdom,18,161,1.0,125.85000000000001,121.0
17157,2011-06-16 15:08:00,2011-12-02 09:10:00,2,172,319.0,24.53846153846154,11,2,United Kingdom,8,169,1.0,159.5,86.0
17158,2010-12-14 13:03:00,2011-11-07 15:15:00,3,778,1266.97,18.91,53,3,United Kingdom,32,329,1.0,422.3233333333333,259.3333333333333
17159,2011-06-21 09:49:00,2011-11-18 10:52:00,3,1111,1538.88,15.236435643564358,96,3,United Kingdom,22,151,1.0,512.96,370.3333333333333
17160,2011-04-12 12:00:00,2011-11-08 14:05:00,6,2856,3518.03,15.362576419213974,111,4,United Kingdom,31,211,1.5,586.3383333333334,476.0
17162,2011-02-07 12:27:00,2011-11-11 11:34:00,10,1001,1715.46,16.494807692307692,81,6,United Kingdom,29,277,1.6666666666666667,171.546,100.1
17163,2011-09-22 15:54:00,2011-11-18 08:57:00,2,66,293.1,58.620000000000005,3,2,United Kingdom,22,57,1.0,146.55,33.0
17164,2011-03-11 14:26:00,2011-11-07 09:14:00,7,1501,2467.35,17.134375,92,5,United Kingdom,33,241,1.4,352.4785714285714,214.42857142857142
17165,2011-02-28 16:39:00,2011-02-28 16:39:00,1,100,158.68,15.868,10,1,United Kingdom,284,1,1.0,158.68,100.0
17166,2011-05-20 08:18:00,2011-11-01 09:46:00,2,78,206.34,17.195,11,2,United Kingdom,39,166,1.0,103.17,39.0
17169,2011-06-09 13:16:00,2011-10-13 10:25:00,2,526,835.78,15.477407407407407,51,2,United Kingdom,58,126,1.0,417.89,263.0
17171,2011-02-23 16:37:00,2011-02-23 16:37:00,1,185,224.91,14.056875,16,1,United Kingdom,289,1,1.0,224.91,185.0
17172,2011-09-22 09:36:00,2011-09-22 09:36:00,1,480,317.76,21.184,15,1,United Kingdom,79,1,1.0,317.76,480.0
17173,2011-07-31 15:26:00,2011-12-04 14:40:00,8,1122,3766.6,43.79767441860465,36,5,United Kingdom,5,126,1.6,470.825,140.25
17174,2011-05-06 11:47:00,2011-05-06 11:47:00,1,41,59.9,14.975,4,1,United Kingdom,218,1,1.0,59.9,41.0
17175,2011-02-16 14:56:00,2011-10-26 15:31:00,4,866,1443.69,22.915714285714287,42,4,United Kingdom,44,253,1.0,360.9225,216.5
17176,2011-05-22 12:41:00,2011-05-22 12:41:00,1,170,306.13,20.408666666666665,15,1,United Kingdom,202,1,1.0,306.13,170.0
17179,2010-12-13 14:24:00,2011-06-14 16:48:00,3,290,711.79,8.897375,56,3,United Kingdom,178,184,1.0,237.26333333333332,96.66666666666667
17180,2011-01-27 18:05:00,2011-10-14 15:46:00,4,683,796.03,6.218984375,91,3,United Kingdom,56,260,1.3333333333333333,199.0075,170.75
17181,2010-12-01 12:38:00,2011-10-13 14:48:00,2,241,239.92000000000002,10.431304347826087,23,2,United Kingdom,57,317,1.0,119.96000000000001,120.5
17183,2011-08-26 15:25:00,2011-12-02 10:07:00,6,1296,3347.31,45.85356164383562,42,4,United Kingdom,8,98,1.5,557.885,216.0
17186,2011-10-10 12:52:00,2011-10-24 10:20:00,2,200,144.0,72.0,1,1,United Kingdom,47,14,2.0,72.0,100.0
17187,2011-04-27 12:39:00,2011-04-27 12:39:00,1,144,203.95,20.395,10,1,United Kingdom,227,1,1.0,203.95,144.0
17188,2010-12-12 12:56:00,2011-11-28 13:53:00,7,1328,2474.23,29.455119047619046,71,4,United Kingdom,11,352,1.75,353.4614285714286,189.71428571428572
17189,2010-12-15 17:28:00,2011-08-25 19:39:00,2,227,384.40000000000003,6.301639344262296,52,2,United Kingdom,106,254,1.0,192.20000000000002,113.5
17190,2011-05-16 15:29:00,2011-10-12 11:33:00,2,161,444.74,23.40736842105263,19,2,United Kingdom,59,149,1.0,222.37,80.5
17191,2010-12-06 14:36:00,2011-11-11 16:58:00,7,1167,2095.13,8.840210970464135,163,5,United Kingdom,28,341,1.4,299.30428571428575,166.71428571428572
17193,2011-06-16 10:04:00,2011-11-04 12:47:00,7,1254,1699.3000000000002,53.103125000000006,17,4,United Kingdom,36,142,1.75,242.7571428571429,179.14285714285714
17194,2010-12-14 12:06:00,2011-03-11 12:05:00,2,119,262.62,9.055862068965517,26,2,United Kingdom,274,87,1.0,131.31,59.5
17197,2011-11-10 10:32:00,2011-11-10 10:32:00,1,191,1013.01,34.93137931034483,29,1,United Kingdom,30,1,1.0,1013.01,191.0
17198,2010-12-03 14:54:00,2011-11-16 10:39:00,3,357,692.22,7.210625,89,2,United Kingdom,24,348,1.5,230.74,119.0
17201,2011-10-17 11:55:00,2011-10-17 11:55:00,1,268,342.63,8.56575,38,1,United Kingdom,54,1,1.0,342.63,268.0
17203,2011-10-10 14:37:00,2011-11-04 12:27:00,6,2850,3563.85,23.446381578947367,116,2,United Kingdom,36,25,3.0,593.975,475.0
17204,2011-03-21 12:42:00,2011-06-17 14:46:00,4,646,1564.56,27.448421052631577,44,3,United Kingdom,175,89,1.3333333333333333,391.14,161.5
17205,2011-10-17 12:46:00,2011-10-17 12:46:00,1,884,384.08,29.544615384615383,13,1,United Kingdom,54,1,1.0,384.08,884.0
17206,2011-10-17 13:25:00,2011-10-17 13:25:00,1,76,204.24,29.177142857142858,7,1,United Kingdom,53,1,1.0,204.24,76.0
17211,2010-12-05 12:44:00,2011-11-13 12:03:00,8,1323,2317.2200000000003,10.982085308056874,150,6,United Kingdom,27,343,1.3333333333333333,289.65250000000003,165.375
17212,2011-03-31 19:42:00,2011-03-31 19:42:00,1,147,226.85,56.7125,4,1,United Kingdom,253,1,1.0,226.85,147.0
17213,2010-12-08 13:03:00,2011-10-30 14:53:00,7,1176,2781.23,17.71484076433121,85,4,United Kingdom,40,327,1.75,397.31857142857143,168.0
17214,2010-12-15 15:14:00,2011-10-10 13:17:00,6,276,1069.1200000000001,10.37980582524272,79,5,United Kingdom,60,299,1.2,178.1866666666667,46.0
17217,2011-04-19 17:19:00,2011-04-19 17:19:00,1,24,113.5,12.61111111111111,9,1,United Kingdom,234,1,1.0,113.5,24.0
17218,2010-12-06 15:25:00,2011-12-05 13:52:00,10,958,1960.72,7.155912408759124,146,6,United Kingdom,4,364,1.6666666666666667,196.072,95.8
17219,2011-11-08 11:25:00,2011-11-08 11:25:00,1,89,114.23,4.5692,24,1,United Kingdom,32,1,1.0,114.23,89.0
17220,2010-12-10 14:54:00,2011-11-15 13:47:00,14,1905,3198.25,6.775953389830509,303,9,United Kingdom,24,340,1.5555555555555556,228.44642857142858,136.07142857142858
17221,2011-11-03 17:39:00,2011-12-02 13:35:00,2,288,335.13,5.319523809523809,59,2,United Kingdom,7,29,1.0,167.565,144.0
17222,2011-10-05 13:58:00,2011-10-05 13:58:00,1,128,354.15,12.648214285714285,27,1,United Kingdom,65,1,1.0,354.15,128.0
17223,2010-12-06 14:08:00,2011-02-02 15:57:00,2,112,426.79,8.71,43,2,United Kingdom,310,59,1.0,213.395,56.0
17226,2011-02-04 11:52:00,2011-02-04 11:52:00,1,406,393.49,18.73761904761905,21,1,United Kingdom,309,1,1.0,393.49,406.0
17227,2010-12-06 11:16:00,2011-11-21 10:51:00,6,741,939.32,19.985531914893617,28,6,United Kingdom,19,350,1.0,156.55333333333334,123.5
17228,2010-12-02 16:00:00,2011-11-24 10:24:00,8,1532,1906.09,9.16389423076923,140,6,United Kingdom,16,357,1.3333333333333333,238.26125,191.5
17229,2011-07-20 12:38:00,2011-09-04 13:56:00,2,185,318.76,6.782127659574468,39,2,United Kingdom,96,47,1.0,159.38,92.5
17230,2010-12-15 11:22:00,2011-03-20 16:12:00,8,1651,3638.41,52.73057971014492,51,3,United Kingdom,264,96,2.6666666666666665,454.80125,206.375
17231,2010-12-13 14:16:00,2011-11-27 15:18:00,10,1742,3174.32,5.867504621072089,292,9,United Kingdom,12,350,1.1111111111111112,317.432,174.2
17232,2011-11-25 12:24:00,2011-12-07 12:21:00,2,203,421.52,11.708888888888888,30,2,United Kingdom,3,12,1.0,210.76,101.5
17233,2011-11-04 14:06:00,2011-11-04 14:06:00,1,131,190.88,7.6352,25,1,United Kingdom,35,1,1.0,190.88,131.0
17234,2011-06-10 11:20:00,2011-06-10 11:20:00,1,55,149.89000000000001,10.706428571428573,14,1,United Kingdom,183,1,1.0,149.89000000000001,55.0
17235,2010-12-02 13:38:00,2011-11-14 15:51:00,2,224,550.06,18.96758620689655,24,2,United Kingdom,25,348,1.0,275.03,112.0
17236,2010-12-12 11:49:00,2011-11-27 12:00:00,6,474,916.13,8.725047619047618,88,6,United Kingdom,13,351,1.0,152.68833333333333,79.0
17237,2011-11-17 12:55:00,2011-11-28 15:02:00,2,105,314.69,16.562631578947368,18,1,United Kingdom,11,12,2.0,157.345,52.5
17238,2010-12-03 15:05:00,2011-12-07 11:35:00,17,1822,3744.65,6.615989399293286,297,10,United Kingdom,3,369,1.7,220.2735294117647,107.17647058823529
17239,2011-01-31 09:41:00,2011-01-31 09:41:00,1,150,382.5,25.5,15,1,United Kingdom,313,1,1.0,382.5,150.0
17242,2011-06-12 13:04:00,2011-08-23 14:55:00,2,611,1135.04,28.375999999999998,30,2,United Kingdom,108,73,1.0,567.52,305.5
17243,2010-12-05 10:03:00,2011-12-08 13:26:00,26,3370,8676.85,21.692125,180,12,United Kingdom,1,369,2.1666666666666665,333.725,129.6153846153846
17244,2011-10-17 15:19:00,2011-10-17 15:19:00,1,616,954.9,30.80322580645161,31,1,United Kingdom,53,1,1.0,954.9,616.0
17245,2011-05-19 10:43:00,2011-05-19 10:43:00,1,75,171.45,19.049999999999997,9,1,United Kingdom,205,1,1.0,171.45,75.0
17247,2011-11-24 15:21:00,2011-11-24 15:21:00,1,106,282.19,5.130727272727273,53,1,United Kingdom,15,1,1.0,282.19,106.0
17248,2011-08-11 13:34:00,2011-08-11 13:34:00,1,213,318.65,4.618115942028985,68,1,United Kingdom,120,1,1.0,318.65,213.0
17250,2011-03-23 16:45:00,2011-12-06 12:15:00,2,168,384.52,6.7459649122807015,55,2,United Kingdom,4,258,1.0,192.26,84.0
17251,2010-12-12 11:06:00,2010-12-12 11:06:00,1,110,283.28000000000003,7.263589743589744,37,1,United Kingdom,363,1,1.0,283.28000000000003,110.0
17252,2011-06-06 16:41:00,2011-08-15 09:45:00,2,193,353.86,4.067356321839081,86,2,United Kingdom,117,70,1.0,176.93,96.5
17253,2011-11-21 12:59:00,2011-11-21 12:59:00,1,43,178.26,9.903333333333332,18,1,United Kingdom,18,1,1.0,178.26,43.0
17254,2011-11-24 14:09:00,2011-12-05 12:46:00,2,252,272.44,2.4325,100,2,United Kingdom,5,11,1.0,136.22,126.0
17255,2011-02-13 15:18:00,2011-10-30 12:18:00,2,232,298.41,3.825769230769231,69,2,United Kingdom,41,259,1.0,149.205,116.0
17256,2011-01-31 14:53:00,2011-08-24 13:30:00,2,141,240.0,15.0,12,2,United Kingdom,107,205,1.0,120.0,70.5
17259,2010-12-06 12:55:00,2011-07-14 15:01:00,2,410,603.37,4.865887096774194,104,2,United Kingdom,148,221,1.0,301.685,205.0
17262,2010-12-08 13:30:00,2011-10-18 12:56:00,5,367,1253.3600000000001,104.44666666666667,9,4,United Kingdom,52,314,1.25,250.67200000000003,73.4
17263,2011-05-15 14:32:00,2011-05-15 14:32:00,1,36,63.440000000000005,2.7582608695652175,23,1,United Kingdom,208,1,1.0,63.440000000000005,36.0
17265,2011-06-12 12:00:00,2011-07-24 10:49:00,2,394,562.9,4.432283464566929,106,2,United Kingdom,139,42,1.0,281.45,197.0
17266,2011-07-15 11:57:00,2011-12-07 14:12:00,3,161,310.64,3.883,60,2,United Kingdom,2,146,1.5,103.54666666666667,53.666666666666664
17267,2011-08-04 17:19:00,2011-08-04 17:22:00,2,159,317.62,8.358421052631579,37,1,United Kingdom,127,1,2.0,158.81,79.5
17268,2011-04-08 13:20:00,2011-08-24 10:06:00,4,844,763.64,127.27333333333333,3,3,United Kingdom,108,138,1.3333333333333333,190.91,211.0
17272,2011-03-22 12:05:00,2011-10-28 16:37:00,4,1778,2148.63,18.847631578947368,70,3,United Kingdom,42,221,1.3333333333333333,537.1575,444.5
17274,2011-11-04 13:16:00,2011-11-04 13:16:00,1,79,111.97999999999999,4.147407407407407,24,1,United Kingdom,35,1,1.0,111.97999999999999,79.0
17277,2011-01-21 12:37:00,2011-04-26 12:47:00,2,430,1065.3500000000001,15.43985507246377,67,2,United Kingdom,228,96,1.0,532.6750000000001,215.0
17278,2011-04-12 13:10:00,2011-04-12 13:10:00,1,179,246.04,16.402666666666665,15,1,United Kingdom,241,1,1.0,246.04,179.0
17279,2011-10-13 11:58:00,2011-10-13 11:58:00,1,48,187.82999999999998,20.869999999999997,8,1,United Kingdom,58,1,1.0,187.82999999999998,48.0
17282,2011-02-13 11:36:00,2011-08-01 14:29:00,3,1877,1703.41,18.121382978723407,79,3,United Kingdom,130,170,1.0,567.8033333333334,625.6666666666666
17284,2011-01-07 14:31:00,2011-10-10 14:38:00,6,1364,1652.58,5.659520547945205,229,5,United Kingdom,60,277,1.2,275.43,227.33333333333334
17286,2011-11-18 12:47:00,2011-11-18 12:47:00,1,118,153.92,3.420444444444444,44,1,United Kingdom,22,1,1.0,153.92,118.0
17287,2010-12-02 12:22:00,2011-11-13 13:27:00,7,559,1064.11,8.581532258064515,88,6,United Kingdom,26,347,1.1666666666666667,152.01571428571427,79.85714285714286
17288,2010-12-16 13:33:00,2011-11-30 16:09:00,7,1203,1419.73,9.998098591549295,118,6,United Kingdom,9,350,1.1666666666666667,202.81857142857143,171.85714285714286
17289,2011-06-12 13:51:00,2011-11-08 12:01:00,3,520,944.41,8.508198198198198,86,2,United Kingdom,32,149,1.5,314.80333333333334,173.33333333333334
17290,2011-11-23 15:53:00,2011-12-06 12:38:00,2,404,525.24,5.149411764705882,92,2,United Kingdom,4,13,1.0,262.62,202.0
17291,2011-02-04 13:04:00,2011-02-04 13:04:00,1,72,550.8000000000001,550.8000000000001,1,1,United Kingdom,308,1,1.0,550.8000000000001,72.0
17293,2010-12-13 14:55:00,2011-12-01 14:37:00,9,1140,1875.1100000000001,13.889703703703704,93,8,United Kingdom,8,353,1.125,208.34555555555556,126.66666666666667
17295,2011-10-06 12:22:00,2011-11-11 10:49:00,3,294,556.95,8.071739130434784,53,2,United Kingdom,29,36,1.5,185.65,98.0
17297,2011-11-22 14:43:00,2011-11-22 14:43:00,1,67,131.78,2.583921568627451,49,1,United Kingdom,17,1,1.0,131.78,67.0
17298,2011-08-07 12:21:00,2011-08-30 16:43:00,2,387,498.42,16.614,30,1,United Kingdom,101,24,2.0,249.21,193.5
17299,2011-06-19 16:04:00,2011-11-28 12:01:00,4,678,669.11,11.738771929824562,50,4,United Kingdom,12,162,1.0,167.2775,169.5
17301,2011-11-18 13:43:00,2011-11-18 13:43:00,1,149,197.63,2.994393939393939,59,1,United Kingdom,21,1,1.0,197.63,149.0
17302,2011-02-07 10:14:00,2011-11-25 09:36:00,5,575,1135.63,14.375063291139242,68,4,United Kingdom,15,291,1.25,227.12600000000003,115.0
17303,2010-12-13 13:32:00,2010-12-13 13:32:00,1,144,250.04,4.717735849056604,53,1,United Kingdom,361,1,1.0,250.04,144.0
17306,2010-12-21 13:34:00,2011-11-29 12:14:00,19,11491,8631.31,130.77742424242425,13,10,United Kingdom,11,343,1.9,454.2794736842105,604.7894736842105
17309,2011-09-05 15:20:00,2011-09-05 15:20:00,1,41,82.75,6.895833333333333,11,1,United Kingdom,95,1,1.0,82.75,41.0
17311,2011-01-27 10:56:00,2011-09-22 14:11:00,2,1005,1384.85,25.179090909090906,55,2,United Kingdom,78,239,1.0,692.425,502.5
17312,2011-07-03 13:12:00,2011-07-24 11:52:00,3,372,644.3,46.021428571428565,11,1,United Kingdom,139,21,3.0,214.76666666666665,124.0
17313,2011-11-08 15:45:00,2011-11-08 15:45:00,1,1402,2328.84,97.03500000000001,24,1,United Kingdom,31,1,1.0,2328.84,1402.0
17314,2011-01-31 11:25:00,2011-11-15 09:41:00,8,1896,2527.92,19.297099236641223,120,7,United Kingdom,25,288,1.1428571428571428,315.99,237.0
17315,2010-12-17 12:24:00,2011-12-08 12:15:00,38,3888,6292.26,13.302875264270613,256,13,United Kingdom,2,356,2.923076923076923,165.58578947368423,102.3157894736842
17317,2011-09-11 12:45:00,2011-10-24 17:19:00,3,1146,2600.34,288.9266666666667,8,2,United Kingdom,46,44,1.5,866.7800000000001,382.0
17320,2010-12-06 15:38:00,2011-08-31 13:31:00,3,634,1200.6200000000001,16.446849315068494,57,3,United Kingdom,100,268,1.0,400.2066666666667,211.33333333333334
17321,2011-10-03 11:34:00,2011-12-01 13:41:00,2,373,700.86,6.550093457943925,94,2,United Kingdom,8,60,1.0,350.43,186.5
17323,2011-02-20 14:38:00,2011-11-24 17:29:00,7,776,921.07,4.6053500000000005,125,6,United Kingdom,15,278,1.1666666666666667,131.58142857142857,110.85714285714286
17324,2010-12-08 12:45:00,2011-11-22 10:34:00,4,844,990.23,19.8046,43,3,United Kingdom,18,349,1.3333333333333333,247.5575,211.0
17325,2011-03-04 13:09:00,2011-03-04 13:09:00,1,60,96.8,16.133333333333333,6,1,United Kingdom,280,1,1.0,96.8,60.0
17329,2011-01-28 15:29:00,2011-11-25 14:24:00,2,142,523.11,15.851818181818182,29,2,United Kingdom,14,301,1.0,261.555,71.0
17330,2011-10-03 11:26:00,2011-11-17 08:56:00,2,120,363.9,60.65,5,2,United Kingdom,23,45,1.0,181.95,60.0
17331,2011-08-08 11:55:00,2011-08-08 11:55:00,1,16,175.2,175.2,1,1,United Kingdom,124,1,1.0,175.2,16.0
17333,2011-09-15 10:11:00,2011-09-15 10:11:00,1,375,494.25,17.651785714285715,28,1,United Kingdom,86,1,1.0,494.25,375.0
17334,2011-02-04 09:03:00,2011-02-10 14:59:00,2,315,307.02,27.91090909090909,11,1,United Kingdom,302,7,2.0,153.51,157.5
17337,2011-02-02 17:06:00,2011-07-11 14:55:00,4,1269,2027.8700000000001,3.7345672191528547,421,4,United Kingdom,151,159,1.0,506.96750000000003,317.25
17338,2010-12-13 12:57:00,2011-11-22 14:23:00,8,3128,6643.93,8.8232802124834,389,8,United Kingdom,17,345,1.0,830.49125,391.0
17339,2010-12-09 14:44:00,2011-09-06 13:29:00,2,152,243.36,27.040000000000003,9,2,United Kingdom,94,271,1.0,121.68,76.0
17340,2010-12-08 15:56:00,2011-11-10 10:45:00,11,5967,12353.29,30.352063882063884,229,7,United Kingdom,30,337,1.5714285714285714,1123.0263636363636,542.4545454545455
17341,2010-12-08 12:46:00,2011-07-06 12:33:00,3,489,781.36,4.2697267759562845,147,2,United Kingdom,157,210,1.5,260.4533333333333,163.0
17343,2010-12-19 15:07:00,2010-12-19 15:07:00,1,56,193.64,11.390588235294118,17,1,United Kingdom,355,1,1.0,193.64,56.0
17344,2011-10-24 12:56:00,2011-10-24 12:56:00,1,66,160.57,5.0178125,31,1,United Kingdom,46,1,1.0,160.57,66.0
17345,2011-05-27 12:26:00,2011-11-24 15:03:00,4,346,537.74,6.180919540229885,70,3,United Kingdom,15,182,1.3333333333333333,134.435,86.5
17346,2010-12-01 14:34:00,2011-12-06 12:18:00,15,1657,2676.56,5.35312,299,9,United Kingdom,4,370,1.6666666666666667,178.43733333333333,110.46666666666667
17347,2011-09-14 13:12:00,2011-09-14 13:12:00,1,216,228.96,228.96,1,1,United Kingdom,86,1,1.0,228.96,216.0
17348,2011-02-15 10:49:00,2011-11-25 11:25:00,5,1401,1159.52,5.393116279069767,180,3,United Kingdom,15,284,1.6666666666666667,231.904,280.2
17349,2011-06-13 14:29:00,2011-06-13 14:29:00,1,112,110.75,12.305555555555555,8,1,United Kingdom,179,1,1.0,110.75,112.0
17350,2011-10-19 16:05:00,2011-12-01 15:47:00,4,795,1286.07,18.113661971830986,66,2,United Kingdom,8,43,2.0,321.5175,198.75
17351,2011-03-11 16:05:00,2011-11-03 18:45:00,3,113,587.15,21.746296296296297,22,3,United Kingdom,36,238,1.0,195.71666666666667,37.666666666666664
17353,2011-07-08 16:17:00,2011-08-02 17:19:00,2,1200,1740.0,217.5,5,2,United Kingdom,129,26,1.0,870.0,600.0
17354,2011-10-20 10:34:00,2011-10-20 10:34:00,1,1006,1393.06,87.06625,15,1,United Kingdom,51,1,1.0,1393.06,1006.0
17356,2011-02-01 11:07:00,2011-02-01 11:07:00,1,166,178.22,9.38,19,1,United Kingdom,312,1,1.0,178.22,166.0
17357,2011-11-15 16:29:00,2011-11-15 16:30:00,2,153,388.14,8.625333333333334,41,1,United Kingdom,24,1,2.0,194.07,76.5
17358,2010-12-19 14:16:00,2011-02-09 16:57:00,2,202,365.85,6.200847457627119,55,2,United Kingdom,303,53,1.0,182.925,101.0
17359,2011-11-28 14:37:00,2011-11-28 14:37:00,1,161,127.86,8.524,13,1,United Kingdom,11,1,1.0,127.86,161.0
17360,2011-06-08 17:09:00,2011-11-22 13:11:00,3,335,585.79,4.43780303030303,113,2,United Kingdom,17,167,1.5,195.26333333333332,111.66666666666667
17361,2011-02-21 09:55:00,2011-10-21 15:43:00,3,157,488.2,16.834482758620688,26,3,United Kingdom,49,243,1.0,162.73333333333332,52.333333333333336
17362,2011-02-03 10:26:00,2011-04-14 14:43:00,2,191,312.23,8.920857142857143,30,2,United Kingdom,239,71,1.0,156.115,95.5
17364,2011-01-12 16:57:00,2011-12-09 09:00:00,11,2701,4481.18,10.903114355231144,288,7,United Kingdom,1,331,1.5714285714285714,407.38000000000005,245.54545454545453
17365,2011-01-11 12:11:00,2011-11-27 12:13:00,8,4777,4801.56,10.259743589743591,278,7,United Kingdom,13,321,1.1428571428571428,600.195,597.125
17367,2011-04-15 14:21:00,2011-04-15 14:21:00,1,150,168.4,4.952941176470588,33,1,United Kingdom,238,1,1.0,168.4,150.0
17368,2011-01-06 11:57:00,2011-11-16 15:26:00,8,1391,1912.67,17.231261261261263,93,5,United Kingdom,23,315,1.6,239.08375,173.875
17370,2011-06-23 11:50:00,2011-09-28 10:14:00,4,540,446.18,13.520606060606061,31,2,United Kingdom,73,97,2.0,111.545,135.0
17371,2010-12-13 15:20:00,2011-11-22 13:30:00,3,152,423.89,4.872298850574713,83,2,United Kingdom,17,344,1.5,141.29666666666665,50.666666666666664
17372,2010-12-12 12:00:00,2011-10-30 11:37:00,8,749,1342.68,5.30703557312253,215,5,United Kingdom,41,322,1.6,167.835,93.625
17373,2011-01-31 11:46:00,2011-10-30 15:28:00,4,408,646.92,11.349473684210526,47,4,United Kingdom,40,273,1.0,161.73,102.0
17374,2011-03-03 12:53:00,2011-05-05 09:05:00,2,85,495.77,17.706071428571427,24,2,United Kingdom,219,63,1.0,247.885,42.5
17375,2010-12-13 15:16:00,2011-05-24 15:45:00,3,367,400.1,5.798550724637681,63,3,United Kingdom,199,163,1.0,133.36666666666667,122.33333333333333
17376,2011-02-01 14:12:00,2011-09-30 12:36:00,2,86,203.2,8.466666666666667,23,2,United Kingdom,71,241,1.0,101.6,43.0
17377,2010-12-01 12:35:00,2011-11-16 11:17:00,20,2076,4100.92,9.810813397129186,190,8,United Kingdom,24,350,2.5,205.046,103.8
17379,2011-11-28 13:56:00,2011-11-28 13:56:00,1,663,404.66,4.875421686746988,71,1,United Kingdom,11,1,1.0,404.66,663.0
17381,2010-12-02 12:58:00,2011-12-01 11:59:00,29,25649,20275.61,186.01477064220185,40,13,United Kingdom,9,364,2.230769230769231,699.1589655172414,884.448275862069
17382,2011-10-05 13:05:00,2011-10-05 13:05:00,1,25,65.4,32.7,2,1,United Kingdom,65,1,1.0,65.4,25.0
17383,2011-12-05 17:36:00,2011-12-05 17:36:00,1,150,199.29,3.9076470588235295,49,1,United Kingdom,4,1,1.0,199.29,150.0
17384,2011-05-04 16:07:00,2011-11-20 15:48:00,2,88,336.4,22.426666666666666,12,2,United Kingdom,19,200,1.0,168.2,44.0
17385,2011-11-25 11:02:00,2011-11-25 11:02:00,1,201,261.11,5.555531914893617,42,1,United Kingdom,15,1,1.0,261.11,201.0
17386,2011-06-27 12:11:00,2011-12-02 11:28:00,6,1902,2686.42,95.94357142857143,23,4,United Kingdom,8,158,1.5,447.7366666666667,317.0
17387,2011-11-06 11:25:00,2011-11-20 11:00:00,2,542,784.11,10.052692307692308,71,1,United Kingdom,20,14,2.0,392.055,271.0
17388,2011-02-25 12:28:00,2011-09-23 10:31:00,4,1068,1259.56,83.97066666666666,13,4,United Kingdom,78,210,1.0,314.89,267.0
17389,2011-01-12 15:48:00,2011-12-09 09:38:00,34,7612,31833.68,149.45389671361502,45,11,United Kingdom,1,331,3.090909090909091,936.2847058823529,223.88235294117646
17391,2011-06-28 12:21:00,2011-06-29 09:58:00,2,480,508.8,169.6,2,1,United Kingdom,164,1,2.0,254.4,240.0
17392,2010-12-16 19:04:00,2011-02-06 12:48:00,2,320,457.91,7.385645161290323,53,2,United Kingdom,307,52,1.0,228.955,160.0
17394,2011-05-04 13:22:00,2011-05-04 13:22:00,1,241,203.86999999999998,50.967499999999994,4,1,United Kingdom,219,1,1.0,203.86999999999998,241.0
17396,2010-12-03 09:45:00,2011-10-31 14:12:00,8,2005,7330.8,271.5111111111111,24,3,United Kingdom,39,333,2.6666666666666665,916.35,250.625
17397,2011-11-17 13:58:00,2011-11-17 14:08:00,2,254,696.41,7.569673913043478,88,1,United Kingdom,22,1,2.0,348.205,127.0
17398,2011-03-29 13:04:00,2011-08-17 09:48:00,3,310,653.38,17.19421052631579,30,3,United Kingdom,115,141,1.0,217.79333333333332,103.33333333333333
17400,2010-12-21 17:16:00,2011-08-05 15:38:00,5,1097,2129.96,9.99981220657277,175,4,United Kingdom,126,227,1.25,425.992,219.4
17402,2010-12-05 13:53:00,2011-12-05 10:15:00,13,701,2633.85,44.641525423728815,33,9,United Kingdom,5,365,1.4444444444444444,202.60384615384615,53.92307692307692
17403,2011-11-03 15:18:00,2011-11-03 15:18:00,1,117,281.62,8.533939393939393,32,1,United Kingdom,36,1,1.0,281.62,117.0
17404,2010-12-14 13:28:00,2011-12-05 16:26:00,15,32748,31906.82,161.14555555555555,111,10,Sweden,4,357,1.5,2127.1213333333335,2183.2
17405,2011-07-12 14:17:00,2011-12-08 17:12:00,3,726,1031.41,12.578170731707319,77,3,United Kingdom,1,150,1.0,343.80333333333334,242.0
17406,2010-12-08 10:35:00,2011-01-10 15:07:00,3,787,2200.42,19.47274336283186,99,2,United Kingdom,333,34,1.5,733.4733333333334,262.3333333333333
17408,2011-06-29 12:53:00,2011-06-29 12:53:00,1,3,32.65,16.325,2,1,United Kingdom,163,1,1.0,32.65,3.0
17409,2011-04-05 16:42:00,2011-06-08 10:36:00,2,105,771.85,59.37307692307692,13,2,United Kingdom,185,64,1.0,385.925,52.5
17410,2011-05-08 15:21:00,2011-11-23 15:46:00,5,616,1214.72,18.98,57,4,United Kingdom,16,200,1.25,242.94400000000002,123.2
17411,2011-03-23 13:44:00,2011-11-27 14:25:00,3,306,778.94,18.998536585365855,39,3,United Kingdom,12,250,1.0,259.6466666666667,102.0
17412,2010-12-02 16:29:00,2011-12-07 11:36:00,7,738,1258.06,19.061515151515152,48,6,United Kingdom,3,370,1.1666666666666667,179.72285714285712,105.42857142857143
17414,2011-06-08 11:43:00,2011-10-27 12:13:00,2,2100,778.0,129.66666666666666,5,2,United Kingdom,44,142,1.0,389.0,1050.0
17415,2011-09-21 12:50:00,2011-09-21 12:50:00,1,114,507.84,36.27428571428571,14,1,United Kingdom,80,1,1.0,507.84,114.0
17416,2011-03-03 13:45:00,2011-11-10 12:47:00,7,4302,6893.42,25.626096654275095,186,6,United Kingdom,30,252,1.1666666666666667,984.7742857142857,614.5714285714286
17418,2011-01-20 11:39:00,2011-10-28 13:00:00,2,289,463.46000000000004,15.448666666666668,29,2,United Kingdom,42,282,1.0,231.73000000000002,144.5
17419,2010-12-07 15:03:00,2011-11-28 13:47:00,12,1876,4226.57,20.517330097087378,155,8,United Kingdom,11,356,1.5,352.21416666666664,156.33333333333334
17420,2010-12-01 09:56:00,2011-10-20 14:52:00,3,265,598.83,19.961000000000002,28,3,United Kingdom,50,324,1.0,199.61,88.33333333333333
17422,2011-02-16 14:44:00,2011-11-23 13:27:00,6,2253,1979.37,16.917692307692306,93,6,United Kingdom,16,280,1.0,329.895,375.5
17423,2011-05-06 09:14:00,2011-10-24 13:36:00,2,459,698.41,26.861923076923077,26,2,United Kingdom,46,172,1.0,349.205,229.5
17425,2011-10-10 11:37:00,2011-11-20 15:30:00,2,407,759.17,17.655116279069766,42,2,United Kingdom,19,42,1.0,379.585,203.5
17426,2011-03-02 16:34:00,2011-12-01 18:07:00,6,3094,5037.26,18.58767527675277,179,4,United Kingdom,8,275,1.5,839.5433333333334,515.6666666666666
17427,2011-09-29 11:29:00,2011-09-29 11:29:00,1,34,100.8,50.4,2,1,United Kingdom,72,1,1.0,100.8,34.0
17428,2010-12-06 09:37:00,2011-12-09 09:45:00,28,9474,17256.85,52.61234756097561,252,13,United Kingdom,1,369,2.1538461538461537,616.3160714285714,338.35714285714283
17429,2011-05-05 09:53:00,2011-08-03 13:22:00,3,624,524.9200000000001,13.459487179487182,36,3,United Kingdom,128,91,1.0,174.97333333333336,208.0
17430,2010-12-09 13:05:00,2011-11-07 09:24:00,2,190,265.76,18.982857142857142,14,2,United Kingdom,33,333,1.0,132.88,95.0
17431,2011-01-30 14:36:00,2011-01-30 14:36:00,1,292,403.3,9.37906976744186,41,1,United Kingdom,313,1,1.0,403.3,292.0
17432,2011-11-02 17:30:00,2011-11-21 17:33:00,2,207,365.76,7.62,44,1,United Kingdom,18,20,2.0,182.88,103.5
17433,2011-09-12 14:24:00,2011-09-12 14:24:00,1,185,303.15999999999997,5.6140740740740736,53,1,United Kingdom,88,1,1.0,303.15999999999997,185.0
17434,2011-09-15 13:54:00,2011-12-07 13:16:00,7,1693,2373.82,17.715074626865672,100,4,United Kingdom,2,83,1.75,339.1171428571429,241.85714285714286
17436,2011-04-27 11:33:00,2011-12-08 12:30:00,2,90,216.29999999999998,24.03333333333333,7,2,United Kingdom,2,226,1.0,108.14999999999999,45.0
17438,2011-03-31 10:26:00,2011-03-31 10:26:00,1,103,388.45000000000005,22.85,17,1,United Kingdom,254,1,1.0,388.45000000000005,103.0
17440,2011-04-06 12:05:00,2011-07-06 11:54:00,3,246,186.42000000000002,37.284000000000006,3,2,United Kingdom,157,91,1.5,62.14000000000001,82.0
17442,2011-02-22 13:02:00,2011-11-03 09:17:00,6,1496,2248.56,16.656,96,6,United Kingdom,37,254,1.0,374.76,249.33333333333334
17443,2011-05-04 10:47:00,2011-05-04 10:47:00,1,504,534.24,534.24,1,1,Canada,220,1,1.0,534.24,504.0
17444,2011-06-20 09:04:00,2011-07-15 12:05:00,3,2119,2940.04,21.778074074074073,132,2,Canada,148,26,1.5,980.0133333333333,706.3333333333334
17446,2011-02-02 14:40:00,2011-06-16 10:42:00,2,198,120.9,13.433333333333334,6,2,United Kingdom,177,134,1.0,60.45,99.0
17447,2011-09-29 10:10:00,2011-10-30 14:18:00,2,443,541.53,15.042499999999999,33,2,United Kingdom,40,32,1.0,270.765,221.5
17449,2010-12-15 10:57:00,2011-12-07 16:56:00,7,1122,2520.86,9.10057761732852,178,6,United Kingdom,2,358,1.1666666666666667,360.1228571428572,160.28571428571428
17450,2010-12-07 09:23:00,2011-12-01 13:29:00,46,69993,194550.79,577.3020474777448,124,12,United Kingdom,8,360,3.8333333333333335,4229.365,1521.5869565217392
17451,2011-08-26 11:54:00,2011-12-08 15:02:00,7,1203,1721.4,17.214000000000002,83,5,United Kingdom,1,105,1.4,245.91428571428574,171.85714285714286
17453,2011-10-06 17:02:00,2011-11-22 09:42:00,2,219,486.71999999999997,25.616842105263157,19,2,United Kingdom,18,47,1.0,243.35999999999999,109.5
17454,2010-12-15 10:54:00,2011-05-31 13:58:00,4,243,517.53,8.484098360655738,57,4,United Kingdom,192,168,1.0,129.3825,60.75
17455,2011-05-20 12:31:00,2011-05-20 12:31:00,1,66,131.7,16.4625,8,1,United Kingdom,204,1,1.0,131.7,66.0
17456,2010-12-09 15:23:00,2010-12-09 15:23:00,1,222,249.86,14.69764705882353,17,1,United Kingdom,365,1,1.0,249.86,222.0
17457,2011-01-04 14:33:00,2011-08-05 12:48:00,5,826,1737.7,91.4578947368421,14,5,United Kingdom,127,213,1.0,347.54,165.2
17458,2011-11-24 13:01:00,2011-11-24 13:01:00,1,170,316.5,5.861111111111111,52,1,United Kingdom,15,1,1.0,316.5,170.0
17459,2011-10-10 17:00:00,2011-10-27 13:25:00,2,537,657.3,5.921621621621621,88,1,United Kingdom,43,17,2.0,328.65,268.5
17460,2010-12-01 16:24:00,2011-09-06 15:04:00,6,236,622.4300000000001,21.463103448275863,18,5,United Kingdom,94,279,1.2,103.73833333333334,39.333333333333336
17461,2011-11-10 12:01:00,2011-11-17 10:21:00,3,799,757.46,6.823963963963965,104,1,United Kingdom,23,7,3.0,252.48666666666668,266.3333333333333
17462,2011-02-28 17:01:00,2011-10-10 13:56:00,2,227,675.69,25.025555555555556,25,2,United Kingdom,60,224,1.0,337.845,113.5
17463,2011-01-30 15:48:00,2011-11-23 13:40:00,5,1095,1896.41,8.820511627906978,162,5,United Kingdom,16,297,1.0,379.28200000000004,219.0
17464,2011-07-04 13:19:00,2011-07-04 13:19:00,1,220,289.96000000000004,32.21777777777778,9,1,United Kingdom,158,1,1.0,289.96000000000004,220.0
17466,2011-09-22 09:16:00,2011-11-29 13:15:00,2,306,763.28,18.61658536585366,41,2,United Kingdom,10,69,1.0,381.64,153.0
17468,2011-11-25 12:52:00,2011-11-29 15:33:00,2,116,137.0,27.4,5,1,United Kingdom,10,5,2.0,68.5,58.0
17469,2011-05-19 08:55:00,2011-11-23 13:15:00,5,787,1870.97,21.261022727272728,61,5,United Kingdom,16,189,1.0,374.194,157.4
17470,2010-12-07 09:57:00,2011-10-26 12:42:00,5,1675,1125.07,14.423974358974359,67,5,United Kingdom,45,324,1.0,225.01399999999998,335.0
17472,2011-02-13 14:40:00,2011-06-01 14:57:00,3,462,710.29,3.9242541436464085,142,2,United Kingdom,191,109,1.5,236.76333333333332,154.0
17475,2011-09-21 14:55:00,2011-09-21 14:55:00,1,178,194.37,13.883571428571429,14,1,United Kingdom,79,1,1.0,194.37,178.0
17480,2011-09-23 11:39:00,2011-09-23 11:39:00,1,338,511.82,17.64896551724138,29,1,United Kingdom,78,1,1.0,511.82,338.0
17481,2011-09-07 09:57:00,2011-12-06 12:28:00,4,1061,1255.59,15.312073170731706,69,3,United Kingdom,4,91,1.3333333333333333,313.8975,265.25
17483,2011-06-09 19:40:00,2011-10-05 13:10:00,3,191,414.04,19.716190476190476,18,3,United Kingdom,65,118,1.0,138.01333333333335,63.666666666666664
17486,2011-03-23 14:00:00,2011-03-23 14:00:00,1,191,396.87,16.53625,24,1,United Kingdom,261,1,1.0,396.87,191.0
17489,2011-05-11 11:34:00,2011-10-12 08:56:00,2,428,376.64,12.987586206896552,28,2,United Kingdom,59,154,1.0,188.32,214.0
17490,2011-06-16 09:15:00,2011-12-09 09:08:00,7,1134,2092.32,27.530526315789476,63,4,United Kingdom,1,176,1.75,298.90285714285716,162.0
17491,2010-12-07 12:18:00,2011-12-08 16:18:00,10,2013,3558.87,32.65018348623853,72,8,United Kingdom,1,367,1.25,355.887,201.3
17492,2011-04-05 15:21:00,2011-04-05 15:21:00,1,155,374.57,31.214166666666667,12,1,United Kingdom,248,1,1.0,374.57,155.0
17495,2011-11-01 12:06:00,2011-12-02 12:08:00,2,229,497.56,18.42814814814815,21,2,United Kingdom,8,32,1.0,248.78,114.5
17496,2010-12-16 08:39:00,2010-12-16 08:39:00,1,79,271.05,27.105,10,1,United Kingdom,359,1,1.0,271.05,79.0
17498,2011-09-25 12:25:00,2011-09-25 12:25:00,1,394,272.22,16.01294117647059,17,1,United Kingdom,76,1,1.0,272.22,394.0
17499,2011-02-23 09:14:00,2011-02-23 09:14:00,1,711,622.88,15.572,40,1,United Kingdom,290,1,1.0,622.88,711.0
17500,2011-11-10 09:08:00,2011-11-22 14:25:00,3,17,1138.0,227.6,3,1,United Kingdom,17,13,3.0,379.3333333333333,5.666666666666667
17501,2011-05-03 09:46:00,2011-05-03 09:47:00,2,160,288.6,16.033333333333335,18,1,United Kingdom,221,1,2.0,144.3,80.0
17502,2011-11-10 16:39:00,2011-11-30 13:13:00,4,376,689.1,24.610714285714288,25,1,United Kingdom,9,20,4.0,172.275,94.0
17503,2011-11-01 11:12:00,2011-12-07 09:18:00,2,486,558.96,14.709473684210527,36,2,United Kingdom,3,36,1.0,279.48,243.0
17504,2011-01-21 11:09:00,2011-05-17 12:59:00,9,1664,2997.0299999999997,23.598661417322834,112,4,United Kingdom,206,117,2.25,333.00333333333333,184.88888888888889
17505,2011-05-18 09:01:00,2011-07-01 12:50:00,2,556,1145.84,22.035384615384615,48,2,United Kingdom,162,45,1.0,572.92,278.0
17506,2011-09-25 11:39:00,2011-09-25 11:39:00,1,139,302.2,21.585714285714285,14,1,United Kingdom,76,1,1.0,302.2,139.0
17507,2011-02-03 18:08:00,2011-03-23 11:48:00,2,359,605.58,6.881590909090909,79,2,United Kingdom,262,48,1.0,302.79,179.5
17508,2011-03-04 08:10:00,2011-03-04 08:10:00,1,289,387.31,17.605,22,1,Greece,281,1,1.0,387.31,289.0
17509,2011-10-07 13:14:00,2011-10-13 10:26:00,8,3534,6115.14,16.708032786885248,75,1,United Kingdom,58,6,8.0,764.3925,441.75
17510,2011-11-15 10:00:00,2011-11-15 10:00:00,1,214,308.48,15.424000000000001,20,1,United Kingdom,25,1,1.0,308.48,214.0
17511,2010-12-01 10:19:00,2011-12-07 10:12:00,31,64549,91062.38,94.5611422637591,453,13,United Kingdom,3,371,2.3846153846153846,2937.496129032258,2082.2258064516127
17512,2011-02-11 12:22:00,2011-11-11 12:11:00,10,2753,2924.9900000000002,27.85704761904762,61,7,United Kingdom,29,273,1.4285714285714286,292.499,275.3
17513,2011-09-28 16:42:00,2011-09-28 16:42:00,1,254,513.2,85.53333333333335,6,1,United Kingdom,72,1,1.0,513.2,254.0
17514,2011-08-03 15:45:00,2011-08-03 15:45:00,1,135,208.65,5.2162500000000005,40,1,United Kingdom,128,1,1.0,208.65,135.0
17515,2011-01-25 14:33:00,2011-11-08 14:04:00,4,243,639.02,7.345057471264368,49,4,United Kingdom,31,287,1.0,159.755,60.75
17516,2011-02-27 12:41:00,2011-11-24 16:51:00,5,416,768.08,5.606423357664234,113,4,United Kingdom,15,271,1.25,153.616,83.2
17517,2011-02-04 11:48:00,2011-02-04 11:48:00,1,102,153.94,13.994545454545454,11,1,United Kingdom,309,1,1.0,153.94,102.0
17519,2010-12-06 15:18:00,2011-11-22 16:43:00,6,1236,1844.02,22.488048780487805,60,6,United Kingdom,17,352,1.0,307.33666666666664,206.0
17520,2011-10-17 12:04:00,2011-10-17 12:04:00,1,365,546.81,18.226999999999997,30,1,United Kingdom,54,1,1.0,546.81,365.0
17521,2011-05-24 15:14:00,2011-11-10 11:22:00,3,519,723.2099999999999,16.07133333333333,38,3,United Kingdom,30,170,1.0,241.06999999999996,173.0
17522,2011-05-05 16:31:00,2011-12-08 12:31:00,5,1034,1070.71,14.667260273972603,59,4,United Kingdom,2,217,1.25,214.142,206.8
17523,2011-11-20 13:40:00,2011-11-28 13:20:00,4,872,652.74,19.78,25,1,United Kingdom,11,8,4.0,163.185,218.0
17524,2010-12-13 14:32:00,2010-12-13 14:32:00,1,90,145.0,24.166666666666668,6,1,United Kingdom,361,1,1.0,145.0,90.0
17525,2010-12-15 12:05:00,2010-12-15 12:05:00,1,82,422.70000000000005,46.96666666666667,9,1,United Kingdom,360,1,1.0,422.70000000000005,82.0
17526,2010-12-09 12:20:00,2011-12-05 11:05:00,4,310,1195.8999999999999,62.942105263157885,17,3,United Kingdom,5,361,1.3333333333333333,298.97499999999997,77.5
17527,2011-05-05 13:43:00,2011-10-17 12:32:00,4,488,939.37,19.98659574468085,45,4,United Kingdom,54,165,1.0,234.8425,122.0
17528,2011-09-29 13:04:00,2011-12-08 13:27:00,8,2138,3628.5,14.34189723320158,183,4,United Kingdom,1,71,2.0,453.5625,267.25
17530,2010-12-09 20:01:00,2011-12-08 18:42:00,10,1526,2385.0,6.053299492385787,306,8,United Kingdom,1,364,1.25,238.5,152.6
17531,2011-06-02 19:17:00,2011-06-02 19:17:00,1,136,296.7,21.192857142857143,14,1,United Kingdom,190,1,1.0,296.7,136.0
17534,2011-10-17 12:47:00,2011-10-17 12:47:00,1,103,223.36,24.817777777777778,9,1,United Kingdom,54,1,1.0,223.36,103.0
17535,2011-03-04 15:20:00,2011-03-04 15:20:00,1,136,164.4,12.646153846153847,13,1,United Kingdom,280,1,1.0,164.4,136.0
17536,2011-06-15 13:23:00,2011-06-15 13:23:00,1,6,76.5,25.5,3,1,United Kingdom,177,1,1.0,76.5,6.0
17537,2011-02-09 13:37:00,2011-11-10 10:56:00,2,700,897.62,11.968266666666667,74,2,United Kingdom,30,274,1.0,448.81,350.0
17538,2011-11-14 12:12:00,2011-11-14 12:12:00,1,134,98.42,10.935555555555556,9,1,United Kingdom,26,1,1.0,98.42,134.0
17540,2011-01-27 14:35:00,2011-11-15 11:56:00,2,194,578.9,23.156,20,2,United Kingdom,25,292,1.0,289.45,97.0
17542,2011-03-15 11:45:00,2011-03-15 11:45:00,1,134,170.75,6.83,24,1,United Kingdom,270,1,1.0,170.75,134.0
17545,2011-10-27 13:48:00,2011-10-27 14:04:00,3,341,645.96,4.454896551724138,122,1,United Kingdom,43,1,3.0,215.32000000000002,113.66666666666667
17548,2011-04-20 12:01:00,2011-04-20 12:01:00,1,58,103.3,20.66,5,1,United Kingdom,234,1,1.0,103.3,58.0
17549,2011-10-19 10:05:00,2011-11-16 09:59:00,2,210,148.86,24.810000000000002,5,2,United Kingdom,24,28,1.0,74.43,105.0
17550,2011-04-10 15:19:00,2011-05-26 14:09:00,3,86,267.16,6.360952380952382,42,2,United Kingdom,197,46,1.5,89.05333333333334,28.666666666666668
17551,2010-12-15 14:12:00,2010-12-15 14:12:00,1,150,306.84,7.1358139534883716,39,1,United Kingdom,359,1,1.0,306.84,150.0
17552,2010-12-02 18:45:00,2011-10-10 17:00:00,4,719,930.41,18.987959183673468,43,3,United Kingdom,60,312,1.3333333333333333,232.6025,179.75
17553,2011-08-02 10:00:00,2011-08-02 10:00:00,1,1048,1487.6,743.8,2,1,United Kingdom,130,1,1.0,1487.6,1048.0
17554,2011-07-14 20:01:00,2011-12-08 14:15:00,5,1763,1952.45,22.18693181818182,58,5,United Kingdom,1,147,1.0,390.49,352.6
17555,2011-01-09 12:31:00,2011-11-20 12:22:00,2,349,483.26,4.559056603773585,101,2,United Kingdom,20,315,1.0,241.63,174.5
17556,2011-05-18 10:48:00,2011-05-18 10:48:00,1,101,157.9,26.316666666666666,6,1,United Kingdom,206,1,1.0,157.9,101.0
17557,2011-09-19 14:23:00,2011-11-25 12:57:00,3,306,541.46,15.92529411764706,27,3,United Kingdom,14,67,1.0,180.48666666666668,102.0
17560,2011-02-02 11:14:00,2011-09-06 09:18:00,4,635,854.95,32.88269230769231,22,4,United Kingdom,95,216,1.0,213.7375,158.75
17561,2011-11-20 12:53:00,2011-11-20 12:53:00,1,146,167.62,3.643913043478261,44,1,United Kingdom,19,1,1.0,167.62,146.0
17562,2011-06-19 13:06:00,2011-11-25 14:21:00,7,817,1122.38,17.81555555555556,48,6,United Kingdom,14,160,1.1666666666666667,160.34,116.71428571428571
17564,2011-09-20 14:00:00,2011-11-15 13:27:00,3,146,454.01,9.265510204081632,38,3,United Kingdom,24,56,1.0,151.33666666666667,48.666666666666664
17566,2011-11-14 13:42:00,2011-12-01 19:54:00,2,518,901.21,5.929013157894737,113,2,United Kingdom,8,18,1.0,450.605,259.0
17567,2010-12-02 15:18:00,2011-12-02 15:48:00,8,2632,4331.48,26.251393939393935,110,8,United Kingdom,7,366,1.0,541.435,329.0
17569,2011-01-11 14:15:00,2011-01-11 14:15:00,1,159,344.14,11.866896551724137,29,1,United Kingdom,332,1,1.0,344.14,159.0
17571,2011-02-14 15:15:00,2011-10-20 15:57:00,4,905,1498.51,5.0117391304347825,247,4,United Kingdom,50,249,1.0,374.6275,226.25
17572,2010-12-01 12:51:00,2011-09-29 17:53:00,4,95,226.75000000000003,18.895833333333336,7,3,United Kingdom,71,303,1.3333333333333333,56.68750000000001,23.75
17573,2011-09-07 10:36:00,2011-11-10 13:01:00,3,308,380.6,15.224,24,2,United Kingdom,29,65,1.5,126.86666666666667,102.66666666666667
17574,2011-04-11 09:47:00,2011-04-11 09:47:00,1,77,185.65,23.20625,8,1,United Kingdom,243,1,1.0,185.65,77.0
17576,2010-12-09 16:57:00,2011-12-01 17:56:00,19,1994,3622.68,8.814306569343065,245,13,United Kingdom,8,358,1.4615384615384615,190.66736842105263,104.94736842105263
17578,2011-05-05 18:38:00,2011-05-05 18:38:00,1,138,143.45999999999998,28.691999999999997,5,1,United Kingdom,218,1,1.0,143.45999999999998,138.0
17579,2011-06-13 14:12:00,2011-12-05 12:28:00,3,258,448.90000000000003,8.978000000000002,46,3,United Kingdom,5,175,1.0,149.63333333333335,86.0
17580,2010-12-16 15:27:00,2011-04-01 12:41:00,3,88,215.72,4.793777777777778,43,3,United Kingdom,253,106,1.0,71.90666666666667,29.333333333333332
17581,2010-12-02 14:47:00,2011-12-09 12:21:00,25,5927,11045.04,25.102363636363638,229,10,United Kingdom,1,372,2.5,441.8016,237.08
17582,2011-04-17 13:18:00,2011-04-17 13:18:00,1,123,175.27,6.043793103448277,28,1,United Kingdom,236,1,1.0,175.27,123.0
17584,2011-08-04 14:12:00,2011-12-02 17:12:00,2,458,1242.3,35.494285714285716,30,2,United Kingdom,7,121,1.0,621.15,229.0
17585,2011-01-05 15:09:00,2011-08-22 13:30:00,4,1671,1133.07,5.294719626168224,176,4,United Kingdom,109,229,1.0,283.2675,417.75
17588,2011-04-21 10:31:00,2011-08-31 13:37:00,3,676,1240.2,53.92173913043479,19,3,United Kingdom,100,133,1.0,413.40000000000003,225.33333333333334
17589,2011-04-13 13:47:00,2011-10-10 16:58:00,4,1631,2404.17,9.502648221343874,172,4,United Kingdom,60,181,1.0,601.0425,407.75
17590,2011-10-30 14:05:00,2011-12-07 12:55:00,3,828,1479.22,7.359303482587065,162,3,United Kingdom,2,38,1.0,493.0733333333333,276.0
17591,2010-12-07 15:39:00,2011-09-27 13:42:00,7,1009,2225.9700000000003,13.409457831325303,81,7,United Kingdom,73,294,1.0,317.9957142857143,144.14285714285714
17593,2010-12-22 10:29:00,2011-12-06 10:30:00,5,3101,3927.34,18.438215962441316,190,5,United Kingdom,4,350,1.0,785.4680000000001,620.2
17594,2011-03-30 10:32:00,2011-09-15 16:34:00,2,550,993.18,19.863599999999998,42,2,United Kingdom,85,170,1.0,496.59,275.0
17595,2011-11-02 16:19:00,2011-11-27 16:08:00,2,229,388.79,4.68421686746988,68,1,United Kingdom,12,25,2.0,194.395,114.5
17596,2010-12-06 12:34:00,2011-11-16 14:11:00,7,4400,2827.93,10.473814814814814,168,6,United Kingdom,23,346,1.1666666666666667,403.98999999999995,628.5714285714286
17597,2011-05-10 11:54:00,2011-05-10 11:54:00,1,1176,2044.3700000000001,37.17036363636364,55,1,United Kingdom,214,1,1.0,2044.3700000000001,1176.0
17600,2011-11-22 09:43:00,2011-11-22 09:43:00,1,144,161.67000000000002,12.436153846153847,13,1,United Kingdom,18,1,1.0,161.67000000000002,144.0
17601,2011-04-14 18:02:00,2011-04-14 18:02:00,1,103,116.00999999999999,12.889999999999999,9,1,United Kingdom,239,1,1.0,116.00999999999999,103.0
17602,2011-01-19 16:18:00,2011-12-07 13:53:00,6,4151,5102.97,9.11244642857143,335,6,United Kingdom,2,322,1.0,850.495,691.8333333333334
17603,2011-09-22 14:18:00,2011-09-22 14:18:00,1,74,394.72,35.88363636363636,11,1,United Kingdom,78,1,1.0,394.72,74.0
17604,2011-01-31 15:09:00,2011-05-06 13:43:00,2,169,309.36,4.91047619047619,57,2,United Kingdom,217,95,1.0,154.68,84.5
17608,2011-11-06 13:00:00,2011-11-06 13:06:00,2,232,193.42,3.2783050847457624,54,1,United Kingdom,33,1,2.0,96.71,116.0
17609,2011-01-16 16:23:00,2011-10-30 12:28:00,5,723,1112.22,4.692911392405064,199,4,United Kingdom,41,287,1.25,222.44400000000002,144.6
17611,2010-12-13 13:52:00,2011-12-02 13:29:00,15,2560,3984.22,6.9170486111111105,440,12,United Kingdom,7,354,1.25,265.61466666666666,170.66666666666666
17612,2011-02-15 10:40:00,2011-10-17 14:59:00,6,1808,2048.45,15.173703703703703,116,6,United Kingdom,53,245,1.0,341.4083333333333,301.3333333333333
17613,2011-02-07 11:20:00,2011-11-17 10:51:00,14,2496,4559.150000000001,14.612660256410258,211,9,United Kingdom,23,283,1.5555555555555556,325.65357142857147,178.28571428571428
17614,2011-10-13 16:01:00,2011-10-13 16:01:00,1,238,390.07,3.9007,97,1,United Kingdom,57,1,1.0,390.07,238.0
17615,2011-05-01 15:33:00,2011-08-01 14:06:00,3,140,329.6,23.542857142857144,13,2,United Kingdom,130,92,1.5,109.86666666666667,46.666666666666664
17616,2010-12-07 10:04:00,2011-06-19 10:11:00,3,224,571.1999999999999,190.39999999999998,1,3,United Kingdom,174,195,1.0,190.39999999999998,74.66666666666667
17618,2010-12-12 16:05:00,2011-12-04 11:50:00,3,331,971.58,12.456153846153846,56,3,United Kingdom,6,357,1.0,323.86,110.33333333333333
17619,2011-01-31 14:18:00,2011-01-31 14:18:00,1,127,218.52,2.837922077922078,71,1,United Kingdom,312,1,1.0,218.52,127.0
17620,2011-10-11 12:08:00,2011-10-11 12:08:00,1,60,81.44,20.36,4,1,United Kingdom,60,1,1.0,81.44,60.0
17621,2010-12-20 13:31:00,2011-11-18 17:11:00,3,514,1379.9,53.073076923076925,24,3,United Kingdom,21,334,1.0,459.9666666666667,171.33333333333334
17623,2011-11-07 11:32:00,2011-11-07 11:32:00,1,265,527.0500000000001,15.971212121212123,33,1,United Kingdom,33,1,1.0,527.0500000000001,265.0
17624,2011-05-05 17:59:00,2011-11-25 10:52:00,2,554,843.48,16.869600000000002,49,2,United Kingdom,15,204,1.0,421.74,277.0
17625,2011-03-27 12:21:00,2011-11-21 13:36:00,4,1198,2047.0,6.498412698412698,223,4,United Kingdom,18,240,1.0,511.75,299.5
17628,2011-09-19 15:21:00,2011-09-19 15:21:00,1,79,75.75,15.15,5,1,United Kingdom,81,1,1.0,75.75,79.0
17629,2010-12-15 09:58:00,2011-12-04 10:56:00,8,1629,1814.12,14.748943089430893,106,8,United Kingdom,6,355,1.0,226.765,203.625
17630,2011-04-21 14:03:00,2011-06-23 11:58:00,2,158,503.59999999999997,19.369230769230768,24,2,United Kingdom,170,63,1.0,251.79999999999998,79.0
17631,2011-04-21 13:22:00,2011-12-08 09:47:00,3,334,528.33,13.546923076923077,39,3,United Kingdom,2,231,1.0,176.11,111.33333333333333
17633,2011-08-11 15:43:00,2011-11-08 13:25:00,4,644,1324.84,18.92628571428571,59,3,United Kingdom,31,89,1.3333333333333333,331.21,161.0
17634,2011-01-06 12:45:00,2011-11-03 13:09:00,9,840,2361.9700000000003,7.952760942760944,209,8,United Kingdom,36,302,1.125,262.4411111111111,93.33333333333333
17636,2011-11-20 14:40:00,2011-11-20 14:40:00,1,182,285.56,14.278,20,1,United Kingdom,19,1,1.0,285.56,182.0
17637,2011-08-16 13:25:00,2011-11-08 12:51:00,2,280,547.0600000000001,15.630285714285716,35,2,United Kingdom,31,84,1.0,273.53000000000003,140.0
17639,2011-03-08 15:22:00,2011-03-08 15:22:00,1,49,108.5,15.5,7,1,United Kingdom,276,1,1.0,108.5,49.0
17640,2011-09-14 09:13:00,2011-09-14 09:13:00,1,250,621.66,124.332,5,1,United Kingdom,87,1,1.0,621.66,250.0
17642,2011-06-16 12:55:00,2011-08-12 09:11:00,2,474,712.29,17.80725,34,2,United Kingdom,120,57,1.0,356.145,237.0
17643,2010-12-01 14:38:00,2010-12-01 14:38:00,1,71,101.55,12.69375,8,1,United Kingdom,373,1,1.0,101.55,71.0
17644,2011-03-24 09:44:00,2011-12-08 13:43:00,11,1793,2895.64,18.443566878980892,102,8,United Kingdom,1,260,1.375,263.24,163.0
17646,2010-12-09 14:28:00,2011-05-04 13:17:00,3,323,1008.39,19.77235294117647,46,3,United Kingdom,219,146,1.0,336.13,107.66666666666667
17647,2011-10-05 15:38:00,2011-10-05 15:38:00,1,30,133.06,19.00857142857143,7,1,United Kingdom,65,1,1.0,133.06,30.0
17648,2011-04-04 10:29:00,2011-10-10 09:41:00,4,487,1797.5,19.752747252747252,81,3,United Kingdom,61,189,1.3333333333333333,449.375,121.75
17649,2011-07-24 15:53:00,2011-07-24 15:53:00,1,399,868.49,16.70173076923077,52,1,United Kingdom,138,1,1.0,868.49,399.0
17650,2011-11-18 14:52:00,2011-11-18 14:52:00,1,150,166.08,20.76,8,1,United Kingdom,21,1,1.0,166.08,150.0
17651,2011-06-15 15:57:00,2011-11-28 10:29:00,10,3112,3945.0,17.004310344827587,149,5,United Kingdom,12,166,2.0,394.5,311.2
17652,2011-03-03 14:05:00,2011-11-14 12:55:00,12,2509,4867.72,18.794285714285714,118,7,United Kingdom,25,256,1.7142857142857142,405.6433333333334,209.08333333333334
17653,2011-08-11 15:24:00,2011-11-03 12:46:00,4,1409,1207.56,27.44454545454545,44,3,United Kingdom,37,84,1.3333333333333333,301.89,352.25
17654,2011-03-07 13:17:00,2011-03-07 13:17:00,1,41,117.55,5.343181818181818,22,1,United Kingdom,277,1,1.0,117.55,41.0
17655,2010-12-08 16:45:00,2011-11-29 11:34:00,7,1116,2638.94,28.99934065934066,66,6,United Kingdom,11,356,1.1666666666666667,376.99142857142857,159.42857142857142
17656,2011-08-03 10:45:00,2011-09-27 13:04:00,5,1399,1674.69,20.423048780487804,67,2,United Kingdom,73,56,2.5,334.938,279.8
17658,2011-05-12 15:23:00,2011-11-14 12:07:00,2,616,595.42,31.337894736842102,17,2,United Kingdom,26,186,1.0,297.71,308.0
17659,2010-12-02 16:46:00,2011-11-22 13:29:00,12,1525,2999.46,18.98392405063291,127,7,United Kingdom,17,355,1.7142857142857142,249.955,127.08333333333333
17660,2011-07-21 13:37:00,2011-07-21 13:37:00,1,130,196.0,4.355555555555555,37,1,United Kingdom,141,1,1.0,196.0,130.0
17663,2011-02-25 14:11:00,2011-11-14 08:56:00,7,797,1802.91,20.96406976744186,63,6,United Kingdom,26,262,1.1666666666666667,257.55857142857144,113.85714285714286
17664,2011-05-11 14:17:00,2011-11-21 11:29:00,2,604,604.64,14.061395348837209,41,2,United Kingdom,19,194,1.0,302.32,302.0
17666,2011-10-05 11:06:00,2011-12-06 09:06:00,2,596,728.16,40.45333333333333,14,2,United Kingdom,4,62,1.0,364.08,298.0
17667,2011-02-14 09:24:00,2011-10-04 14:32:00,5,1033,2055.51,17.71991379310345,85,4,United Kingdom,66,233,1.25,411.10200000000003,206.6
17668,2011-11-01 14:45:00,2011-12-08 13:25:00,2,93,347.75,23.183333333333334,14,2,United Kingdom,1,37,1.0,173.875,46.5
17669,2011-04-04 10:11:00,2011-10-28 08:53:00,7,1916,3406.7200000000003,50.09882352941177,45,6,United Kingdom,43,207,1.1666666666666667,486.67428571428576,273.7142857142857
17670,2011-04-26 09:12:00,2011-04-26 09:12:00,1,110,205.7,18.7,11,1,United Kingdom,228,1,1.0,205.7,110.0
17671,2010-12-09 14:27:00,2011-11-24 12:21:00,4,772,1572.71,29.67377358490566,40,4,United Kingdom,16,350,1.0,393.1775,193.0
17672,2011-02-03 13:29:00,2011-10-20 14:18:00,2,1690,3178.17,28.892454545454545,105,2,United Kingdom,50,260,1.0,1589.085,845.0
17673,2011-01-23 15:16:00,2011-12-08 12:50:00,6,1487,1629.12,7.176740088105727,118,5,United Kingdom,2,319,1.2,271.52,247.83333333333334
17674,2010-12-06 10:20:00,2011-09-26 13:35:00,2,672,551.04,20.40888888888889,19,2,United Kingdom,74,295,1.0,275.52,336.0
17675,2010-12-07 13:22:00,2011-12-08 18:03:00,31,8360,20374.28,28.89968794326241,239,13,United Kingdom,1,367,2.3846153846153846,657.2348387096774,269.6774193548387
17676,2010-12-08 13:49:00,2011-12-05 15:16:00,6,932,1387.68,17.790769230769232,49,4,United Kingdom,4,363,1.5,231.28,155.33333333333334
17677,2010-12-06 08:42:00,2011-12-08 09:56:00,30,9775,16363.23,53.82641447368421,178,13,United Kingdom,2,368,2.3076923076923075,545.441,325.8333333333333
17678,2011-03-21 11:52:00,2011-03-21 11:52:00,1,207,298.11,18.631875,16,1,United Kingdom,264,1,1.0,298.11,207.0
17679,2011-09-15 10:35:00,2011-10-18 07:43:00,2,729,1992.1100000000001,66.40366666666667,29,2,United Kingdom,53,33,1.0,996.0550000000001,364.5
17680,2011-11-16 12:42:00,2011-11-16 12:42:00,1,96,184.4,16.763636363636365,11,1,United Kingdom,24,1,1.0,184.4,96.0
17682,2010-12-06 13:35:00,2011-11-29 15:59:00,6,1367,2474.33,20.968898305084746,48,6,United Kingdom,10,359,1.0,412.3883333333333,227.83333333333334
17684,2011-10-27 11:10:00,2011-10-27 11:10:00,1,145,239.41,15.960666666666667,15,1,United Kingdom,44,1,1.0,239.41,145.0
17685,2010-12-02 14:42:00,2011-11-23 11:36:00,7,1956,3191.53,24.550230769230772,88,6,United Kingdom,17,356,1.1666666666666667,455.9328571428572,279.42857142857144
17686,2011-02-10 10:18:00,2011-12-02 15:39:00,7,2478,5739.46,20.06804195804196,205,5,United Kingdom,7,296,1.4,819.9228571428572,354.0
17690,2010-12-01 16:15:00,2011-11-09 15:17:00,15,1773,4757.95,18.5857421875,186,9,United Kingdom,30,343,1.6666666666666667,317.19666666666666,118.2
17691,2010-12-06 11:10:00,2010-12-16 17:20:00,2,134,290.40000000000003,15.28421052631579,18,1,United Kingdom,358,11,2.0,145.20000000000002,67.0
17692,2010-12-15 13:37:00,2011-08-04 14:01:00,4,672,740.9399999999999,16.107391304347825,34,4,United Kingdom,127,233,1.0,185.23499999999999,168.0
17693,2011-07-25 15:48:00,2011-07-25 15:48:00,1,231,200.47,12.529375,16,1,United Kingdom,137,1,1.0,200.47,231.0
17694,2011-07-21 12:00:00,2011-07-21 12:00:00,1,184,283.12,18.874666666666666,15,1,United Kingdom,142,1,1.0,283.12,184.0
17695,2011-06-21 12:35:00,2011-07-31 10:40:00,2,779,765.34,21.866857142857143,30,2,United Kingdom,132,40,1.0,382.67,389.5
17696,2010-12-10 09:51:00,2011-11-01 13:43:00,8,1756,2285.71,19.875739130434784,78,6,United Kingdom,38,327,1.3333333333333333,285.71375,219.5
17697,2011-04-17 15:40:00,2011-04-17 15:40:00,1,93,338.95,17.839473684210525,19,1,United Kingdom,236,1,1.0,338.95,93.0
17698,2011-03-24 11:34:00,2011-03-24 11:34:00,1,93,154.95,19.36875,8,1,United Kingdom,261,1,1.0,154.95,93.0
17700,2011-03-03 16:34:00,2011-11-23 11:51:00,4,1266,2534.64,17.84957746478873,116,4,United Kingdom,17,265,1.0,633.66,316.5
17701,2011-04-01 12:25:00,2011-04-01 12:25:00,1,109,417.95,17.414583333333333,24,1,United Kingdom,253,1,1.0,417.95,109.0
17702,2011-05-17 16:23:00,2011-11-09 16:03:00,4,1353,1824.37,24.653648648648648,58,4,United Kingdom,30,176,1.0,456.0925,338.25
17703,2011-07-24 13:30:00,2011-11-04 15:51:00,3,590,798.74,14.522545454545455,47,3,United Kingdom,35,104,1.0,266.24666666666667,196.66666666666666
17704,2011-04-14 09:28:00,2011-06-24 09:40:00,2,343,885.19,28.554516129032258,27,2,United Kingdom,169,72,1.0,442.595,171.5
17705,2011-02-11 10:57:00,2011-12-06 13:45:00,9,963,1823.52,17.70407766990291,63,8,United Kingdom,3,299,1.125,202.61333333333334,107.0
17706,2010-12-08 11:02:00,2011-12-05 13:34:00,17,3899,10504.49,27.498664921465966,270,7,United Kingdom,4,363,2.4285714285714284,617.9111764705882,229.35294117647058
17707,2011-01-07 13:30:00,2011-06-07 15:03:00,2,144,152.4,30.48,3,2,United Kingdom,185,152,1.0,76.2,72.0
17708,2011-01-19 10:09:00,2011-06-05 10:12:00,2,91,267.08,7.630857142857143,28,2,United Kingdom,188,138,1.0,133.54,45.5
17709,2011-06-23 11:55:00,2011-06-23 11:55:00,1,17,137.45,19.635714285714283,7,1,United Kingdom,170,1,1.0,137.45,17.0
17711,2011-02-23 11:32:00,2011-11-29 11:40:00,2,246,385.1,16.743478260869566,22,2,United Kingdom,11,280,1.0,192.55,123.0
17712,2011-10-26 12:28:00,2011-10-26 12:28:00,1,215,522.91,18.031379310344825,29,1,United Kingdom,45,1,1.0,522.91,215.0
17714,2011-01-23 10:32:00,2011-01-23 10:32:00,1,92,153.0,15.3,10,1,United Kingdom,321,1,1.0,153.0,92.0
17715,2011-05-23 12:32:00,2011-05-23 12:32:00,1,384,326.4,326.4,1,1,United Kingdom,201,1,1.0,326.4,384.0
17716,2011-03-17 10:38:00,2011-11-17 12:00:00,11,3072,5655.99,23.085673469387753,171,6,United Kingdom,23,246,1.8333333333333333,514.180909090909,279.27272727272725
17718,2011-04-21 13:39:00,2011-04-21 13:39:00,1,83,139.35,23.224999999999998,6,1,United Kingdom,232,1,1.0,139.35,83.0
17719,2011-03-29 11:29:00,2011-11-02 10:36:00,15,2466,5396.04,19.693576642335767,111,8,United Kingdom,38,218,1.875,359.736,164.4
17720,2010-12-07 10:43:00,2011-11-13 15:04:00,4,576,1195.94,23.9188,39,4,United Kingdom,26,342,1.0,298.985,144.0
17722,2010-12-08 12:41:00,2011-09-04 15:22:00,4,1595,2424.04,21.078608695652175,111,4,United Kingdom,96,271,1.0,606.01,398.75
17723,2011-05-09 14:44:00,2011-08-04 18:37:00,6,792,3276.4000000000005,327.64000000000004,4,4,United Kingdom,127,88,1.5,546.0666666666667,132.0
17724,2011-07-24 13:26:00,2011-09-29 15:26:00,3,300,1033.0,25.825,38,2,United Kingdom,71,68,1.5,344.3333333333333,100.0
17725,2011-03-17 19:47:00,2011-11-23 16:34:00,11,2162,3439.08,17.911875,115,9,United Kingdom,16,251,1.2222222222222223,312.64363636363635,196.54545454545453
17727,2011-11-24 17:06:00,2011-11-24 17:06:00,1,645,1060.25,16.064393939393938,66,1,United Kingdom,15,1,1.0,1060.25,645.0
17728,2011-09-14 11:39:00,2011-12-06 08:52:00,3,1469,2876.01,17.430363636363637,153,3,United Kingdom,4,83,1.0,958.6700000000001,489.6666666666667
17730,2011-01-17 14:49:00,2011-12-06 15:43:00,13,3576,5298.4800000000005,24.304954128440368,127,10,United Kingdom,3,324,1.3,407.5753846153847,275.0769230769231
17731,2011-06-09 14:18:00,2011-09-21 15:02:00,4,493,1240.11,18.509104477611938,54,3,United Kingdom,79,105,1.3333333333333333,310.0275,123.25
17732,2010-12-02 09:29:00,2010-12-02 09:29:00,1,93,303.97,16.887222222222224,18,1,United Kingdom,373,1,1.0,303.97,93.0
17733,2011-03-23 09:54:00,2011-11-01 08:16:00,2,463,692.19,19.776857142857143,33,2,United Kingdom,39,223,1.0,346.095,231.5
17734,2011-04-20 10:04:00,2011-10-17 12:33:00,3,422,700.63,16.293720930232556,40,3,United Kingdom,54,181,1.0,233.54333333333332,140.66666666666666
17735,2010-12-07 10:32:00,2011-12-07 16:47:00,19,8439,13110.02,19.000028985507246,319,13,United Kingdom,2,366,1.4615384615384615,690.001052631579,444.1578947368421
17736,2011-08-18 14:33:00,2011-11-30 15:36:00,3,238,377.44,15.0976,24,3,United Kingdom,9,105,1.0,125.81333333333333,79.33333333333333
17737,2011-10-12 14:42:00,2011-11-30 15:16:00,2,108,168.24,16.824,8,2,United Kingdom,9,50,1.0,84.12,54.0
17738,2011-03-02 16:26:00,2011-11-20 15:05:00,4,1029,1879.05,19.371649484536082,89,3,United Kingdom,19,263,1.3333333333333333,469.7625,257.25
17739,2010-12-14 14:26:00,2011-11-28 09:12:00,7,861,2791.35,59.39042553191489,29,6,United Kingdom,12,349,1.1666666666666667,398.7642857142857,123.0
17742,2011-01-11 10:04:00,2011-08-18 15:28:00,2,89,355.11,23.674,13,2,United Kingdom,113,220,1.0,177.555,44.5
17744,2010-12-16 14:17:00,2011-12-06 12:11:00,6,3412,2322.4,17.076470588235296,110,5,United Kingdom,4,355,1.2,387.06666666666666,568.6666666666666
17746,2011-04-13 14:31:00,2011-04-13 14:31:00,1,29,110.25,18.375,6,1,United Kingdom,240,1,1.0,110.25,29.0
17747,2011-08-19 08:13:00,2011-08-19 08:13:00,1,12,71.4,71.4,1,1,United Kingdom,113,1,1.0,71.4,12.0
17749,2011-03-28 13:39:00,2011-06-14 15:45:00,2,320,674.52,19.272,33,2,United Kingdom,178,79,1.0,337.26,160.0
17750,2011-06-28 15:44:00,2011-12-04 14:09:00,9,3957,1797.57,9.313834196891191,101,7,United Kingdom,5,159,1.2857142857142858,199.73,439.6666666666667
17752,2010-12-15 16:19:00,2010-12-15 16:19:00,1,192,80.64,80.64,1,1,United Kingdom,359,1,1.0,80.64,192.0
17754,2011-03-24 13:54:00,2011-12-09 11:20:00,5,1869,1772.26,19.26369565217391,82,5,United Kingdom,1,260,1.0,354.452,373.8
17757,2010-12-02 17:17:00,2011-12-08 15:31:00,30,3320,5605.29,7.564493927125506,275,13,United Kingdom,1,371,2.3076923076923075,186.843,110.66666666666667
17758,2011-04-03 15:22:00,2011-11-20 14:45:00,8,2091,3456.7000000000003,8.390048543689321,310,6,United Kingdom,19,231,1.3333333333333333,432.08750000000003,261.375
17759,2011-06-23 13:35:00,2011-11-22 16:02:00,3,708,834.99,8.789368421052632,82,2,United Kingdom,17,153,1.5,278.33,236.0
17760,2010-12-01 15:08:00,2011-11-18 10:56:00,2,239,287.59,11.503599999999999,25,2,United Kingdom,22,352,1.0,143.795,119.5
17761,2011-11-07 10:23:00,2011-11-07 10:23:00,1,398,712.78,37.514736842105265,19,1,United Kingdom,33,1,1.0,712.78,398.0
17763,2011-03-21 14:25:00,2011-03-21 14:25:00,1,12,15.0,15.0,1,1,United Kingdom,263,1,1.0,15.0,12.0
17764,2011-05-12 16:11:00,2011-10-20 11:03:00,2,395,818.8199999999999,10.917599999999998,71,2,United Kingdom,51,161,1.0,409.40999999999997,197.5
17765,2011-03-28 11:58:00,2011-07-04 12:41:00,3,144,371.88,6.524210526315789,51,3,United Kingdom,159,99,1.0,123.96,48.0
17767,2011-11-24 14:42:00,2011-11-24 14:42:00,1,128,271.2,12.914285714285715,21,1,United Kingdom,15,1,1.0,271.2,128.0
17768,2011-06-26 13:46:00,2011-12-01 13:22:00,3,1186,2273.1800000000003,21.649333333333335,77,3,United Kingdom,8,158,1.0,757.7266666666668,395.3333333333333
17769,2011-01-23 11:15:00,2011-11-27 11:18:00,10,1862,3997.98,12.896709677419356,200,6,United Kingdom,13,309,1.6666666666666667,399.798,186.2
17770,2011-03-02 13:35:00,2011-05-25 12:34:00,5,365,1143.27,30.086052631578948,33,2,United Kingdom,199,84,2.5,228.654,73.0
17771,2011-01-20 14:13:00,2011-10-14 11:43:00,2,287,245.81,4.552037037037037,51,2,United Kingdom,57,267,1.0,122.905,143.5
17772,2011-11-29 10:57:00,2011-11-29 11:05:00,2,58,182.77,3.448490566037736,50,1,United Kingdom,11,1,2.0,91.385,29.0
17774,2011-02-07 13:13:00,2011-09-04 12:49:00,4,512,1225.41,7.855192307692308,123,4,United Kingdom,97,209,1.0,306.3525,128.0
17775,2011-03-30 10:50:00,2011-03-30 10:50:00,1,72,56.4,18.8,3,1,United Kingdom,255,1,1.0,56.4,72.0
17777,2011-08-31 14:35:00,2011-11-15 12:02:00,3,507,665.86,3.4322680412371134,141,3,United Kingdom,25,76,1.0,221.95333333333335,169.0
17779,2011-07-19 12:19:00,2011-11-18 14:15:00,3,397,658.57,8.031341463414634,73,3,United Kingdom,21,123,1.0,219.52333333333334,132.33333333333334
17781,2011-03-31 19:54:00,2011-07-03 16:00:00,2,34,188.02,15.668333333333335,12,2,United Kingdom,159,94,1.0,94.01,17.0
17783,2011-04-06 10:07:00,2011-09-28 16:07:00,2,354,283.47,4.23089552238806,67,2,United Kingdom,72,176,1.0,141.735,177.0
17785,2011-10-17 13:43:00,2011-10-17 13:43:00,1,67,131.94,10.149230769230769,13,1,United Kingdom,53,1,1.0,131.94,67.0
17786,2011-01-26 14:35:00,2011-09-15 12:51:00,2,200,278.74,3.871388888888889,57,2,United Kingdom,85,232,1.0,139.37,100.0
17787,2010-12-03 13:43:00,2011-07-10 11:24:00,4,910,1865.19,13.919328358208956,94,4,United Kingdom,153,219,1.0,466.2975,227.5
17788,2011-08-02 10:38:00,2011-09-27 10:09:00,2,211,1117.9,223.58,3,2,United Kingdom,74,56,1.0,558.95,105.5
17789,2011-03-03 13:14:00,2011-03-03 13:14:00,1,74,225.9,16.135714285714286,14,1,United Kingdom,281,1,1.0,225.9,74.0
17790,2010-12-10 10:47:00,2011-11-13 11:30:00,14,836,1965.55,10.345,121,8,United Kingdom,27,339,1.75,140.39642857142857,59.714285714285715
17791,2011-11-10 12:09:00,2011-11-10 12:09:00,1,46,106.1,10.61,10,1,United Kingdom,30,1,1.0,106.1,46.0
17793,2011-11-14 14:24:00,2011-11-14 14:24:00,1,232,323.04,5.5696551724137935,49,1,United Kingdom,25,1,1.0,323.04,232.0
17795,2011-03-20 12:02:00,2011-06-13 12:36:00,2,341,350.39,7.617173913043478,43,2,United Kingdom,180,86,1.0,175.195,170.5
17796,2010-12-05 12:23:00,2011-10-30 15:38:00,4,178,697.9,8.510975609756096,63,3,United Kingdom,40,330,1.3333333333333333,174.475,44.5
17797,2011-06-10 11:29:00,2011-11-17 13:21:00,3,498,780.43,7.0309009009009005,102,2,United Kingdom,22,161,1.5,260.1433333333333,166.0
17799,2010-12-13 13:10:00,2011-11-17 15:16:00,10,1758,3055.93,7.490024509803921,280,7,United Kingdom,22,340,1.4285714285714286,305.59299999999996,175.8
17800,2011-01-09 13:50:00,2011-11-02 12:57:00,9,736,1199.01,11.528942307692308,51,8,United Kingdom,37,297,1.125,133.22333333333333,81.77777777777777
17802,2010-12-02 13:44:00,2011-09-18 14:56:00,3,752,1285.04,9.178857142857142,102,3,United Kingdom,82,291,1.0,428.34666666666664,250.66666666666666
17805,2011-09-27 11:49:00,2011-09-27 11:49:00,1,478,512.31,51.230999999999995,10,1,United Kingdom,74,1,1.0,512.31,478.0
17806,2011-11-28 14:12:00,2011-11-28 14:12:00,1,727,546.04,12.698604651162789,43,1,United Kingdom,11,1,1.0,546.04,727.0
17809,2010-12-01 09:41:00,2011-11-23 12:59:00,12,2057,5411.91,88.71983606557377,46,8,United Kingdom,16,358,1.5,450.9925,171.41666666666666
17811,2011-01-10 10:58:00,2011-12-05 13:46:00,39,4177,7837.7300000000005,9.210023501762633,359,12,United Kingdom,4,330,3.25,200.9674358974359,107.1025641025641
17812,2010-12-06 15:27:00,2011-11-27 11:47:00,4,350,732.16,5.192624113475177,113,2,United Kingdom,13,356,2.0,183.04,87.5
17813,2011-09-29 15:57:00,2011-11-25 16:13:00,5,790,1770.8799999999999,4.773261455525606,297,3,United Kingdom,14,58,1.6666666666666667,354.176,158.0
17816,2010-12-09 14:10:00,2011-11-03 11:34:00,4,30,36.56,2.150588235294118,16,4,United Kingdom,37,329,1.0,9.14,7.5
17817,2011-03-07 17:30:00,2011-12-05 14:39:00,3,67,387.68,11.747878787878788,32,2,United Kingdom,4,273,1.5,129.22666666666666,22.333333333333332
17819,2010-12-03 14:26:00,2011-09-29 10:52:00,7,1031,3704.87,77.18479166666667,36,6,United Kingdom,72,300,1.1666666666666667,529.2671428571429,147.28571428571428
17824,2011-10-19 14:14:00,2011-10-19 14:14:00,1,408,298.4,22.95384615384615,13,1,United Kingdom,51,1,1.0,298.4,408.0
17827,2010-12-10 10:18:00,2011-12-04 15:00:00,5,1247,1995.46,9.070272727272727,190,3,United Kingdom,5,360,1.6666666666666667,399.092,249.4
17828,2011-06-08 08:31:00,2011-11-17 08:41:00,4,667,1820.09,27.1655223880597,54,3,Malta,23,163,1.3333333333333333,455.0225,166.75
17829,2011-02-14 12:46:00,2011-02-14 12:46:00,1,496,889.24,29.641333333333332,30,1,United Arab Emirates,299,1,1.0,889.24,496.0
17830,2011-02-24 10:15:00,2011-12-08 12:28:00,3,92,398.7,17.33478260869565,18,3,United Kingdom,2,288,1.0,132.9,30.666666666666668
17831,2011-11-06 15:09:00,2011-11-06 15:09:00,1,12,35.400000000000006,17.700000000000003,2,1,United Kingdom,33,1,1.0,35.400000000000006,12.0
17832,2011-10-21 11:43:00,2011-10-21 11:43:00,1,208,155.37,2.547049180327869,61,1,United Kingdom,50,1,1.0,155.37,208.0
17835,2011-11-16 16:30:00,2011-12-07 11:48:00,3,348,350.64,5.7481967213114755,45,2,United Kingdom,3,21,1.5,116.88,116.0
17836,2011-10-23 16:13:00,2011-10-23 16:13:00,1,88,110.21000000000001,4.592083333333334,23,1,United Kingdom,47,1,1.0,110.21000000000001,88.0
17837,2011-06-29 16:44:00,2011-10-28 16:13:00,8,518,1593.38,9.42828402366864,110,4,United Kingdom,42,121,2.0,199.1725,64.75
17838,2010-12-02 15:55:00,2011-11-13 11:20:00,5,1879,2779.3,22.969421487603306,96,4,United Kingdom,27,346,1.25,555.86,375.8
17839,2011-10-28 17:27:00,2011-10-28 17:27:00,1,285,338.8,6.05,50,1,United Kingdom,42,1,1.0,338.8,285.0
17841,2010-12-01 14:41:00,2011-12-08 12:07:00,124,23071,40991.57,5.223852427679368,1323,13,United Kingdom,2,372,9.538461538461538,330.5771774193548,186.05645161290323
17843,2011-02-09 15:33:00,2011-02-09 15:33:00,1,113,205.48,5.553513513513513,36,1,United Kingdom,303,1,1.0,205.48,113.0
17844,2011-08-25 11:27:00,2011-08-25 11:27:00,1,52,51.559999999999995,10.312,5,1,Canada,107,1,1.0,51.559999999999995,52.0
17846,2011-09-15 15:20:00,2011-09-15 15:20:00,1,1,2033.1,2033.1,1,1,United Kingdom,85,1,1.0,2033.1,1.0
17848,2010-12-16 18:38:00,2011-09-19 16:49:00,9,398,901.1999999999999,17.670588235294115,41,8,United Kingdom,81,277,1.125,100.13333333333333,44.22222222222222
17849,2011-01-10 11:59:00,2011-05-05 13:46:00,4,114,605.8000000000001,23.300000000000004,14,4,United Kingdom,218,116,1.0,151.45000000000002,28.5
17850,2010-12-01 08:26:00,2010-12-02 15:27:00,34,1733,5391.21,18.15222222222222,21,1,United Kingdom,372,2,34.0,158.565,50.970588235294116
17852,2011-11-28 12:31:00,2011-11-28 12:36:00,2,53,114.34,4.764166666666667,21,1,United Kingdom,12,1,2.0,57.17,26.5
17854,2011-04-26 16:53:00,2011-06-07 16:21:00,2,84,311.26,20.750666666666667,15,2,United Kingdom,185,42,1.0,155.63,42.0
17855,2010-12-02 09:44:00,2010-12-02 09:44:00,1,197,208.97,12.292352941176471,17,1,United Kingdom,373,1,1.0,208.97,197.0
17856,2011-03-03 11:40:00,2011-12-08 09:40:00,4,842,1418.03,94.53533333333333,12,3,United Kingdom,2,280,1.3333333333333333,354.5075,210.5
17857,2010-12-09 11:35:00,2011-12-05 13:13:00,23,19256,26879.04,497.76,19,11,United Kingdom,4,362,2.090909090909091,1168.6539130434783,837.2173913043479
17858,2010-12-05 13:08:00,2011-12-04 11:56:00,12,2706,5155.66,25.9078391959799,101,9,United Kingdom,6,364,1.3333333333333333,429.6383333333333,225.5
17859,2011-02-08 10:32:00,2011-02-08 10:32:00,1,127,148.21,5.9284,23,1,United Kingdom,305,1,1.0,148.21,127.0
17860,2010-12-06 12:41:00,2010-12-06 12:41:00,1,104,252.8,4.358620689655172,49,1,United Kingdom,369,1,1.0,252.8,104.0
17861,2011-01-24 11:34:00,2011-12-06 16:21:00,8,1988,2100.8,9.463063063063064,172,5,United Kingdom,3,317,1.6,262.6,248.5
17862,2011-01-20 12:23:00,2011-01-20 12:23:00,1,100,330.9,30.08181818181818,11,1,United Kingdom,324,1,1.0,330.9,100.0
17863,2010-12-05 13:21:00,2011-10-11 13:45:00,6,2638,3160.0,21.35135135135135,110,6,United Kingdom,59,311,1.0,526.6666666666666,439.6666666666667
17864,2011-03-09 11:44:00,2011-11-27 11:15:00,3,810,597.5,5.857843137254902,70,3,United Kingdom,13,263,1.0,199.16666666666666,270.0
17865,2010-12-10 14:53:00,2011-11-09 12:08:00,20,5757,10526.32,28.449513513513512,191,11,United Kingdom,31,334,1.8181818181818181,526.316,287.85
17866,2011-07-20 11:07:00,2011-07-20 11:07:00,1,174,329.65,36.62777777777777,9,1,United Kingdom,143,1,1.0,329.65,174.0
17867,2011-02-24 12:25:00,2011-11-09 14:15:00,6,542,1197.1000000000001,15.153164556962027,62,4,United Kingdom,30,259,1.5,199.51666666666668,90.33333333333333
17869,2010-12-06 17:16:00,2011-08-24 16:16:00,5,111,428.18,10.7045,37,4,United Kingdom,107,261,1.25,85.636,22.2
17870,2010-12-08 08:12:00,2011-12-07 15:07:00,12,1401,1894.35,6.7897849462365585,214,7,United Kingdom,2,365,1.7142857142857142,157.86249999999998,116.75
17871,2011-05-19 11:32:00,2011-05-19 11:32:00,1,182,155.9,15.59,10,1,United Kingdom,205,1,1.0,155.9,182.0
17873,2010-12-01 14:54:00,2011-09-20 16:41:00,5,1047,1859.16,42.25363636363637,24,5,United Kingdom,80,294,1.0,371.832,209.4
17874,2011-03-29 11:25:00,2011-06-07 12:54:00,6,221,683.46,14.857826086956523,37,3,United Kingdom,185,71,2.0,113.91000000000001,36.833333333333336
17877,2011-06-22 13:00:00,2011-06-22 13:00:00,1,98,237.61,19.800833333333333,12,1,United Kingdom,170,1,1.0,237.61,98.0
17878,2011-10-27 11:24:00,2011-10-27 11:24:00,1,401,379.45,14.59423076923077,26,1,United Kingdom,44,1,1.0,379.45,401.0
17879,2011-06-19 12:36:00,2011-06-19 12:36:00,1,45,178.51999999999998,29.75333333333333,6,1,United Kingdom,174,1,1.0,178.51999999999998,45.0
17880,2010-12-10 10:21:00,2010-12-10 10:21:00,1,314,458.92,17.65076923076923,26,1,United Kingdom,365,1,1.0,458.92,314.0
17881,2011-02-08 17:16:00,2011-02-08 17:16:00,1,32,133.35000000000002,16.668750000000003,8,1,United Kingdom,304,1,1.0,133.35000000000002,32.0
17883,2011-04-07 19:16:00,2011-12-06 17:49:00,4,379,671.77,4.632896551724138,133,4,United Kingdom,3,243,1.0,167.9425,94.75
17884,2010-12-03 12:11:00,2011-12-06 11:33:00,4,854,717.45,6.1320512820512825,107,3,United Kingdom,4,368,1.3333333333333333,179.3625,213.5
17885,2011-11-27 14:40:00,2011-11-27 14:40:00,1,167,190.19,2.97171875,50,1,United Kingdom,12,1,1.0,190.19,167.0
17886,2011-04-04 12:34:00,2011-11-08 10:09:00,3,481,899.61,8.253302752293578,93,3,United Kingdom,32,218,1.0,299.87,160.33333333333334
17887,2011-08-02 17:29:00,2011-08-02 17:29:00,1,30,111.35,11.135,10,1,United Kingdom,129,1,1.0,111.35,30.0
17888,2010-12-17 13:56:00,2011-11-18 13:45:00,8,980,726.05,10.836567164179105,60,7,United Kingdom,21,336,1.1428571428571428,90.75625,122.5
17889,2011-01-21 17:14:00,2011-05-11 16:26:00,2,79,203.87,9.708095238095238,20,2,United Kingdom,212,110,1.0,101.935,39.5
17890,2010-12-13 15:12:00,2011-01-21 11:19:00,2,416,602.09,6.405212765957447,88,2,United Kingdom,323,39,1.0,301.045,208.0
17891,2011-06-30 20:08:00,2011-06-30 20:08:00,1,393,203.85999999999999,5.995882352941176,34,1,United Kingdom,162,1,1.0,203.85999999999999,393.0
17892,2011-07-07 12:56:00,2011-10-14 16:49:00,3,109,244.1,8.717857142857143,27,2,United Kingdom,56,100,1.5,81.36666666666666,36.333333333333336
17893,2011-04-28 13:50:00,2011-04-28 13:50:00,1,161,112.25,7.015625,15,1,United Kingdom,225,1,1.0,112.25,161.0
17894,2010-12-08 14:50:00,2011-09-29 09:23:00,8,405,1119.81,5.802124352331606,127,4,United Kingdom,72,295,2.0,139.97625,50.625
17895,2011-10-26 17:00:00,2011-10-26 17:00:00,1,130,98.0,6.125,15,1,United Kingdom,44,1,1.0,98.0,130.0
17896,2011-11-16 13:59:00,2011-11-16 13:59:00,1,288,256.32,128.16,2,1,United Kingdom,23,1,1.0,256.32,288.0
17897,2010-12-01 12:31:00,2011-06-20 11:23:00,3,229,566.6,4.970175438596492,100,2,United Kingdom,173,201,1.5,188.86666666666667,76.33333333333333
17898,2011-05-16 17:13:00,2011-09-15 14:56:00,2,190,152.06,5.430714285714286,27,2,United Kingdom,85,122,1.0,76.03,95.0
17899,2011-07-03 14:58:00,2011-07-03 14:58:00,1,171,155.8,4.86875,29,1,United Kingdom,159,1,1.0,155.8,171.0
17900,2011-06-02 14:28:00,2011-06-02 14:38:00,2,73,112.19999999999999,18.7,4,1,United Kingdom,190,1,2.0,56.099999999999994,36.5
17901,2011-11-10 17:29:00,2011-11-10 17:29:00,1,24,110.38,5.809473684210526,19,1,United Kingdom,29,1,1.0,110.38,24.0
17904,2011-11-18 12:57:00,2011-11-18 12:57:00,1,63,191.67,5.043947368421052,33,1,United Kingdom,21,1,1.0,191.67,63.0
17905,2010-12-01 13:21:00,2011-09-29 17:33:00,4,407,800.24,23.536470588235293,33,3,United Kingdom,71,303,1.3333333333333333,200.06,101.75
17906,2011-04-06 17:25:00,2011-04-06 17:25:00,1,26,72.9,6.075,12,1,United Kingdom,247,1,1.0,72.9,26.0
17908,2010-12-01 11:45:00,2010-12-01 11:45:00,1,173,243.28,4.19448275862069,51,1,United Kingdom,374,1,1.0,243.28,173.0
17911,2011-11-30 14:52:00,2011-11-30 14:52:00,1,223,366.23,9.390512820512821,39,1,United Kingdom,9,1,1.0,366.23,223.0
17912,2010-12-10 11:11:00,2011-02-02 14:25:00,5,185,311.01,8.184473684210525,35,2,United Kingdom,310,55,2.5,62.202,37.0
17913,2010-12-19 11:35:00,2011-10-12 10:45:00,2,289,411.6,6.976271186440679,55,2,United Kingdom,59,297,1.0,205.8,144.5
17914,2011-12-06 11:58:00,2011-12-06 11:58:00,1,473,336.43,4.205375,72,1,United Kingdom,4,1,1.0,336.43,473.0
17917,2010-12-12 12:08:00,2011-10-25 13:20:00,3,187,341.28,3.63063829787234,77,3,United Kingdom,45,318,1.0,113.75999999999999,62.333333333333336
17919,2011-09-12 13:41:00,2011-09-12 13:41:00,1,756,1304.04,56.697391304347825,23,1,United Kingdom,88,1,1.0,1304.04,756.0
17920,2010-12-01 11:49:00,2011-12-05 14:29:00,17,2516,4204.1,6.040373563218392,407,10,United Kingdom,4,370,1.7,247.3,148.0
17921,2011-03-18 13:19:00,2011-10-06 18:56:00,4,430,826.52,5.700137931034483,114,4,United Kingdom,64,203,1.0,206.63,107.5
17923,2011-03-02 15:15:00,2011-03-02 15:15:00,1,50,207.50000000000003,207.50000000000003,1,1,United Kingdom,282,1,1.0,207.50000000000003,50.0
17924,2010-12-01 10:51:00,2011-11-28 09:11:00,7,1160,2962.5,95.56451612903226,26,4,United Kingdom,12,362,1.75,423.2142857142857,165.71428571428572
17925,2010-12-02 10:10:00,2010-12-02 10:10:00,1,72,244.08,244.08,1,1,United Kingdom,373,1,1.0,244.08,72.0
17926,2011-05-20 09:24:00,2011-07-29 14:39:00,2,306,397.29,18.91857142857143,17,2,United Kingdom,133,71,1.0,198.645,153.0
17928,2011-04-07 18:03:00,2011-10-25 13:52:00,2,140,212.54,9.240869565217391,23,2,United Kingdom,45,201,1.0,106.27,70.0
17929,2011-02-04 11:40:00,2011-11-28 16:01:00,4,108,843.0,168.6,4,4,United Kingdom,11,298,1.0,210.75,27.0
17930,2011-04-14 15:46:00,2011-11-04 10:23:00,5,1594,1740.48,44.62769230769231,26,5,United Kingdom,36,204,1.0,348.096,318.8
17931,2011-03-29 12:31:00,2011-07-28 18:33:00,2,249,408.36,6.282461538461539,63,2,United Kingdom,134,122,1.0,204.18,124.5
17932,2011-05-12 13:58:00,2011-11-10 19:49:00,3,789,1331.57,14.795222222222222,84,3,United Kingdom,29,183,1.0,443.8566666666666,263.0
17934,2011-10-12 10:50:00,2011-10-19 11:16:00,2,478,704.25,33.535714285714285,21,1,United Kingdom,52,8,2.0,352.125,239.0
17935,2011-07-21 11:23:00,2011-07-24 13:18:00,2,82,145.79,5.027241379310345,28,1,United Kingdom,138,4,2.0,72.895,41.0
17936,2011-12-04 13:32:00,2011-12-04 13:32:00,1,262,389.84,5.062857142857142,68,1,United Kingdom,5,1,1.0,389.84,262.0
17937,2010-12-12 14:43:00,2011-12-01 11:45:00,7,1754,4301.22,100.02837209302326,19,6,United Kingdom,9,354,1.1666666666666667,614.46,250.57142857142858
17939,2011-07-03 12:27:00,2011-07-03 12:27:00,1,40,99.14,8.261666666666667,12,1,United Kingdom,160,1,1.0,99.14,40.0
17940,2011-02-10 09:29:00,2011-10-21 13:27:00,10,9755,4106.4400000000005,216.1284210526316,6,7,United Kingdom,49,254,1.4285714285714286,410.64400000000006,975.5
17941,2011-08-01 08:30:00,2011-08-01 08:30:00,1,252,304.56,152.28,2,1,United Kingdom,131,1,1.0,304.56,252.0
17942,2011-12-02 10:45:00,2011-12-02 10:45:00,1,38,77.50000000000001,38.75000000000001,2,1,United Kingdom,8,1,1.0,77.50000000000001,38.0
17946,2011-03-25 14:34:00,2011-04-20 17:00:00,2,75,149.57999999999998,7.478999999999999,18,2,United Kingdom,233,27,1.0,74.78999999999999,37.5
17947,2011-11-02 13:05:00,2011-11-02 13:05:00,1,168,176.68,19.63111111111111,9,1,United Kingdom,37,1,1.0,176.68,168.0
17948,2011-07-15 12:58:00,2011-07-15 12:58:00,1,144,358.56000000000006,358.56000000000006,1,1,United Kingdom,147,1,1.0,358.56000000000006,144.0
17949,2010-12-03 13:12:00,2011-12-08 18:46:00,45,30546,58510.48,835.864,29,13,United Kingdom,1,371,3.4615384615384617,1300.232888888889,678.8
17950,2010-12-09 15:16:00,2011-09-28 15:18:00,3,366,482.2,6.791549295774648,63,2,United Kingdom,72,294,1.5,160.73333333333332,122.0
17951,2010-12-01 12:40:00,2011-10-31 12:30:00,3,616,1008.5400000000001,50.42700000000001,18,2,United Kingdom,40,334,1.5,336.18,205.33333333333334
17954,2010-12-03 14:18:00,2011-12-04 14:15:00,12,2234,2332.72,4.809731958762886,326,9,United Kingdom,5,366,1.3333333333333333,194.39333333333332,186.16666666666666
17955,2011-05-04 12:29:00,2011-05-25 12:00:00,4,273,557.3,29.331578947368417,14,1,United Kingdom,199,21,4.0,139.325,68.25
17956,2011-04-04 13:47:00,2011-04-04 13:47:00,1,1,12.75,12.75,1,1,United Kingdom,249,1,1.0,12.75,1.0
17957,2011-10-04 14:58:00,2011-10-04 14:58:00,1,287,111.68,3.6025806451612907,31,1,United Kingdom,66,1,1.0,111.68,287.0
17958,2011-08-15 12:19:00,2011-08-15 12:19:00,1,84,508.4599999999999,72.63714285714285,7,1,United Kingdom,117,1,1.0,508.4599999999999,84.0
17960,2011-06-21 14:15:00,2011-06-21 14:15:00,1,41,73.78,2.8376923076923077,26,1,United Kingdom,171,1,1.0,73.78,41.0
17961,2010-12-02 19:18:00,2011-11-18 16:55:00,39,560,1296.44,5.206586345381527,211,11,United Kingdom,21,351,3.5454545454545454,33.242051282051285,14.35897435897436
17962,2011-07-20 14:16:00,2011-07-20 14:16:00,1,128,102.83,2.938,33,1,United Kingdom,142,1,1.0,102.83,128.0
17964,2010-12-02 13:32:00,2011-11-08 10:44:00,2,301,471.7,4.535576923076923,84,2,United Kingdom,32,341,1.0,235.85,150.5
17965,2010-12-05 15:54:00,2011-11-02 09:31:00,14,1556,2622.57,7.971337386018238,274,9,United Kingdom,38,332,1.5555555555555556,187.32642857142858,111.14285714285714
17966,2011-03-23 17:25:00,2011-11-02 10:26:00,5,2571,1098.43,16.15338235294118,53,4,United Kingdom,38,224,1.25,219.686,514.2
17967,2010-12-03 11:19:00,2010-12-03 11:19:00,1,80,123.07,2.5639583333333333,41,1,United Kingdom,372,1,1.0,123.07,80.0
17968,2010-12-01 12:23:00,2010-12-01 12:23:00,1,160,277.35,3.2629411764705885,74,1,United Kingdom,374,1,1.0,277.35,160.0
17969,2010-12-13 15:34:00,2011-06-26 13:00:00,2,152,228.2,16.3,14,2,United Kingdom,166,195,1.0,114.1,76.0
17970,2011-05-12 20:03:00,2011-05-12 20:03:00,1,525,582.59,18.793225806451613,27,1,United Kingdom,211,1,1.0,582.59,525.0
17972,2011-04-12 12:16:00,2011-04-12 12:16:00,1,37,136.04,4.388387096774193,30,1,United Kingdom,242,1,1.0,136.04,37.0
17973,2011-10-19 10:34:00,2011-10-19 10:34:00,1,176,337.04,22.469333333333335,15,1,United Kingdom,52,1,1.0,337.04,176.0
17974,2011-05-04 11:50:00,2011-11-15 11:37:00,3,519,740.79,4.138491620111732,143,3,United Kingdom,25,195,1.0,246.92999999999998,173.0
17975,2010-12-08 11:38:00,2011-11-24 13:27:00,13,1568,4488.81,15.16489864864865,189,10,United Kingdom,15,352,1.3,345.29307692307697,120.61538461538461
17976,2010-12-02 13:49:00,2010-12-02 13:49:00,1,106,353.19,5.433692307692308,56,1,United Kingdom,372,1,1.0,353.19,106.0
17977,2011-11-10 13:28:00,2011-11-10 13:28:00,1,342,288.14,13.72095238095238,19,1,United Kingdom,29,1,1.0,288.14,342.0
17978,2010-12-09 14:05:00,2010-12-09 14:05:00,1,499,300.91999999999996,25.076666666666664,12,1,United Kingdom,365,1,1.0,300.91999999999996,499.0
17979,2011-03-25 11:34:00,2011-11-04 12:05:00,4,397,757.71,5.189794520547945,116,3,United Kingdom,36,225,1.3333333333333333,189.4275,99.25
17980,2010-12-15 15:50:00,2011-06-27 12:01:00,3,682,811.45,27.048333333333336,23,3,United Kingdom,166,194,1.0,270.48333333333335,227.33333333333334
17984,2011-07-17 15:59:00,2011-07-17 15:59:00,1,98,152.68,3.1808333333333336,48,1,United Kingdom,145,1,1.0,152.68,98.0
17985,2011-11-17 14:24:00,2011-11-17 14:24:00,1,183,634.95,27.606521739130436,20,1,United Kingdom,22,1,1.0,634.95,183.0
17986,2011-10-14 14:22:00,2011-10-14 14:22:00,1,10,20.8,20.8,1,1,United Kingdom,56,1,1.0,20.8,10.0
17987,2011-06-07 14:22:00,2011-06-07 14:22:00,1,261,198.57,15.274615384615384,13,1,United Kingdom,185,1,1.0,198.57,261.0
17988,2011-01-17 11:59:00,2011-11-28 11:00:00,7,43,201.12,5.292631578947368,37,4,United Kingdom,12,315,1.75,28.731428571428573,6.142857142857143
17990,2010-12-13 12:10:00,2011-04-17 11:44:00,3,414,630.84,21.753103448275862,27,2,United Kingdom,237,125,1.5,210.28,138.0
17991,2011-04-27 16:39:00,2011-04-28 15:58:00,2,25,93.35,18.669999999999998,4,1,United Kingdom,225,1,2.0,46.675,12.5
17994,2011-02-22 11:02:00,2011-08-10 11:41:00,4,497,678.49,8.37641975308642,63,4,United Kingdom,122,170,1.0,169.6225,124.25
17995,2011-03-03 12:30:00,2011-03-03 12:30:00,1,133,76.1,38.05,2,1,United Kingdom,282,1,1.0,76.1,133.0
17997,2011-06-28 17:28:00,2011-09-26 16:13:00,8,2298,1970.6699999999998,11.871506024096385,133,3,United Kingdom,74,90,2.6666666666666665,246.33374999999998,287.25
17999,2010-12-08 15:17:00,2011-11-02 15:56:00,2,221,382.06,4.108172043010753,87,2,United Kingdom,37,330,1.0,191.03,110.5
18001,2011-09-14 11:21:00,2011-11-27 16:02:00,2,363,417.23,7.193620689655173,56,2,United Kingdom,12,75,1.0,208.615,181.5
18004,2010-12-12 13:47:00,2010-12-12 13:47:00,1,78,169.47,4.23675,32,1,United Kingdom,362,1,1.0,169.47,78.0
18005,2011-10-23 14:40:00,2011-12-06 11:51:00,2,93,249.72,4.162,52,2,United Kingdom,4,44,1.0,124.86,46.5
18006,2011-11-16 16:52:00,2011-11-16 16:52:00,1,220,444.68,20.212727272727275,21,1,United Kingdom,23,1,1.0,444.68,220.0
18008,2011-01-25 12:26:00,2011-09-30 15:17:00,9,1581,2116.19,70.53966666666666,24,5,United Kingdom,70,249,1.8,235.13222222222223,175.66666666666666
18009,2011-04-18 13:36:00,2011-04-18 13:36:00,1,126,257.34,8.041875,31,1,United Kingdom,235,1,1.0,257.34,126.0
18010,2011-03-28 12:27:00,2011-03-28 12:27:00,1,60,174.8,12.485714285714286,14,1,United Kingdom,257,1,1.0,174.8,60.0
18011,2010-12-01 17:35:00,2010-12-01 17:35:00,1,71,102.78999999999999,3.671071428571428,28,1,United Kingdom,373,1,1.0,102.78999999999999,71.0
18013,2011-07-07 14:08:00,2011-07-07 14:11:00,2,285,187.29,6.041612903225806,31,1,United Kingdom,155,1,2.0,93.645,142.5
18014,2011-11-11 15:28:00,2011-11-11 15:28:00,1,68,166.42,5.200625,29,1,United Kingdom,28,1,1.0,166.42,68.0
18015,2011-12-05 14:49:00,2011-12-05 14:49:00,1,157,120.03,2.6093478260869567,46,1,United Kingdom,4,1,1.0,120.03,157.0
18016,2010-12-10 17:14:00,2011-11-07 13:25:00,5,1029,1483.56,12.061463414634146,90,5,United Kingdom,32,332,1.0,296.712,205.8
18017,2011-02-02 13:57:00,2011-09-19 16:15:00,3,300,523.0,174.33333333333334,1,3,United Kingdom,81,230,1.0,174.33333333333334,100.0
18018,2011-05-24 13:22:00,2011-08-23 17:37:00,2,55,122.14,4.211724137931035,29,2,United Kingdom,108,92,1.0,61.07,27.5
18019,2011-10-19 12:10:00,2011-10-19 12:10:00,1,7,38.45,7.69,5,1,United Kingdom,52,1,1.0,38.45,7.0
18022,2011-11-04 12:45:00,2011-11-04 12:45:00,1,736,668.11,3.497958115183246,141,1,United Kingdom,36,1,1.0,668.11,736.0
18024,2011-07-10 12:28:00,2011-07-10 12:40:00,2,184,389.78,18.56095238095238,21,1,United Kingdom,153,1,2.0,194.89,92.0
18027,2011-09-02 10:38:00,2011-09-02 10:38:00,1,78,115.31,5.490952380952381,21,1,United Kingdom,99,1,1.0,115.31,78.0
18030,2011-10-28 13:55:00,2011-12-05 16:37:00,2,67,230.64999999999998,25.627777777777776,8,2,United Kingdom,4,39,1.0,115.32499999999999,33.5
18032,2011-01-09 15:32:00,2011-01-09 15:32:00,1,42,73.5,14.7,5,1,United Kingdom,334,1,1.0,73.5,42.0
18033,2011-10-05 17:28:00,2011-10-05 17:28:00,1,253,97.97,2.881470588235294,32,1,United Kingdom,65,1,1.0,97.97,253.0
18034,2011-11-18 12:08:00,2011-11-18 12:22:00,2,561,422.88,3.775714285714286,99,1,United Kingdom,22,1,2.0,211.44,280.5
18035,2011-10-27 17:48:00,2011-11-04 12:39:00,3,611,730.4,13.781132075471698,44,2,United Kingdom,36,8,1.5,243.46666666666667,203.66666666666666
18036,2011-04-08 11:26:00,2011-11-07 14:40:00,3,234,405.62,4.225208333333334,77,3,United Kingdom,32,214,1.0,135.20666666666668,78.0
18037,2010-12-12 16:20:00,2011-07-08 13:39:00,6,20,70.02,3.685263157894737,19,5,United Kingdom,154,208,1.2,11.67,3.3333333333333335
18040,2011-04-08 08:27:00,2011-11-20 14:20:00,2,148,357.20000000000005,18.8,18,2,United Kingdom,19,227,1.0,178.60000000000002,74.0
18041,2010-12-02 11:21:00,2011-11-28 11:39:00,21,3819,4183.39,8.863114406779662,285,11,United Kingdom,12,362,1.9090909090909092,199.20904761904762,181.85714285714286
18042,2011-10-17 11:49:00,2011-10-17 11:49:00,1,33,165.04999999999998,23.578571428571426,7,1,United Kingdom,54,1,1.0,165.04999999999998,33.0
18043,2010-12-08 12:35:00,2011-11-15 12:48:00,3,282,559.51,4.624049586776859,106,3,United Kingdom,25,343,1.0,186.50333333333333,94.0
18044,2010-12-14 12:25:00,2011-12-05 14:26:00,10,1033,2088.6,16.445669291338582,88,8,United Kingdom,4,357,1.25,208.85999999999999,103.3
18045,2011-10-25 13:07:00,2011-10-25 13:07:00,1,142,189.4,4.029787234042553,43,1,United Kingdom,45,1,1.0,189.4,142.0
18048,2011-05-20 14:54:00,2011-05-20 14:58:00,2,127,172.29000000000002,24.612857142857145,6,1,United Kingdom,203,1,2.0,86.14500000000001,63.5
18050,2010-12-15 14:25:00,2010-12-15 14:25:00,1,40,74.4,14.88,5,1,United Kingdom,359,1,1.0,74.4,40.0
18053,2011-09-30 09:05:00,2011-09-30 09:05:00,1,302,300.02,15.001,20,1,United Kingdom,71,1,1.0,300.02,302.0
18055,2010-12-05 10:52:00,2011-12-02 14:25:00,10,2455,6784.1900000000005,18.844972222222225,223,7,United Kingdom,7,363,1.4285714285714286,678.4190000000001,245.5
18056,2011-02-24 14:27:00,2011-02-24 14:27:00,1,211,363.65,19.139473684210525,19,1,United Kingdom,288,1,1.0,363.65,211.0
18058,2011-11-30 08:38:00,2011-11-30 08:38:00,1,88,170.16,56.72,3,1,United Kingdom,10,1,1.0,170.16,88.0
18059,2011-10-03 09:30:00,2011-11-16 16:49:00,3,258,306.46,17.025555555555556,17,2,United Kingdom,23,45,1.5,102.15333333333332,86.0
18061,2010-12-08 13:03:00,2011-11-18 11:20:00,10,955,2119.41,46.0741304347826,18,10,United Kingdom,22,345,1.0,211.94099999999997,95.5
18062,2011-01-06 10:03:00,2011-06-19 14:47:00,3,396,720.52,26.685925925925925,23,3,United Kingdom,173,165,1.0,240.17333333333332,132.0
18064,2011-04-18 15:08:00,2011-07-29 16:39:00,2,384,814.0,116.28571428571429,7,2,United Kingdom,133,103,1.0,407.0,192.0
18065,2010-12-10 12:44:00,2011-12-04 10:30:00,14,1027,2392.83,17.465912408759124,110,6,United Kingdom,6,359,2.3333333333333335,170.91642857142855,73.35714285714286
18066,2011-09-25 15:30:00,2011-09-25 15:30:00,1,108,318.0,31.8,10,1,United Kingdom,75,1,1.0,318.0,108.0
18067,2011-10-30 15:58:00,2011-10-30 15:58:00,1,189,396.33,10.711621621621621,36,1,United Kingdom,40,1,1.0,396.33,189.0
18068,2011-02-23 14:50:00,2011-02-23 14:50:00,1,6,101.69999999999999,101.69999999999999,1,1,United Kingdom,289,1,1.0,101.69999999999999,6.0
18069,2011-01-16 15:50:00,2011-11-13 16:03:00,5,1311,2036.67,4.333340425531915,334,5,United Kingdom,26,302,1.0,407.334,262.2
18071,2010-12-09 10:33:00,2011-03-27 11:59:00,2,260,453.0,18.12,23,2,United Kingdom,258,109,1.0,226.5,130.0
18072,2011-06-07 10:44:00,2011-06-07 10:44:00,1,288,247.44,13.746666666666666,18,1,United Kingdom,186,1,1.0,247.44,288.0
18073,2011-05-26 19:38:00,2011-08-17 14:02:00,12,3108,3877.5200000000004,53.11671232876713,23,4,United Kingdom,114,83,3.0,323.1266666666667,259.0
18074,2010-12-01 09:53:00,2010-12-01 09:53:00,1,190,489.6,37.66153846153846,13,1,United Kingdom,374,1,1.0,489.6,190.0
18075,2010-12-14 10:48:00,2011-11-16 15:21:00,10,1464,2611.75,18.392605633802816,97,9,United Kingdom,23,338,1.1111111111111112,261.175,146.4
18077,2010-12-08 10:21:00,2011-12-01 13:32:00,11,1878,2633.0099999999998,11.599162995594712,101,8,United Kingdom,8,359,1.375,239.36454545454544,170.72727272727272
18078,2011-03-25 15:08:00,2011-05-06 14:32:00,2,145,336.13,11.590689655172413,27,2,United Kingdom,217,42,1.0,168.065,72.5
18079,2011-04-15 12:14:00,2011-10-25 15:27:00,4,7432,3651.97,28.75566929133858,99,3,United Kingdom,45,194,1.3333333333333333,912.9925,1858.0
18080,2011-04-11 10:10:00,2011-11-21 08:02:00,2,642,1231.5,615.75,2,2,United Kingdom,19,224,1.0,615.75,321.0
18081,2011-07-29 11:56:00,2011-11-03 16:30:00,3,195,343.45,20.20294117647059,14,3,United Kingdom,36,98,1.0,114.48333333333333,65.0
18082,2011-11-14 12:45:00,2011-11-14 12:45:00,1,621,703.37,9.635205479452054,62,1,United Kingdom,26,1,1.0,703.37,621.0
18084,2011-11-23 13:57:00,2011-11-23 13:57:00,1,312,90.47999999999999,90.47999999999999,1,1,United Kingdom,16,1,1.0,90.47999999999999,312.0
18085,2010-12-01 12:08:00,2011-01-13 15:17:00,2,265,689.95,23.79137931034483,25,2,United Kingdom,330,44,1.0,344.975,132.5
18086,2011-03-10 13:34:00,2011-03-10 13:34:00,1,106,101.34,14.477142857142857,7,1,United Kingdom,274,1,1.0,101.34,106.0
18087,2011-02-22 10:43:00,2011-09-02 15:12:00,2,3907,4055.7199999999993,2027.8599999999997,2,2,United Kingdom,98,193,1.0,2027.8599999999997,1953.5
18088,2011-10-09 13:41:00,2011-10-09 13:41:00,1,109,167.67000000000002,4.299230769230769,35,1,United Kingdom,61,1,1.0,167.67000000000002,109.0
18092,2010-12-09 10:00:00,2011-12-07 13:14:00,11,4252,9068.26,101.89056179775281,28,8,United Kingdom,2,364,1.375,824.3872727272727,386.54545454545456
18093,2011-02-10 12:15:00,2011-09-07 15:43:00,4,1392,2106.52,58.51444444444444,31,3,United Kingdom,93,210,1.3333333333333333,526.63,348.0
18094,2011-02-21 08:50:00,2011-09-19 09:28:00,7,2518,3017.3,43.104285714285716,39,5,United Kingdom,82,211,1.4,431.04285714285714,359.7142857142857
18095,2011-01-11 12:37:00,2011-01-31 12:50:00,2,419,580.0500000000001,27.621428571428574,20,1,United Kingdom,313,21,2.0,290.02500000000003,209.5
18096,2011-10-07 11:55:00,2011-11-28 12:44:00,3,825,911.15,4.277699530516432,157,2,United Kingdom,12,53,1.5,303.71666666666664,275.0
18097,2010-12-20 14:49:00,2011-12-02 11:16:00,6,1686,2697.8,24.97962962962963,65,5,United Kingdom,8,347,1.2,449.6333333333334,281.0
18099,2011-08-04 15:52:00,2011-08-04 15:52:00,1,149,168.31,8.858421052631579,19,1,United Kingdom,127,1,1.0,168.31,149.0
18101,2011-07-19 13:05:00,2011-11-28 13:37:00,2,88,223.65,5.454878048780488,37,2,United Kingdom,11,133,1.0,111.825,44.0
18102,2010-12-07 16:42:00,2011-12-09 11:50:00,60,64124,259657.3,602.45313225058,150,12,United Kingdom,1,367,5.0,4327.621666666667,1068.7333333333333
18104,2011-11-02 14:07:00,2011-11-02 14:07:00,1,362,754.64,19.858947368421052,38,1,United Kingdom,37,1,1.0,754.64,362.0
18105,2011-11-02 12:04:00,2011-11-02 12:04:00,1,46,113.48000000000002,6.304444444444446,18,1,United Kingdom,38,1,1.0,113.48000000000002,46.0
18106,2011-01-14 12:23:00,2011-01-14 12:23:00,1,128,430.7,11.043589743589743,33,1,United Kingdom,330,1,1.0,430.7,128.0
18108,2011-03-30 13:56:00,2011-03-30 13:56:00,1,84,271.0,15.941176470588236,17,1,United Kingdom,254,1,1.0,271.0,84.0
18109,2010-12-05 10:58:00,2011-12-08 11:36:00,26,4237,8052.97,18.13731981981982,119,13,United Kingdom,2,369,2.0,309.7296153846154,162.96153846153845
18110,2011-11-20 12:34:00,2011-11-20 12:34:00,1,86,236.3,5.136956521739131,33,1,United Kingdom,20,1,1.0,236.3,86.0
18112,2011-06-26 13:56:00,2011-11-27 14:43:00,2,255,352.69,13.565,26,2,United Kingdom,12,155,1.0,176.345,127.5
18113,2010-12-06 12:31:00,2010-12-06 12:31:00,1,72,76.32000000000001,76.32000000000001,1,1,United Kingdom,369,1,1.0,76.32000000000001,72.0
18114,2011-02-22 13:20:00,2011-02-22 13:20:00,1,55,220.1,7.860714285714286,28,1,United Kingdom,290,1,1.0,220.1,55.0
18116,2010-12-10 12:14:00,2011-10-03 11:00:00,8,848,1418.03,3.7514021164021165,230,4,United Kingdom,68,297,2.0,177.25375,106.0
18117,2011-11-14 12:47:00,2011-11-14 12:47:00,1,618,320.72,4.334054054054055,68,1,United Kingdom,26,1,1.0,320.72,618.0
18118,2010-12-05 12:13:00,2011-11-29 11:32:00,26,2882,5653.82,4.420500390930414,424,11,United Kingdom,11,359,2.3636363636363638,217.45461538461538,110.84615384615384
18119,2010-12-07 11:59:00,2010-12-07 11:59:00,1,125,181.12,6.037333333333334,29,1,United Kingdom,368,1,1.0,181.12,125.0
18120,2011-05-09 13:45:00,2011-05-09 13:45:00,1,31,111.15,6.538235294117648,17,1,United Kingdom,214,1,1.0,111.15,31.0
18121,2011-07-08 12:14:00,2011-07-13 12:53:00,2,450,673.1,21.034375,28,1,United Kingdom,149,6,2.0,336.55,225.0
18122,2011-07-12 11:37:00,2011-12-01 13:08:00,6,1234,1826.21,5.0170604395604395,239,5,United Kingdom,8,143,1.2,304.36833333333334,205.66666666666666
18123,2011-11-08 13:31:00,2011-11-15 14:23:00,2,594,589.4399999999999,16.37333333333333,31,1,United Kingdom,24,8,2.0,294.71999999999997,297.0
18125,2011-01-27 15:02:00,2011-11-10 12:29:00,4,804,1142.99,5.831581632653061,164,4,United Kingdom,30,287,1.0,285.7475,201.0
18126,2011-10-10 12:19:00,2011-10-10 12:19:00,1,144,206.82999999999998,3.693392857142857,52,1,United Kingdom,61,1,1.0,206.82999999999998,144.0
18127,2011-07-29 10:06:00,2011-11-20 14:05:00,3,188,348.73,7.419787234042554,41,2,United Kingdom,19,115,1.5,116.24333333333334,62.666666666666664
18129,2011-04-10 14:16:00,2011-04-10 14:16:00,1,48,112.55000000000001,8.039285714285715,13,1,United Kingdom,243,1,1.0,112.55000000000001,48.0
18130,2011-10-13 15:58:00,2011-11-24 14:40:00,3,824,1059.39,15.134142857142859,58,2,United Kingdom,15,42,1.5,353.13000000000005,274.6666666666667
18133,2011-05-11 14:14:00,2011-05-11 14:14:00,1,1350,931.4999999999999,931.4999999999999,1,1,United Kingdom,212,1,1.0,931.4999999999999,1350.0
18135,2011-06-02 14:04:00,2011-11-10 19:32:00,5,349,681.9100000000001,34.0955,11,3,United Kingdom,29,162,1.6666666666666667,136.382,69.8
18136,2011-01-24 12:08:00,2011-10-07 15:40:00,3,379,784.33,20.640263157894736,34,3,United Kingdom,63,257,1.0,261.4433333333333,126.33333333333333
18138,2011-02-17 14:51:00,2011-02-17 14:51:00,1,38,152.65,19.08125,8,1,United Kingdom,295,1,1.0,152.65,38.0
18139,2011-11-21 14:06:00,2011-11-22 10:44:00,6,5557,8438.34,53.07132075471698,35,1,United Kingdom,18,1,6.0,1406.39,926.1666666666666
18142,2011-05-08 12:31:00,2011-07-05 13:19:00,2,1276,1019.52,67.968,9,2,United Kingdom,157,59,1.0,509.76,638.0
18143,2011-07-21 10:44:00,2011-08-15 12:07:00,2,570,1000.16,16.396065573770493,59,2,United Kingdom,117,26,1.0,500.08,285.0
18144,2010-12-01 13:45:00,2011-12-02 12:46:00,12,1343,2888.75,67.18023255813954,27,10,United Kingdom,8,366,1.2,240.72916666666666,111.91666666666667
18145,2011-01-31 12:10:00,2011-11-27 11:22:00,4,2625,2861.55,12.94819004524887,174,4,United Kingdom,13,300,1.0,715.3875,656.25
18146,2011-05-03 16:35:00,2011-07-22 12:08:00,2,153,160.35000000000002,16.035000000000004,10,2,United Kingdom,141,80,1.0,80.17500000000001,76.5
18147,2011-08-23 12:22:00,2011-10-25 11:46:00,2,203,179.33999999999997,25.619999999999997,7,2,United Kingdom,46,63,1.0,89.66999999999999,101.5
18149,2011-03-11 12:44:00,2011-10-20 12:04:00,3,310,612.0799999999999,38.254999999999995,11,3,United Kingdom,51,223,1.0,204.02666666666664,103.33333333333333
18150,2011-05-22 10:47:00,2011-11-07 16:49:00,3,332,566.58,15.312972972972974,29,3,United Kingdom,32,170,1.0,188.86,110.66666666666667
18151,2011-02-23 08:29:00,2011-07-28 11:35:00,2,355,653.35,17.193421052631578,38,2,United Kingdom,135,156,1.0,326.675,177.5
18154,2011-10-27 10:40:00,2011-12-06 16:41:00,2,255,399.19,19.009047619047617,15,2,United Kingdom,3,41,1.0,199.595,127.5
18155,2011-02-21 10:36:00,2011-09-25 13:32:00,3,266,371.62,14.8648,19,3,United Kingdom,75,217,1.0,123.87333333333333,88.66666666666667
18156,2010-12-05 12:29:00,2011-11-27 12:24:00,2,301,734.94,5.2495714285714286,100,2,United Kingdom,13,357,1.0,367.47,150.5
18158,2011-09-12 09:03:00,2011-11-30 16:19:00,2,354,453.4,13.335294117647058,24,2,United Kingdom,9,80,1.0,226.7,177.0
18159,2011-02-11 14:26:00,2011-02-11 14:26:00,1,139,530.15,23.05,23,1,United Kingdom,301,1,1.0,530.15,139.0
18160,2011-05-23 13:41:00,2011-10-13 15:50:00,2,294,638.0600000000001,16.36051282051282,37,2,United Kingdom,57,144,1.0,319.03000000000003,147.0
18161,2011-01-24 11:56:00,2011-11-24 16:40:00,5,812,1618.69,20.233625,49,5,United Kingdom,15,305,1.0,323.738,162.4
18164,2011-11-02 12:56:00,2011-11-02 12:56:00,1,184,399.65000000000003,16.652083333333334,24,1,United Kingdom,37,1,1.0,399.65000000000003,184.0
18165,2011-06-15 13:23:00,2011-06-15 13:23:00,1,254,302.46000000000004,30.246000000000002,10,1,United Kingdom,177,1,1.0,302.46000000000004,254.0
18167,2011-08-26 11:40:00,2011-11-16 15:56:00,3,382,1384.8600000000001,37.428648648648654,24,2,United Kingdom,23,83,1.5,461.62000000000006,127.33333333333333
18168,2010-12-02 18:08:00,2011-06-16 19:21:00,6,594,1169.94,8.93083969465649,97,5,United Kingdom,176,197,1.2,194.99,99.0
18169,2011-10-10 12:18:00,2011-10-10 12:18:00,1,61,202.65,22.516666666666666,9,1,United Kingdom,61,1,1.0,202.65,61.0
18170,2011-05-06 15:13:00,2011-11-06 14:35:00,3,409,980.31,25.797631578947367,29,3,United Kingdom,33,184,1.0,326.77,136.33333333333334
18171,2011-01-10 09:55:00,2011-10-12 09:13:00,5,481,1231.31,22.802037037037035,43,5,United Kingdom,59,275,1.0,246.262,96.2
18172,2011-02-23 10:44:00,2011-11-25 11:12:00,20,3184,7561.68,40.00888888888889,100,8,United Kingdom,15,276,2.5,378.084,159.2
18173,2011-03-10 11:56:00,2011-09-14 11:26:00,4,1220,2106.84,67.9625806451613,23,4,United Kingdom,87,188,1.0,526.71,305.0
18174,2011-12-02 16:56:00,2011-12-02 16:56:00,1,50,104.0,104.0,1,1,United Kingdom,7,1,1.0,104.0,50.0
18176,2010-12-16 15:45:00,2010-12-16 15:45:00,1,283,476.35,15.878333333333334,30,1,United Kingdom,358,1,1.0,476.35,283.0
18177,2011-03-29 08:46:00,2011-11-08 14:44:00,6,710,1341.42,18.127297297297297,53,5,United Kingdom,31,225,1.2,223.57000000000002,118.33333333333333
18178,2010-12-10 12:42:00,2011-08-03 09:30:00,4,983,1590.81,16.400103092783503,80,4,United Kingdom,129,236,1.0,397.7025,245.75
18179,2011-01-07 14:22:00,2011-11-30 16:23:00,6,1360,1793.17,19.924111111111113,86,5,United Kingdom,9,328,1.2,298.8616666666667,226.66666666666666
18180,2011-07-20 08:59:00,2011-12-05 08:39:00,6,1721,1843.75,15.493697478991596,108,4,United Kingdom,5,138,1.5,307.2916666666667,286.8333333333333
18181,2011-11-15 15:08:00,2011-11-15 15:08:00,1,146,382.8,8.700000000000001,40,1,United Kingdom,24,1,1.0,382.8,146.0
18183,2011-03-10 10:08:00,2011-04-26 15:26:00,2,371,632.07,17.082972972972975,36,2,United Kingdom,227,48,1.0,316.035,185.5
18184,2011-11-24 15:28:00,2011-11-24 15:28:00,1,60,49.8,49.8,1,1,United Kingdom,15,1,1.0,49.8,60.0
18185,2011-04-04 13:42:00,2011-04-04 13:42:00,1,183,304.25,17.897058823529413,17,1,United Kingdom,249,1,1.0,304.25,183.0
18188,2011-02-22 14:43:00,2011-11-24 16:46:00,3,1168,2001.04,28.183661971830986,63,3,United Kingdom,15,276,1.0,667.0133333333333,389.3333333333333
18189,2011-03-17 09:49:00,2011-09-23 12:40:00,2,566,1090.24,16.032941176470587,65,2,United Kingdom,78,191,1.0,545.12,283.0
18190,2011-01-13 10:35:00,2011-05-31 14:48:00,2,140,284.46000000000004,18.964000000000002,14,2,United Kingdom,192,139,1.0,142.23000000000002,70.0
18191,2011-03-23 12:08:00,2011-03-23 12:08:00,1,140,207.79999999999998,29.685714285714283,7,1,United Kingdom,262,1,1.0,207.79999999999998,140.0
18192,2011-09-29 09:53:00,2011-09-29 09:53:00,1,339,957.97,21.288222222222224,45,1,United Kingdom,72,1,1.0,957.97,339.0
18193,2011-06-27 13:58:00,2011-06-27 13:58:00,1,124,243.76,15.235,16,1,United Kingdom,165,1,1.0,243.76,124.0
18194,2011-09-18 13:29:00,2011-09-18 13:29:00,1,632,973.8399999999999,139.11999999999998,7,1,United Kingdom,82,1,1.0,973.8399999999999,632.0
18196,2011-02-22 16:13:00,2011-09-05 16:22:00,2,433,689.13,4.887446808510639,131,2,United Kingdom,95,196,1.0,344.565,216.5
18198,2011-01-07 13:39:00,2011-12-05 14:49:00,17,4074,5425.56,34.12301886792453,81,11,United Kingdom,4,333,1.5454545454545454,319.15058823529415,239.64705882352942
18200,2011-08-25 18:45:00,2011-08-25 18:45:00,1,111,163.8,5.11875,29,1,United Kingdom,106,1,1.0,163.8,111.0
18202,2011-02-01 13:36:00,2011-05-24 12:12:00,3,581,1396.99,20.543970588235293,55,2,United Kingdom,200,112,1.5,465.66333333333336,193.66666666666666
18203,2011-07-05 13:07:00,2011-07-05 13:07:00,1,43,160.42000000000002,8.443157894736842,19,1,United Kingdom,157,1,1.0,160.42000000000002,43.0
18204,2011-05-31 15:26:00,2011-09-29 16:44:00,3,1200,1993.7,9.9685,159,3,United Kingdom,71,122,1.0,664.5666666666667,400.0
18205,2011-09-26 12:02:00,2011-11-03 13:22:00,2,192,517.36,16.1675,30,2,United Kingdom,36,39,1.0,258.68,96.0
18209,2011-11-11 12:07:00,2011-11-11 12:07:00,1,58,139.10000000000002,17.387500000000003,8,1,United Kingdom,29,1,1.0,139.10000000000002,58.0
18210,2011-03-17 16:58:00,2011-12-08 11:02:00,6,1398,2621.38,19.562537313432838,109,4,United Kingdom,2,266,1.5,436.8966666666667,233.0
18211,2011-03-06 12:09:00,2011-11-14 08:10:00,5,359,600.07,14.287380952380953,37,5,United Kingdom,26,253,1.0,120.01400000000001,71.8
18212,2011-01-17 16:14:00,2011-01-17 16:14:00,1,101,248.42,5.7772093023255815,30,1,United Kingdom,326,1,1.0,248.42,101.0
18213,2011-04-17 10:21:00,2011-04-17 10:21:00,1,232,232.48000000000002,15.498666666666669,15,1,United Kingdom,237,1,1.0,232.48000000000002,232.0
18215,2011-09-11 16:05:00,2011-09-11 16:05:00,1,118,299.34000000000003,23.02615384615385,13,1,United Kingdom,89,1,1.0,299.34000000000003,118.0
18216,2011-11-08 16:55:00,2011-11-08 16:55:00,1,200,481.75,18.528846153846153,26,1,United Kingdom,31,1,1.0,481.75,200.0
18217,2011-09-30 10:44:00,2011-11-10 13:18:00,2,491,621.75,20.056451612903224,27,2,United Kingdom,29,42,1.0,310.875,245.5
18218,2011-03-03 12:24:00,2011-05-12 12:53:00,2,584,662.08,31.527619047619048,17,2,United Kingdom,211,71,1.0,331.04,292.0
18219,2010-12-06 10:05:00,2011-12-07 11:43:00,10,885,2069.77,18.155877192982455,58,8,United Kingdom,3,367,1.25,206.977,88.5
18220,2011-04-27 09:03:00,2011-04-27 09:03:00,1,288,305.28000000000003,152.64000000000001,2,1,United Kingdom,227,1,1.0,305.28000000000003,288.0
18221,2011-05-12 14:13:00,2011-11-17 14:40:00,5,791,1041.61,16.27515625,59,5,United Kingdom,22,190,1.0,208.32199999999997,158.2
18222,2011-09-08 10:45:00,2011-09-08 10:45:00,1,335,443.0,23.31578947368421,19,1,United Kingdom,93,1,1.0,443.0,335.0
18223,2010-12-16 16:42:00,2011-12-05 09:11:00,14,2948,6484.54,23.840220588235294,116,10,United Kingdom,5,354,1.4,463.18142857142857,210.57142857142858
18224,2011-03-21 10:30:00,2011-03-21 10:30:00,1,69,158.95000000000002,15.895000000000001,10,1,United Kingdom,264,1,1.0,158.95000000000002,69.0
18225,2010-12-09 15:46:00,2011-12-06 13:27:00,12,3244,5509.12,20.328856088560887,150,10,United Kingdom,3,362,1.2,459.0933333333333,270.3333333333333
18226,2011-01-06 09:00:00,2011-10-26 13:36:00,11,3466,5228.05,21.603512396694217,141,9,United Kingdom,44,294,1.2222222222222223,475.27727272727276,315.09090909090907
18227,2011-05-06 12:23:00,2011-05-06 12:23:00,1,21,93.75,18.75,5,1,United Kingdom,218,1,1.0,93.75,21.0
18228,2011-09-21 10:48:00,2011-10-14 09:21:00,2,238,779.9,25.996666666666666,23,2,United Kingdom,57,23,1.0,389.95,119.0
18229,2010-12-01 16:25:00,2011-11-28 09:48:00,20,2488,7276.900000000001,44.37134146341464,66,12,United Kingdom,12,362,1.6666666666666667,363.845,124.4
18230,2011-02-10 13:06:00,2011-11-30 13:22:00,7,1316,2810.2000000000003,32.67674418604651,32,6,United Kingdom,9,294,1.1666666666666667,401.4571428571429,188.0
18231,2011-02-24 09:08:00,2011-05-31 14:18:00,5,821,2083.27,16.800564516129032,106,4,United Kingdom,192,97,1.25,416.654,164.2
18232,2011-05-26 16:30:00,2011-09-19 11:49:00,4,302,592.97,16.026216216216216,31,3,United Kingdom,82,116,1.3333333333333333,148.2425,75.5
18233,2011-01-18 08:44:00,2011-01-18 08:44:00,1,4,440.0,440.0,1,1,United Kingdom,326,1,1.0,440.0,4.0
18235,2011-05-06 13:35:00,2011-09-29 08:27:00,3,1578,1796.48,17.273846153846154,100,3,United Kingdom,72,146,1.0,598.8266666666667,526.0
18236,2011-04-13 09:52:00,2011-11-10 08:06:00,6,403,882.24,18.004897959183673,42,6,United Kingdom,30,211,1.0,147.04,67.16666666666667
18237,2011-07-28 13:05:00,2011-12-07 12:49:00,5,622,987.1,16.181967213114753,40,5,United Kingdom,3,132,1.0,197.42000000000002,124.4
18239,2010-12-02 17:48:00,2011-05-05 12:38:00,5,795,1561.6100000000001,17.745568181818182,80,4,United Kingdom,219,154,1.25,312.322,159.0
18240,2011-10-24 13:06:00,2011-10-24 13:06:00,1,126,422.58,70.42999999999999,6,1,United Kingdom,46,1,1.0,422.58,126.0
18241,2011-05-06 09:22:00,2011-11-30 12:10:00,17,1051,2073.09,19.933557692307694,60,7,United Kingdom,10,209,2.4285714285714284,121.9464705882353,61.8235294117647
18242,2011-05-10 11:20:00,2011-09-28 13:43:00,4,1017,2232.4900000000002,28.62166666666667,72,2,United Kingdom,72,142,2.0,558.1225000000001,254.25
18245,2010-12-19 14:58:00,2011-12-02 14:48:00,7,1788,2567.06,14.668914285714285,153,5,United Kingdom,7,348,1.4,366.72285714285715,255.42857142857142
18246,2011-04-20 13:55:00,2011-11-16 11:49:00,2,166,596.1,149.025,3,2,United Kingdom,24,210,1.0,298.05,83.0
18248,2011-06-06 13:18:00,2011-08-09 10:19:00,2,511,804.02,17.1068085106383,39,2,United Kingdom,123,64,1.0,402.01,255.5
18249,2011-11-22 15:07:00,2011-11-22 15:07:00,1,128,95.34,11.9175,8,1,United Kingdom,17,1,1.0,95.34,128.0
18250,2011-02-02 13:16:00,2011-02-02 13:16:00,1,199,349.27,16.63190476190476,21,1,United Kingdom,310,1,1.0,349.27,199.0
18251,2011-09-13 15:03:00,2011-09-13 15:03:00,1,7824,4314.72,269.67,16,1,United Kingdom,87,1,1.0,4314.72,7824.0
18252,2011-06-21 11:47:00,2011-10-20 12:43:00,2,239,526.67,5.374183673469387,90,2,United Kingdom,51,122,1.0,263.335,119.5
18255,2011-09-11 13:16:00,2011-09-11 13:16:00,1,74,103.3,17.216666666666665,6,1,United Kingdom,89,1,1.0,103.3,74.0
18257,2011-02-16 15:13:00,2011-10-31 14:48:00,8,1041,2337.63,19.81042372881356,97,5,United Kingdom,39,257,1.6,292.20375,130.125
18259,2010-12-08 13:38:00,2011-11-15 12:34:00,3,714,2338.6000000000004,55.68095238095239,27,3,United Kingdom,25,342,1.0,779.5333333333334,238.0
18260,2010-12-16 18:23:00,2011-06-20 12:37:00,6,1478,2643.2000000000003,19.72537313432836,86,6,United Kingdom,173,186,1.0,440.53333333333336,246.33333333333334
18261,2011-09-05 09:34:00,2011-10-27 15:36:00,2,146,324.24,15.440000000000001,19,2,United Kingdom,43,53,1.0,162.12,73.0
18262,2011-07-22 16:04:00,2011-07-22 16:04:00,1,182,149.48,11.498461538461537,13,1,United Kingdom,140,1,1.0,149.48,182.0
18263,2011-04-01 11:48:00,2011-11-14 09:00:00,3,1468,1213.1599999999999,19.887868852459015,59,3,United Kingdom,26,227,1.0,404.3866666666666,489.3333333333333
18265,2011-07-04 15:26:00,2011-09-28 14:10:00,2,311,801.51,17.424130434782608,44,2,United Kingdom,72,86,1.0,400.755,155.5
18268,2011-07-28 19:13:00,2011-07-28 19:13:00,1,2,25.5,25.5,1,1,United Kingdom,134,1,1.0,25.5,2.0
18269,2010-12-08 13:53:00,2010-12-08 13:53:00,1,76,168.6,24.085714285714285,7,1,United Kingdom,366,1,1.0,168.6,76.0
18270,2011-03-18 12:41:00,2011-11-01 13:57:00,2,101,283.15,25.74090909090909,11,2,United Kingdom,38,229,1.0,141.575,50.5
18272,2011-04-07 09:35:00,2011-12-07 12:43:00,6,2050,3078.58,18.54566265060241,99,5,United Kingdom,3,245,1.2,513.0966666666667,341.6666666666667
18273,2011-03-27 11:22:00,2011-12-07 13:16:00,3,80,204.0,68.0,1,3,United Kingdom,2,256,1.0,68.0,26.666666666666668
18274,2011-11-09 17:03:00,2011-11-09 17:03:00,1,88,175.92,15.992727272727272,11,1,United Kingdom,30,1,1.0,175.92,88.0
18276,2011-10-27 10:54:00,2011-10-27 10:54:00,1,186,335.86,23.990000000000002,14,1,United Kingdom,44,1,1.0,335.86,186.0
18277,2011-10-12 15:22:00,2011-10-12 15:22:00,1,68,110.38,13.7975,8,1,United Kingdom,58,1,1.0,110.38,68.0
18278,2011-09-27 11:58:00,2011-09-27 11:58:00,1,66,173.9,19.322222222222223,9,1,United Kingdom,74,1,1.0,173.9,66.0
18280,2011-03-07 09:52:00,2011-03-07 09:52:00,1,45,180.60000000000002,18.060000000000002,10,1,United Kingdom,278,1,1.0,180.60000000000002,45.0
18281,2011-06-12 10:53:00,2011-06-12 10:53:00,1,54,80.82,11.545714285714284,7,1,United Kingdom,181,1,1.0,80.82,54.0
18282,2011-08-05 13:35:00,2011-12-02 11:43:00,2,103,178.05,14.8375,12,2,United Kingdom,8,119,1.0,89.025,51.5
18283,2011-01-06 14:14:00,2011-12-06 12:02:00,16,1397,2094.88,2.771005291005291,263,10,United Kingdom,4,334,1.6,130.93,87.3125
18287,2011-05-22 10:39:00,2011-10-28 09:29:00,3,1586,1837.28,26.24685714285714,59,2,United Kingdom,43,159,1.5,612.4266666666666,528.6666666666666
