customer_id,recency_days,frequency,monetary,total_items,unique_products,avg_line_revenue,active_months,revenue_per_order,items_per_order,orders_per_active_month,purchased_future,churned,churn_risk_score,risk_tier,recommended_action
12346,235,1,77183.6,74215,1,77183.6,1,77183.6,74215.0,1.0,0,1,0.7997305512312822,High Risk,Priority reactivation campaign
12347,39,5,2790.86,1590,82,22.50693548387097,5,558.172,318.0,1.0,1,0,0.13043074780250322,Low Risk,Maintain standard engagement
12348,158,3,1487.24,2124,22,53.11571428571428,3,495.74666666666667,708.0,1.0,1,0,0.4287116760585254,Medium Risk,Loyalty incentive
12350,219,1,334.4,197,17,19.670588235294115,1,334.4,197.0,1.0,0,1,0.715506426040595,High Risk,Low-cost win-back email
12352,171,5,1561.81,254,26,41.10026315789474,2,312.36199999999997,50.8,2.5,1,0,0.46443444878570395,Medium Risk,Loyalty incentive
12353,113,1,89.0,20,4,22.25,1,89.0,20.0,1.0,0,1,0.704525330000461,High Risk,Low-cost win-back email
12354,141,1,1079.4,530,58,18.610344827586207,1,1079.4,530.0,1.0,0,1,0.615504552156246,Medium Risk,Standard retention email
12355,123,1,459.4,240,13,35.33846153846154,1,459.4,240.0,1.0,0,1,0.6748486603166274,High Risk,Low-cost win-back email
12356,155,2,2753.08,1586,53,48.29964912280702,2,1376.54,793.0,1.0,1,0,0.40142441231359427,Medium Risk,Standard retention email
12358,60,1,484.86,100,12,40.405,1,484.86,100.0,1.0,1,0,0.6733548095401575,High Risk,Low-cost win-back email
12359,99,3,3495.73,965,135,24.445664335664336,3,1165.2433333333333,321.6666666666667,1.0,1,0,0.2787062285552987,Low Risk,Maintain standard engagement
12360,22,2,1618.28,674,63,21.577066666666667,2,809.14,337.0,1.0,1,0,0.36150093288253443,Medium Risk,Standard retention email
12361,196,1,189.9,91,10,18.990000000000002,1,189.9,91.0,1.0,0,1,0.7551224106183702,High Risk,Low-cost win-back email
12362,29,4,1747.35,988,89,16.64142857142857,4,436.8375,247.0,1.0,1,0,0.274069543215508,Low Risk,Maintain standard engagement
12363,19,2,552.0,408,23,24.0,2,276.0,204.0,1.0,0,1,0.5185169497935896,Medium Risk,Standard retention email
12364,21,1,623.92,555,34,18.350588235294115,1,623.92,555.0,1.0,1,0,0.592728527145621,Medium Risk,Standard retention email
12365,200,2,641.38,174,22,29.153636363636362,1,320.69,87.0,2.0,0,1,0.7133131056577505,High Risk,Priority reactivation campaign
12370,183,3,2806.41,1973,125,20.189999999999998,2,935.4699999999999,657.6666666666666,1.5,1,0,0.3356255035124168,Medium Risk,Loyalty incentive
12372,122,2,914.9200000000001,592,32,23.45948717948718,2,457.46000000000004,296.0,1.0,1,0,0.4876158164261212,Medium Risk,Standard retention email
12373,220,1,364.6,197,14,26.042857142857144,1,364.6,197.0,1.0,0,1,0.7093934118489786,High Risk,Low-cost win-back email
12375,7,1,230.3,87,11,20.936363636363637,1,230.3,87.0,1.0,1,0,0.6195215903576784,Medium Risk,Standard retention email
12377,224,2,1628.12,944,72,21.144415584415583,2,814.06,472.0,1.0,0,1,0.4115549557663688,Medium Risk,Standard retention email
12378,39,1,4008.62,2529,219,18.30420091324201,1,4008.62,2529.0,1.0,0,1,0.5332423494941687,Medium Risk,Standard retention email
12379,79,1,459.84,211,20,22.991999999999997,1,459.84,211.0,1.0,1,0,0.6047453522575076,Medium Risk,Standard retention email
12380,95,1,607.5500000000001,293,36,16.87638888888889,1,607.5500000000001,293.0,1.0,1,0,0.6160937879767389,Medium Risk,Standard retention email
12381,29,1,1268.74,568,62,20.463548387096775,1,1268.74,568.0,1.0,1,0,0.5246473265207018,Medium Risk,Standard retention email
12383,94,5,1850.56,1532,84,18.69252525252525,5,370.11199999999997,306.4,1.0,0,1,0.1777283210526934,Low Risk,Maintain standard engagement
12384,31,1,292.69,62,14,20.90642857142857,1,292.69,62.0,1.0,1,0,0.6391726936269936,Medium Risk,Standard retention email
12386,247,2,401.9,354,10,40.19,2,200.95,177.0,1.0,0,1,0.6554433836852328,Medium Risk,Standard retention email
12388,57,4,1668.3400000000001,760,50,23.833428571428573,4,417.08500000000004,190.0,1.0,1,0,0.29765887671089675,Low Risk,Maintain standard engagement
12393,155,3,1061.1000000000001,522,33,27.207692307692312,2,353.70000000000005,174.0,1.5,1,0,0.43530704234898526,Medium Risk,Loyalty incentive
12394,126,1,381.08,182,21,18.146666666666665,1,381.08,182.0,1.0,1,0,0.6698388751328372,High Risk,Low-cost win-back email
12395,21,8,1899.57,1629,65,19.787187499999998,6,237.44625,203.625,1.3333333333333333,1,0,0.05255406698053286,Low Risk,Maintain standard engagement
12397,44,1,1214.81,704,70,17.35442857142857,1,1214.81,704.0,1.0,1,0,0.5281429491806767,Medium Risk,Standard retention email
12399,28,4,1108.65,1178,47,18.790677966101697,4,277.1625,294.5,1.0,0,1,0.2681840475404689,Low Risk,Maintain standard engagement
12401,212,1,84.3,11,5,16.86,1,84.3,11.0,1.0,0,1,0.7981465792191199,High Risk,Low-cost win-back email
12402,232,1,225.6,94,11,20.509090909090908,1,225.6,94.0,1.0,0,1,0.7501559887863569,High Risk,Low-cost win-back email
12405,58,1,1710.39,857,54,31.67388888888889,1,1710.39,857.0,1.0,0,1,0.6140271171412066,Medium Risk,Standard retention email
12406,93,1,1621.25,793,48,33.08673469387755,1,1621.25,793.0,1.0,1,0,0.5722646127650993,Medium Risk,Standard retention email
12407,43,4,1407.3600000000001,1237,50,21.990000000000002,3,351.84000000000003,309.25,1.3333333333333333,1,0,0.17921404692796447,Low Risk,Maintain standard engagement
12408,8,4,2134.0499999999997,1044,67,26.024999999999995,3,533.5124999999999,261.0,1.3333333333333333,1,0,0.23780111711495797,Low Risk,Maintain standard engagement
12409,92,1,6207.08,3142,64,96.985625,1,6207.08,3142.0,1.0,1,0,0.4936946914907807,Medium Risk,Standard retention email
12410,218,2,693.3299999999999,211,26,26.666538461538458,1,346.66499999999996,105.5,2.0,0,1,0.6951455648247822,High Risk,Priority reactivation campaign
12412,47,2,890.74,599,34,19.794222222222224,2,445.37,299.5,1.0,1,0,0.45663006049066496,Medium Risk,Standard retention email
12413,145,2,563.9,205,25,20.139285714285712,2,281.95,102.5,1.0,1,0,0.6156094631152643,Medium Risk,Standard retention email
12414,126,3,562.41,300,16,31.244999999999997,3,187.47,100.0,1.0,0,1,0.40951485964470374,Medium Risk,Loyalty incentive
12415,8,15,102087.88,66701,382,170.14646666666667,9,6805.858666666667,4446.733333333334,1.6666666666666667,1,0,0.06956990808624684,Low Risk,Maintain standard engagement
12417,16,7,2816.52,1229,132,19.03054054054054,6,402.36,175.57142857142858,1.1666666666666667,1,0,0.05339315954695568,Low Risk,Maintain standard engagement
12418,22,1,668.58,407,34,19.664117647058823,1,668.58,407.0,1.0,0,1,0.5972729249099032,Medium Risk,Standard retention email
12421,24,3,628.56,407,25,17.459999999999997,3,209.51999999999998,135.66666666666666,1.0,1,0,0.40596123836008774,Medium Risk,Loyalty incentive
12422,5,3,803.5600000000001,370,39,20.604102564102565,3,267.85333333333335,123.33333333333333,1.0,0,1,0.3940348652741987,Medium Risk,Loyalty incentive
12423,10,7,1650.67,1136,86,15.283981481481483,7,235.81,162.28571428571428,1.0,1,0,0.08085953949530111,Low Risk,Maintain standard engagement
12424,72,2,1760.96,740,30,58.69866666666667,1,880.48,370.0,2.0,0,1,0.6425954073653813,Medium Risk,Standard retention email
12426,104,1,582.73,258,30,19.424333333333333,1,582.73,258.0,1.0,0,1,0.6473459443179181,Medium Risk,Standard retention email
12427,281,1,303.5,79,10,30.35,1,303.5,79.0,1.0,1,0,0.7472321010855314,High Risk,Low-cost win-back email
12428,29,8,7548.12,3386,252,27.054193548387097,4,943.515,423.25,2.0,1,0,0.0893238151586783,Low Risk,Maintain standard engagement
12429,82,3,2844.88,1045,62,40.64114285714286,3,948.2933333333334,348.3333333333333,1.0,1,0,0.26451994757878655,Low Risk,Maintain standard engagement
12431,28,11,4874.57,2108,134,26.349027027027024,6,443.14272727272726,191.63636363636363,1.8333333333333333,1,0,0.03531553286091955,Low Risk,Maintain standard engagement
12432,79,3,4016.66,1427,75,52.85078947368421,1,1338.8866666666665,475.6666666666667,3.0,1,0,0.40586772465175897,Medium Risk,Loyalty incentive
12433,275,2,3787.12,3582,79,25.762721088435374,1,1893.56,1791.0,2.0,1,0,0.38215580715908937,Medium Risk,Standard retention email
12434,169,1,286.25,77,16,17.890625,1,286.25,77.0,1.0,1,0,0.7097543992489512,High Risk,Low-cost win-back email
12435,177,1,3978.9900000000002,879,19,209.4205263157895,1,3978.9900000000002,879.0,1.0,1,0,0.6548364575777725,Medium Risk,Standard retention email
12436,9,1,509.01,211,16,31.813125,1,509.01,211.0,1.0,0,1,0.6118105971333001,Medium Risk,Standard retention email
12437,7,11,2811.41,1797,63,27.5628431372549,7,255.58272727272725,163.36363636363637,1.5714285714285714,1,0,0.03703934690580164,Low Risk,Maintain standard engagement
12438,49,1,890.0699999999999,586,49,18.16469387755102,1,890.0699999999999,586.0,1.0,1,0,0.5426663197231402,Medium Risk,Standard retention email
12441,276,1,173.55,121,11,15.77727272727273,1,173.55,121.0,1.0,0,1,0.7116761554054846,High Risk,Low-cost win-back email
12444,31,2,2627.27,650,96,25.021619047619048,2,1313.635,325.0,1.0,1,0,0.3237109466753584,Low Risk,Maintain standard engagement
12447,152,1,476.49,190,26,18.326538461538462,1,476.49,190.0,1.0,0,1,0.7240301661772467,High Risk,Low-cost win-back email
12449,1,3,2724.58,1029,84,20.640757575757576,3,908.1933333333333,343.0,1.0,1,0,0.2991429975040442,Low Risk,Maintain standard engagement
12450,65,2,197.88,128,7,24.735,2,98.94,64.0,1.0,0,1,0.7676539233913141,High Risk,Low-cost win-back email
12451,127,2,5307.82,4105,162,27.219589743589744,2,2653.91,2052.5,1.0,1,0,0.30629541631141516,Low Risk,Maintain standard engagement
12453,43,1,707.09,473,43,16.443953488372095,1,707.09,473.0,1.0,0,1,0.5851355374571463,Medium Risk,Standard retention email
12455,37,5,2176.36,1766,67,30.652957746478876,4,435.27200000000005,353.2,1.25,1,0,0.11993342780063569,Low Risk,Maintain standard engagement
12456,40,2,2265.4,1073,77,26.34186046511628,2,1132.7,536.5,1.0,1,0,0.35890120774264495,Medium Risk,Standard retention email
12457,143,3,1067.25,397,23,42.69,1,355.75,132.33333333333334,3.0,1,0,0.4678730175406607,Medium Risk,Loyalty incentive
12458,194,1,441.92,270,19,23.258947368421055,1,441.92,270.0,1.0,1,0,0.6955736625885904,High Risk,Low-cost win-back email
12461,3,2,826.88,287,35,23.62514285714286,2,413.44,143.5,1.0,0,1,0.5365138160904256,Medium Risk,Standard retention email
12462,212,1,762.11,287,40,19.05275,1,762.11,287.0,1.0,1,0,0.6405286591422998,Medium Risk,Standard retention email
12463,84,3,985.79,577,51,16.16049180327869,3,328.59666666666664,192.33333333333334,1.0,1,0,0.2975449500101746,Low Risk,Maintain standard engagement
12464,15,6,780.55,81,6,37.16904761904762,4,130.09166666666667,13.5,1.5,1,0,0.3984125746833351,Medium Risk,Loyalty incentive
12465,78,1,440.94,294,26,16.959230769230768,1,440.94,294.0,1.0,1,0,0.6152917249026062,Medium Risk,Standard retention email
12468,97,2,729.5400000000001,366,36,19.19842105263158,2,364.77000000000004,183.0,1.0,0,1,0.49794883093955616,Medium Risk,Standard retention email
12471,16,19,11116.4,4352,108,42.26768060836502,8,585.0736842105263,229.05263157894737,2.375,1,0,0.01428962740825822,Low Risk,Maintain standard engagement
12472,48,5,4927.6,3088,180,19.78955823293173,5,985.5200000000001,617.6,1.0,1,0,0.10850543023018364,Low Risk,Maintain standard engagement
12473,24,2,1186.25,878,60,18.25,2,593.125,439.0,1.0,1,0,0.42159259088531625,Medium Risk,Standard retention email
12474,8,13,4362.06,2798,153,17.66016194331984,7,335.54307692307697,215.23076923076923,1.8571428571428572,1,0,0.014407835481716941,Low Risk,Maintain standard engagement
12476,50,6,3191.67,1132,91,27.27923076923077,6,531.945,188.66666666666666,1.0,1,0,0.10873342529304371,Low Risk,Maintain standard engagement
12477,10,3,8834.03,2518,156,44.392110552763825,3,2944.6766666666667,839.3333333333334,1.0,1,0,0.24519382759964428,Low Risk,Maintain standard engagement
12480,52,3,2144.95,1096,97,18.81535087719298,3,714.9833333333332,365.3333333333333,1.0,1,0,0.25628238659292507,Low Risk,Maintain standard engagement
12481,89,8,4101.76,2361,112,26.125859872611468,5,512.72,295.125,1.6,1,0,0.11129226775343949,Low Risk,Maintain standard engagement
12483,8,6,1624.06,792,38,30.64264150943396,5,270.6766666666667,132.0,1.2,1,0,0.16150329911767072,Low Risk,Maintain standard engagement
12484,10,4,3663.15,1859,222,12.989893617021277,3,915.7875,464.75,1.3333333333333333,1,0,0.2406499467088222,Low Risk,Maintain standard engagement
12489,245,1,334.93,105,15,22.328666666666667,1,334.93,105.0,1.0,0,1,0.7543442900166198,High Risk,Low-cost win-back email
12490,2,6,3552.59,2010,102,21.530848484848487,6,592.0983333333334,335.0,1.0,1,0,0.08003456319276016,Low Risk,Maintain standard engagement
12492,14,1,126.39000000000001,69,9,14.043333333333335,1,126.39000000000001,69.0,1.0,1,0,0.5939478236002799,Medium Risk,Standard retention email
12493,75,2,433.74,207,20,19.715454545454545,2,216.87,103.5,1.0,0,1,0.5335031388071546,Medium Risk,Standard retention email
12494,71,5,868.86,364,42,17.036470588235293,4,173.772,72.8,1.25,1,0,0.24343845117969296,Low Risk,Maintain standard engagement
12500,15,6,1773.8400000000001,1270,20,55.432500000000005,5,295.64000000000004,211.66666666666666,1.2,1,0,0.17273760631065868,Low Risk,Maintain standard engagement
12501,246,1,2169.39,1783,149,14.559664429530201,1,2169.39,1783.0,1.0,0,1,0.5336715094631821,Medium Risk,Standard retention email
12502,5,5,3723.87,820,102,25.332448979591835,5,744.774,164.0,1.0,0,1,0.26943023712352504,Low Risk,Maintain standard engagement
12506,142,1,73.5,23,23,3.1956521739130435,1,73.5,23.0,1.0,0,1,0.7656634618279797,High Risk,Low-cost win-back email
12507,43,3,1304.81,894,19,62.13380952380952,2,434.93666666666667,298.0,1.5,0,1,0.5157269647462477,Medium Risk,Loyalty incentive
12509,193,1,176.5,55,7,25.214285714285715,1,176.5,55.0,1.0,0,1,0.7568117756360028,High Risk,Low-cost win-back email
12510,52,2,982.5699999999999,353,29,29.774848484848484,2,491.28499999999997,176.5,1.0,0,1,0.5499113875105831,Medium Risk,Standard retention email
12513,22,1,612.29,462,35,17.494,1,612.29,462.0,1.0,0,1,0.6211713932177272,Medium Risk,Standard retention email
12514,176,1,1017.68,440,51,19.954509803921567,1,1017.68,440.0,1.0,0,1,0.702094453374992,High Risk,Priority reactivation campaign
12515,262,1,383.7,131,16,23.98125,1,383.7,131.0,1.0,0,1,0.7520279211026496,High Risk,Low-cost win-back email
12516,90,1,583.2,345,13,44.861538461538466,1,583.2,345.0,1.0,1,0,0.611792853387721,Medium Risk,Standard retention email
12517,35,2,1538.7,841,173,8.3625,2,769.35,420.5,1.0,1,0,0.37713407548788097,Medium Risk,Standard retention email
12518,19,1,324.83,187,18,18.04611111111111,1,324.83,187.0,1.0,1,0,0.538771244926273,Medium Risk,Standard retention email
12520,51,4,2045.85,1099,104,16.90785123966942,3,511.4625,274.75,1.3333333333333333,1,0,0.19119635121357476,Low Risk,Maintain standard engagement
12521,52,1,599.68,309,38,15.781052631578946,1,599.68,309.0,1.0,0,1,0.5787848121666528,Medium Risk,Standard retention email
12523,17,7,1017.75,560,49,16.154761904761905,6,145.39285714285714,80.0,1.1666666666666667,1,0,0.14592179566460556,Low Risk,Maintain standard engagement
12524,71,6,3122.48,2290,92,26.91793103448276,5,520.4133333333333,381.6666666666667,1.2,1,0,0.1137517034896449,Low Risk,Maintain standard engagement
12526,3,1,520.3,318,29,17.941379310344825,1,520.3,318.0,1.0,1,0,0.577768991950621,Medium Risk,Standard retention email
12527,204,2,284.92,221,15,18.994666666666667,2,142.46,110.5,1.0,1,0,0.5930814041349333,Medium Risk,Standard retention email
12528,24,4,1287.37,503,46,19.805692307692308,4,321.8425,125.75,1.0,1,0,0.3125588696626429,Low Risk,Maintain standard engagement
12530,33,3,1221.65,600,39,26.557608695652174,3,407.2166666666667,200.0,1.0,1,0,0.33664302822704667,Medium Risk,Loyalty incentive
12534,40,1,1089.18,651,63,17.28857142857143,1,1089.18,651.0,1.0,0,1,0.5149613297156846,Medium Risk,Standard retention email
12535,1,2,716.35,219,28,21.069117647058825,2,358.175,109.5,1.0,0,1,0.5139585446081277,Medium Risk,Standard retention email
12539,171,3,4517.69,1621,125,19.642130434782608,2,1505.8966666666665,540.3333333333334,1.5,1,0,0.3117273394802416,Low Risk,Maintain standard engagement
12540,1,11,9246.86,4433,207,28.806417445482868,9,840.6236363636364,403.0,1.2222222222222223,1,0,0.020887389283374715,Low Risk,Maintain standard engagement
12541,82,2,536.14,419,27,19.14785714285714,2,268.07,209.5,1.0,1,0,0.5087820961794742,Medium Risk,Standard retention email
12545,169,1,628.15,346,34,18.474999999999998,1,628.15,346.0,1.0,1,0,0.6540852928600553,Medium Risk,Standard retention email
12547,107,2,207.79999999999998,134,7,25.974999999999998,2,103.89999999999999,67.0,1.0,0,1,0.7679273570380497,High Risk,Low-cost win-back email
12548,75,1,95.19999999999999,49,5,19.04,1,95.19999999999999,49.0,1.0,0,1,0.7085268367936121,High Risk,Low-cost win-back email
12551,267,1,168.0,100,10,16.8,1,168.0,100.0,1.0,0,1,0.7344617744052356,High Risk,Low-cost win-back email
12553,19,7,2419.59,1351,81,17.922888888888888,6,345.6557142857143,193.0,1.1666666666666667,1,0,0.044281667399268074,Low Risk,Maintain standard engagement
12556,60,1,312.9,166,60,4.670149253731343,1,312.9,166.0,1.0,1,0,0.5052623218391963,Medium Risk,Standard retention email
12557,67,4,9000.960000000001,3464,15,310.3779310344828,4,2250.2400000000002,866.0,1.0,1,0,0.24733450152611927,Low Risk,Maintain standard engagement
12559,220,2,561.71,283,21,26.74809523809524,2,280.855,141.5,1.0,0,1,0.6282436829204293,Medium Risk,Standard retention email
12560,21,2,1436.31,820,77,18.653376623376623,2,718.155,410.0,1.0,1,0,0.4030128280377955,Medium Risk,Standard retention email
12561,212,1,238.85,177,16,14.928125,1,238.85,177.0,1.0,0,1,0.6944606175905619,High Risk,Low-cost win-back email
12562,36,3,1605.23,776,53,20.579871794871796,3,535.0766666666667,258.6666666666667,1.0,1,0,0.32176844253469017,Low Risk,Maintain standard engagement
12564,170,1,456.9,133,21,21.757142857142856,1,456.9,133.0,1.0,0,1,0.7576875628910652,High Risk,Low-cost win-back email
12565,198,1,145.92,80,9,16.21333333333333,1,145.92,80.0,1.0,0,1,0.7621808219527364,High Risk,Low-cost win-back email
12567,5,9,7849.98,3533,271,21.506794520547945,6,872.2199999999999,392.55555555555554,1.5,1,0,0.03273535026226177,Low Risk,Maintain standard engagement
12569,1,15,2167.68,857,48,23.56173913043478,6,144.512,57.13333333333333,2.5,1,0,0.09462795823811808,Low Risk,Maintain standard engagement
12571,31,1,248.35,197,14,17.739285714285714,1,248.35,197.0,1.0,1,0,0.5558593395943163,Medium Risk,Standard retention email
12573,136,1,160.54000000000002,84,26,5.733571428571429,1,160.54000000000002,84.0,1.0,0,1,0.7040068260754596,High Risk,Low-cost win-back email
12574,225,1,218.45,61,11,19.85909090909091,1,218.45,61.0,1.0,0,1,0.7505092724781726,High Risk,Low-cost win-back email
12576,5,4,936.55,665,54,15.105645161290322,4,234.1375,166.25,1.0,1,0,0.297652348200746,Low Risk,Maintain standard engagement
12577,268,1,195.89,134,67,2.923731343283582,1,195.89,134.0,1.0,1,0,0.6043377595629852,Medium Risk,Standard retention email
12578,239,1,1608.66,748,70,22.980857142857143,1,1608.66,748.0,1.0,1,0,0.5232826368315997,Medium Risk,Standard retention email
12580,156,1,415.7,238,24,17.320833333333333,1,415.7,238.0,1.0,0,1,0.7261184877431213,High Risk,Low-cost win-back email
12582,148,2,511.36,300,21,23.243636363636366,2,255.68,150.0,1.0,0,1,0.6031882183978107,Medium Risk,Standard retention email
12583,16,9,4232.21,3463,84,28.987739726027396,8,470.24555555555554,384.77777777777777,1.125,1,0,0.03004632689829535,Low Risk,Maintain standard engagement
12584,36,4,782.59,138,27,23.017352941176473,4,195.6475,34.5,1.0,1,0,0.393594527952252,Medium Risk,Loyalty incentive
12585,143,2,2040.1,1279,77,23.44942528735632,2,1020.05,639.5,1.0,0,1,0.4557740442758951,Medium Risk,Standard retention email
12589,54,1,131.5,83,10,13.15,1,131.5,83.0,1.0,1,0,0.6277788386665532,Medium Risk,Standard retention email
12590,120,2,9864.26,4283,68,145.06264705882353,1,4932.13,2141.5,2.0,0,1,0.5806612643649454,Medium Risk,Standard retention email
12591,226,1,452.84999999999997,228,26,17.41730769230769,1,452.84999999999997,228.0,1.0,0,1,0.7189201828158307,High Risk,Low-cost win-back email
12592,1,2,437.6,290,11,24.311111111111114,2,218.8,145.0,1.0,0,1,0.5495814944230949,Medium Risk,Standard retention email
12593,17,3,418.09999999999997,206,14,19.909523809523808,2,139.36666666666665,68.66666666666667,1.5,0,1,0.5662257264573608,Medium Risk,Loyalty incentive
12594,30,8,2529.9,1440,46,27.203225806451613,7,316.2375,180.0,1.1428571428571428,1,0,0.04011893592820336,Low Risk,Maintain standard engagement
12596,151,1,269.95,156,15,17.996666666666666,1,269.95,156.0,1.0,1,0,0.6634189819433125,High Risk,Low-cost win-back email
12597,92,2,1428.81,675,72,18.318076923076923,2,714.405,337.5,1.0,1,0,0.3783256081129094,Medium Risk,Standard retention email
12598,71,4,1584.3799999999999,971,45,25.148888888888887,3,396.09499999999997,242.75,1.3333333333333333,1,0,0.2259506792256786,Low Risk,Maintain standard engagement
12599,36,6,857.04,749,25,17.855,5,142.84,124.83333333333333,1.2,1,0,0.2004574760575991,Low Risk,Maintain standard engagement
12600,22,8,1936.5600000000002,544,26,39.521632653061225,7,242.07000000000002,68.0,1.1428571428571428,1,0,0.10713425291388205,Low Risk,Maintain standard engagement
12601,99,5,577.0600000000001,245,21,20.609285714285715,5,115.412,49.0,1.0,0,1,0.671462426557076,High Risk,Priority reactivation campaign
12604,171,1,178.5,137,10,17.85,1,178.5,137.0,1.0,1,0,0.7202192657990211,High Risk,Low-cost win-back email
12609,95,2,800.73,518,42,18.621627906976745,2,400.365,259.0,1.0,1,0,0.4256172930314275,Medium Risk,Standard retention email
12610,15,2,1256.25,625,68,17.447916666666668,1,628.125,312.5,2.0,1,0,0.3859194843447238,Medium Risk,Standard retention email
12613,107,4,1462.52,759,65,19.763783783783783,2,365.63,189.75,2.0,1,0,0.30183592671772497,Low Risk,Maintain standard engagement
12614,187,1,315.6,76,20,15.780000000000001,1,315.6,76.0,1.0,0,1,0.7641472795987121,High Risk,Low-cost win-back email
12615,77,1,634.74,413,31,20.475483870967743,1,634.74,413.0,1.0,1,0,0.5914322901717574,Medium Risk,Standard retention email
12616,4,2,713.3,284,25,22.290625,2,356.65,142.0,1.0,0,1,0.515720907333963,Medium Risk,Standard retention email
12619,25,5,2087.46,1756,28,53.52461538461539,4,417.492,351.2,1.25,1,0,0.1665325251210457,Low Risk,Maintain standard engagement
12620,114,1,561.66,434,33,17.02,1,561.66,434.0,1.0,1,0,0.6059832144148741,Medium Risk,Standard retention email
12621,9,15,10195.04,5439,208,29.465433526011562,8,679.6693333333334,362.6,1.875,1,0,0.013516180858736687,Low Risk,Maintain standard engagement
12622,141,1,180.1,69,11,16.37272727272727,1,180.1,69.0,1.0,0,1,0.7529264654821455,High Risk,Low-cost win-back email
12623,185,1,305.1,191,18,16.950000000000003,1,305.1,191.0,1.0,0,1,0.6951373555094101,High Risk,Low-cost win-back email
12624,15,2,641.13,355,36,16.87184210526316,2,320.565,177.5,1.0,0,1,0.48174271966481136,Medium Risk,Standard retention email
12625,121,2,2683.82,1612,73,31.207209302325584,2,1341.91,806.0,1.0,0,1,0.3844906665692942,Medium Risk,Standard retention email
12626,22,6,4774.0,2337,170,23.174757281553397,4,795.6666666666666,389.5,1.5,1,0,0.093342632318412,Low Risk,Maintain standard engagement
12627,5,5,2727.83,1575,112,19.346312056737588,3,545.566,315.0,1.6666666666666667,1,0,0.13870417011743683,Low Risk,Maintain standard engagement
12633,39,3,1948.75,1068,66,22.65988372093023,3,649.5833333333334,356.0,1.0,1,0,0.24991482539526927,Low Risk,Maintain standard engagement
12635,64,1,683.64,399,40,17.091,1,683.64,399.0,1.0,1,0,0.5728248098312555,Medium Risk,Standard retention email
12637,1,7,5663.5,2844,176,18.094249201277954,5,809.0714285714286,406.2857142857143,1.4,1,0,0.07818633888241211,Low Risk,Maintain standard engagement
12639,147,1,486.1,201,22,22.095454545454547,1,486.1,201.0,1.0,0,1,0.7135428481943293,High Risk,Low-cost win-back email
12641,24,1,185.9,72,10,18.59,1,185.9,72.0,1.0,0,1,0.690395676839773,High Risk,Low-cost win-back email
12642,17,1,366.45,277,24,15.268749999999999,1,366.45,277.0,1.0,1,0,0.5474477281337006,Medium Risk,Standard retention email
12643,37,6,3344.64,1808,11,139.35999999999999,4,557.4399999999999,301.3333333333333,1.5,0,1,0.3036437598006932,Low Risk,Maintain standard engagement
12644,39,1,477.91,325,31,15.416451612903227,1,477.91,325.0,1.0,0,1,0.580559825264274,Medium Risk,Standard retention email
12645,19,3,1310.8600000000001,825,52,22.217966101694916,3,436.9533333333334,275.0,1.0,1,0,0.3167510431522498,Low Risk,Maintain standard engagement
12647,35,9,2886.71,1039,63,31.37728260869565,6,320.74555555555554,115.44444444444444,1.5,1,0,0.06138426688859916,Low Risk,Maintain standard engagement
12648,64,1,318.05,160,21,15.145238095238096,1,318.05,160.0,1.0,0,1,0.578863804733738,Medium Risk,Standard retention email
12649,16,3,623.51,586,28,20.113225806451613,2,207.83666666666667,195.33333333333334,1.5,0,1,0.4691676327146423,Medium Risk,Loyalty incentive
12651,243,1,114.0,78,9,12.666666666666666,1,114.0,78.0,1.0,0,1,0.7680078911534929,High Risk,Low-cost win-back email
12652,240,1,919.98,505,48,19.16625,1,919.98,505.0,1.0,0,1,0.6711466347978489,High Risk,Priority reactivation campaign
12653,58,2,2209.85,919,37,51.391860465116274,2,1104.925,459.5,1.0,0,1,0.5457520434623483,Medium Risk,Standard retention email
12654,107,3,337.75,151,19,15.352272727272727,2,112.58333333333333,50.333333333333336,1.5,1,0,0.5879304976086283,Medium Risk,Loyalty incentive
12656,25,3,2820.67,1280,51,40.87927536231884,3,940.2233333333334,426.6666666666667,1.0,1,0,0.2851685120375143,Low Risk,Maintain standard engagement
12662,16,7,2653.66,1400,96,16.90229299363057,7,379.0942857142857,200.0,1.0,1,0,0.04799019881180202,Low Risk,Maintain standard engagement
12664,52,3,1957.48,505,10,108.74888888888889,3,652.4933333333333,168.33333333333334,1.0,1,0,0.3037213268157322,Low Risk,Maintain standard engagement
12665,234,1,63.0,37,3,21.0,1,63.0,37.0,1.0,0,1,0.7900759878302078,High Risk,Low-cost win-back email
12668,168,3,2924.4700000000003,1334,104,23.77617886178862,3,974.8233333333334,444.6666666666667,1.0,1,0,0.2922915155568396,Low Risk,Maintain standard engagement
12669,60,3,2744.0299999999997,1115,98,27.168613861386135,3,914.6766666666666,371.6666666666667,1.0,0,1,0.3066011850908693,Low Risk,Maintain standard engagement
12670,8,3,1634.47,761,40,28.18051724137931,3,544.8233333333334,253.66666666666666,1.0,1,0,0.3757600428239089,Medium Risk,Loyalty incentive
12672,239,1,225.89999999999998,78,10,22.589999999999996,1,225.89999999999998,78.0,1.0,0,1,0.7613813691805272,High Risk,Low-cost win-back email
12673,236,1,220.9,171,23,9.604347826086956,1,220.9,171.0,1.0,1,0,0.6935972234121494,High Risk,Low-cost win-back email
12674,1,3,1402.0,787,42,23.76271186440678,3,467.3333333333333,262.3333333333333,1.0,1,0,0.3486037003900826,Medium Risk,Loyalty incentive
12676,33,4,998.0500000000001,494,21,33.26833333333334,4,249.51250000000002,123.5,1.0,1,0,0.2788341664059727,Low Risk,Maintain standard engagement
12678,10,9,8282.26,5195,78,89.05655913978495,7,920.2511111111112,577.2222222222222,1.2857142857142858,1,0,0.04201466416858404,Low Risk,Maintain standard engagement
12679,115,2,906.38,407,43,20.599545454545453,2,453.19,203.5,1.0,1,0,0.48377789950639416,Medium Risk,Standard retention email
12680,22,1,311.78,230,20,15.588999999999999,1,311.78,230.0,1.0,1,0,0.548682542917992,Medium Risk,Standard retention email
12681,61,15,9866.58,5419,219,20.815569620253164,7,657.772,361.26666666666665,2.142857142857143,1,0,0.034015340565455944,Low Risk,Maintain standard engagement
12682,10,20,8219.92,3531,149,23.154704225352113,9,410.996,176.55,2.2222222222222223,1,0,0.012909825779194618,Low Risk,Maintain standard engagement
12683,2,12,6622.19,3980,164,24.52662962962963,7,551.8491666666666,331.6666666666667,1.7142857142857142,1,0,0.017413822792385618,Low Risk,Maintain standard engagement
12684,80,4,1379.48,1274,37,23.784137931034483,2,344.87,318.5,2.0,1,0,0.3179566619856177,Low Risk,Maintain standard engagement
12685,2,2,1606.42,917,83,17.84911111111111,1,803.21,458.5,2.0,1,0,0.37771086172158486,Medium Risk,Standard retention email
12686,281,1,89.14,107,7,12.734285714285715,1,89.14,107.0,1.0,0,1,0.7603970937564997,High Risk,Low-cost win-back email
12688,23,1,4873.8099999999995,3028,171,28.501812865497072,1,4873.8099999999995,3028.0,1.0,0,1,0.5636703070437371,Medium Risk,Standard retention email
12689,37,1,511.03,281,34,15.030294117647058,1,511.03,281.0,1.0,1,0,0.5405391754678299,Medium Risk,Standard retention email
12690,115,1,389.01,106,16,24.313125,1,389.01,106.0,1.0,0,1,0.7112045262415633,High Risk,Low-cost win-back email
12691,54,4,556.3,198,16,26.490476190476187,3,139.075,49.5,1.3333333333333333,1,0,0.5894489574451287,Medium Risk,Loyalty incentive
12693,36,4,855.91,255,35,21.946410256410257,4,213.9775,63.75,1.0,0,1,0.43989881885640414,Medium Risk,Loyalty incentive
12694,92,1,439.5,323,20,21.975,1,439.5,323.0,1.0,1,0,0.621041167546491,Medium Risk,Standard retention email
12695,16,2,333.90000000000003,172,17,17.573684210526316,2,166.95000000000002,86.0,1.0,1,0,0.4476605292696515,Medium Risk,Standard retention email
12697,40,2,733.91,359,27,25.307241379310344,2,366.955,179.5,1.0,1,0,0.5018599213385557,Medium Risk,Standard retention email
12700,65,2,2149.05,1376,110,17.61516393442623,2,1074.525,688.0,1.0,1,0,0.3706218463338135,Medium Risk,Standard retention email
12701,151,1,337.08,246,21,16.05142857142857,1,337.08,246.0,1.0,1,0,0.7123969707954428,High Risk,Low-cost win-back email
12704,15,3,1100.92,465,40,22.0184,2,366.97333333333336,155.0,1.5,1,0,0.38813356056260095,Medium Risk,Loyalty incentive
12705,67,4,4162.52,2599,177,20.206407766990292,4,1040.63,649.75,1.0,1,0,0.23692347819895143,Low Risk,Maintain standard engagement
12707,201,1,603.42,256,33,18.285454545454545,1,603.42,256.0,1.0,0,1,0.7305611497943889,High Risk,Priority reactivation campaign
12708,11,7,2031.77,989,71,17.073697478991598,7,290.2528571428571,141.28571428571428,1.0,1,0,0.06217038561301311,Low Risk,Maintain standard engagement
12709,5,11,7230.79,2855,89,51.6485,8,657.3445454545455,259.54545454545456,1.375,1,0,0.030125803776400173,Low Risk,Maintain standard engagement
12710,6,3,1149.02,851,75,14.922337662337663,3,383.00666666666666,283.6666666666667,1.0,0,1,0.31940576096204953,Low Risk,Maintain standard engagement
12712,16,11,3913.08,943,54,34.32526315789474,8,355.73454545454547,85.72727272727273,1.375,1,0,0.03223688500963541,Low Risk,Maintain standard engagement
12714,16,4,3389.7,2258,167,17.747120418848166,4,847.425,564.5,1.0,1,0,0.24013393543140577,Low Risk,Maintain standard engagement
12715,15,1,353.86,197,20,16.85047619047619,1,353.86,197.0,1.0,0,1,0.5361483733070419,Medium Risk,Standard retention email
12716,42,1,677.9,503,45,15.064444444444444,1,677.9,503.0,1.0,1,0,0.5710053001540627,Medium Risk,Standard retention email
12717,60,2,1030.98,506,49,18.74509090909091,2,515.49,253.0,1.0,0,1,0.49707266122691635,Medium Risk,Standard retention email
12720,3,17,3689.84,3084,164,15.503529411764706,10,217.0494117647059,181.41176470588235,1.7,1,0,0.01676916171281936,Low Risk,Maintain standard engagement
12721,92,4,1698.91,1133,88,16.655980392156863,4,424.7275,283.25,1.0,1,0,0.2495569149614937,Low Risk,Maintain standard engagement
12722,24,3,929.65,559,48,18.593,2,309.8833333333333,186.33333333333334,1.5,1,0,0.366810222307914,Medium Risk,Loyalty incentive
12724,82,2,280.36,178,15,15.575555555555557,2,140.18,89.0,1.0,1,0,0.5318857285466311,Medium Risk,Standard retention email
12725,280,1,427.8,164,24,17.825,1,427.8,164.0,1.0,0,1,0.7149846067971833,High Risk,Low-cost win-back email
12726,94,5,1467.32,1942,40,21.900298507462686,5,293.464,388.4,1.0,1,0,0.20268915173453894,Low Risk,Maintain standard engagement
12727,4,6,3337.7,1756,91,28.773275862068964,5,556.2833333333333,292.6666666666667,1.2,1,0,0.13714977701830727,Low Risk,Maintain standard engagement
12728,166,3,617.31,256,29,18.706363636363633,3,205.76999999999998,85.33333333333333,1.0,1,0,0.4149047497678963,Medium Risk,Loyalty incentive
12729,23,1,453.01,233,26,17.423461538461538,1,453.01,233.0,1.0,0,1,0.5979382539200652,Medium Risk,Standard retention email
12731,53,8,11324.25,5439,84,63.263966480446925,7,1415.53125,679.875,1.1428571428571428,1,0,0.08441032118182155,Low Risk,Maintain standard engagement
12732,89,1,236.26000000000002,111,12,19.688333333333336,1,236.26000000000002,111.0,1.0,0,1,0.656544714341151,Medium Risk,Standard retention email
12733,143,1,383.95,137,22,17.452272727272728,1,383.95,137.0,1.0,0,1,0.7528115580351462,High Risk,Low-cost win-back email
12734,261,1,110.39999999999999,88,4,27.599999999999998,1,110.39999999999999,88.0,1.0,0,1,0.7730055065056972,High Risk,Low-cost win-back email
12735,224,2,779.5699999999999,368,38,18.12953488372093,1,389.78499999999997,184.0,2.0,0,1,0.6481975665648583,Medium Risk,Standard retention email
12736,242,1,234.0,173,4,58.5,1,234.0,173.0,1.0,0,1,0.722865119253409,High Risk,Low-cost win-back email
12738,281,1,155.35,148,11,14.122727272727273,1,155.35,148.0,1.0,0,1,0.7129389580946409,High Risk,Low-cost win-back email
12739,8,1,975.54,485,37,26.365945945945946,1,975.54,485.0,1.0,1,0,0.5332589230282406,Medium Risk,Standard retention email
12743,43,2,546.43,319,114,4.077835820895522,1,273.215,159.5,2.0,0,1,0.5372438511811987,Medium Risk,Standard retention email
12744,54,5,14211.970000000001,4640,163,75.59558510638298,3,2842.3940000000002,928.0,1.6666666666666667,1,0,0.1347672041870775,Low Risk,Maintain standard engagement
12747,19,8,2769.4,862,34,39.56285714285715,6,346.175,107.75,1.3333333333333333,1,0,0.06430070868968359,Low Risk,Maintain standard engagement
12748,2,131,13896.26,8936,1151,6.937723414877683,10,106.07832061068703,68.21374045801527,13.1,1,0,0.03439975207491933,Low Risk,Maintain standard engagement
12749,39,3,2755.23,1080,113,21.525234375,2,918.41,360.0,1.5,1,0,0.3174379281772176,Low Risk,Maintain standard engagement
12750,38,1,275.88,137,15,18.392,1,275.88,137.0,1.0,0,1,0.616667812169509,Medium Risk,Standard retention email
12753,45,5,16620.91,9211,114,100.12596385542169,5,3324.182,1842.2,1.0,1,0,0.20077936543398492,Low Risk,Maintain standard engagement
12754,145,3,3010.74,6481,49,47.78952380952381,3,1003.5799999999999,2160.3333333333335,1.0,0,1,0.5154652648266449,Medium Risk,Loyalty incentive
12755,189,2,3811.95,1491,4,952.9875,2,1905.975,745.5,1.0,0,1,0.7474620806217644,High Risk,Priority reactivation campaign
12757,52,7,5281.08,918,89,43.287540983606554,3,754.4399999999999,131.14285714285714,2.3333333333333335,1,0,0.14661289143192632,Low Risk,Maintain standard engagement
12758,26,2,2791.59,2135,84,28.779278350515465,2,1395.795,1067.5,1.0,0,1,0.3501742725338807,Medium Risk,Standard retention email
12759,81,2,1082.52,630,60,16.401818181818182,2,541.26,315.0,1.0,1,0,0.42199535892076473,Medium Risk,Standard retention email
12763,47,2,494.08,316,16,27.448888888888888,2,247.04,158.0,1.0,0,1,0.5226129735890965,Medium Risk,Standard retention email
12764,226,1,1693.88,386,45,37.64177777777778,1,1693.88,386.0,1.0,0,1,0.6898936146426904,High Risk,Priority reactivation campaign
12766,58,5,4952.1900000000005,2495,161,21.81581497797357,5,990.4380000000001,499.0,1.0,1,0,0.11526859514386106,Low Risk,Maintain standard engagement
12769,148,1,1143.6,356,32,35.7375,1,1143.6,356.0,1.0,0,1,0.6899608589743597,High Risk,Priority reactivation campaign
12770,120,1,1351.45,743,12,112.62083333333334,1,1351.45,743.0,1.0,0,1,0.7440480814128045,High Risk,Priority reactivation campaign
12775,99,4,1164.68,740,36,22.39769230769231,4,291.17,185.0,1.0,1,0,0.2895296743545754,Low Risk,Maintain standard engagement
12778,92,4,492.06,458,25,15.872903225806452,3,123.015,114.5,1.3333333333333333,1,0,0.41362628171646404,Medium Risk,Loyalty incentive
12779,99,7,2999.41,1385,68,28.84048076923077,7,428.4871428571428,197.85714285714286,1.0,1,0,0.16922439738970865,Low Risk,Maintain standard engagement
12781,194,1,549.26,346,15,36.617333333333335,1,549.26,346.0,1.0,1,0,0.677742905192192,High Risk,Priority reactivation campaign
12782,59,4,2078.67,958,73,23.355842696629214,4,519.6675,239.5,1.0,1,0,0.26327466517726267,Low Risk,Maintain standard engagement
12785,273,1,311.95,131,14,22.282142857142855,1,311.95,131.0,1.0,0,1,0.7436071617528127,High Risk,Low-cost win-back email
12787,1,2,344.65999999999997,210,15,21.541249999999998,2,172.32999999999998,105.0,1.0,1,0,0.49592579296728956,Medium Risk,Standard retention email
12790,101,1,324.92,166,21,15.472380952380954,1,324.92,166.0,1.0,0,1,0.629676137630031,Medium Risk,Standard retention email
12791,283,1,192.60000000000002,97,2,96.30000000000001,1,192.60000000000002,97.0,1.0,0,1,0.7343816418397818,High Risk,Low-cost win-back email
12792,166,1,400.53999999999996,217,25,16.0216,1,400.53999999999996,217.0,1.0,0,1,0.7192997763338422,High Risk,Low-cost win-back email
12793,244,2,545.48,295,21,22.728333333333335,2,272.74,147.5,1.0,0,1,0.6290100004406767,Medium Risk,Standard retention email
12794,8,1,317.0,227,20,15.85,1,317.0,227.0,1.0,1,0,0.5318858111288461,Medium Risk,Standard retention email
12797,275,1,254.03,118,13,19.540769230769232,1,254.03,118.0,1.0,0,1,0.7056914548076316,High Risk,Low-cost win-back email
12798,80,1,1607.04,2256,6,267.84,1,1607.04,2256.0,1.0,1,0,0.6153508172655804,Medium Risk,Standard retention email
12802,96,1,427.58,314,25,17.1032,1,427.58,314.0,1.0,0,1,0.6498865431645555,Medium Risk,Standard retention email
12808,94,2,281.35,108,16,17.584375,2,140.675,54.0,1.0,1,0,0.6030628593052331,Medium Risk,Standard retention email
12809,87,1,489.31,220,25,19.572400000000002,1,489.31,220.0,1.0,0,1,0.6348319641758331,Medium Risk,Standard retention email
12811,170,3,514.85,230,27,16.608064516129033,2,171.61666666666667,76.66666666666667,1.5,0,1,0.6012639330613835,Medium Risk,Loyalty incentive
12814,11,1,125.92,49,2,62.96,1,125.92,49.0,1.0,0,1,0.6239998939594587,Medium Risk,Standard retention email
12815,57,2,1063.46,379,38,22.6268085106383,2,531.73,189.5,1.0,0,1,0.5439996481140092,Medium Risk,Standard retention email
12816,5,2,572.2,128,27,19.731034482758623,2,286.1,64.0,1.0,0,1,0.5098503816829072,Medium Risk,Standard retention email
12817,190,1,166.04,53,4,41.51,1,166.04,53.0,1.0,0,1,0.7488920059301432,High Risk,Low-cost win-back email
12818,171,1,1542.08,929,14,110.14857142857143,1,1542.08,929.0,1.0,0,1,0.7387323822355777,High Risk,Priority reactivation campaign
12820,236,1,170.46,146,11,15.496363636363638,1,170.46,146.0,1.0,1,0,0.7110671892414108,High Risk,Low-cost win-back email
12821,123,1,92.72,70,6,15.453333333333333,1,92.72,70.0,1.0,0,1,0.7484493946727343,High Risk,Low-cost win-back email
12823,36,4,1224.0,160,1,306.0,3,306.0,40.0,1.3333333333333333,1,0,0.3817397195288027,Medium Risk,Loyalty incentive
12826,88,4,818.62,721,50,14.618214285714286,3,204.655,180.25,1.3333333333333333,1,0,0.21676895862415416,Low Risk,Maintain standard engagement
12828,8,3,415.51,157,23,16.6204,2,138.50333333333333,52.333333333333336,1.5,1,0,0.44665599789094385,Medium Risk,Loyalty incentive
12829,246,2,293.0,376,9,26.636363636363637,2,146.5,188.0,1.0,0,1,0.6611823813118977,High Risk,Low-cost win-back email
12830,43,4,5204.0,6344,13,192.74074074074073,2,1301.0,1586.0,2.0,1,0,0.3921751068545616,Medium Risk,Loyalty incentive
12831,171,1,215.05,135,9,23.894444444444446,1,215.05,135.0,1.0,0,1,0.7383826147513286,High Risk,Low-cost win-back email
12832,7,1,267.8,132,18,14.877777777777778,1,267.8,132.0,1.0,1,0,0.542339880804579,Medium Risk,Standard retention email
12833,54,1,417.38,156,24,17.390833333333333,1,417.38,156.0,1.0,0,1,0.5859887454909817,Medium Risk,Standard retention email
12834,192,1,312.38,110,18,17.354444444444443,1,312.38,110.0,1.0,0,1,0.7396703401622897,High Risk,Low-cost win-back email
12836,46,3,2112.53,858,110,16.90024,3,704.1766666666667,286.0,1.0,1,0,0.2802509216621656,Low Risk,Maintain standard engagement
12837,82,1,134.1,24,12,11.174999999999999,1,134.1,24.0,1.0,0,1,0.6670136727108206,High Risk,Low-cost win-back email
12838,283,1,390.79,228,59,6.623559322033898,1,390.79,228.0,1.0,1,0,0.6702702323865115,High Risk,Low-cost win-back email
12839,1,9,3097.39,2071,73,17.018626373626372,7,344.15444444444444,230.11111111111111,1.2857142857142858,1,0,0.022228427313916607,Low Risk,Maintain standard engagement
12840,53,4,2726.77,1511,67,24.13070796460177,4,681.6925,377.75,1.0,0,1,0.29308528479453533,Low Risk,Maintain standard engagement
12841,16,17,2851.44,1820,167,9.600808080808081,9,167.73176470588237,107.05882352941177,1.8888888888888888,1,0,0.021539997002154154,Low Risk,Maintain standard engagement
12842,218,1,310.73,157,14,22.195,1,310.73,157.0,1.0,1,0,0.6879251033301188,High Risk,Low-cost win-back email
12843,69,7,1692.31,780,68,16.59127450980392,4,241.75857142857143,111.42857142857143,1.75,1,0,0.10681260523523842,Low Risk,Maintain standard engagement
12844,39,1,174.88,77,27,6.2457142857142856,1,174.88,77.0,1.0,1,0,0.6165522082198788,Medium Risk,Standard retention email
12845,176,4,354.09,204,26,13.114444444444443,2,88.5225,51.0,2.0,0,1,0.7330396105547485,High Risk,Low-cost win-back email
12849,178,1,704.5,514,33,19.569444444444443,1,704.5,514.0,1.0,1,0,0.6523370948117586,Medium Risk,Standard retention email
12851,6,1,135.18,109,43,2.7036000000000002,1,135.18,109.0,1.0,0,1,0.549990596943265,Medium Risk,Standard retention email
12852,204,1,311.55,149,17,18.326470588235296,1,311.55,149.0,1.0,0,1,0.7418276466829452,High Risk,Low-cost win-back email
12853,44,6,1957.1000000000001,800,66,25.09102564102564,3,326.18333333333334,133.33333333333334,2.0,0,1,0.11990519468495918,Low Risk,Maintain standard engagement
12854,150,2,810.37,422,71,10.662763157894737,2,405.185,211.0,1.0,1,0,0.5214495407006681,Medium Risk,Standard retention email
12855,282,1,38.1,30,3,12.700000000000001,1,38.1,30.0,1.0,0,1,0.7277577891495645,High Risk,Low-cost win-back email
12857,120,2,1106.4,343,37,24.05217391304348,2,553.2,171.5,1.0,0,1,0.5762746219494347,Medium Risk,Standard retention email
12864,47,1,147.12,216,3,49.04,1,147.12,216.0,1.0,0,1,0.6661110403778676,High Risk,Low-cost win-back email
12865,33,1,981.38,550,58,16.920344827586206,1,981.38,550.0,1.0,1,0,0.4934450298682812,Medium Risk,Standard retention email
12866,192,1,559.12,171,26,21.504615384615384,1,559.12,171.0,1.0,0,1,0.7199155145702828,High Risk,Priority reactivation campaign
12867,5,6,3025.74,3374,206,6.987852193995381,6,504.28999999999996,562.3333333333334,1.0,1,0,0.0924295133915242,Low Risk,Maintain standard engagement
12868,95,6,1607.0600000000002,928,72,15.0192523364486,5,267.84333333333336,154.66666666666666,1.2,0,1,0.2307957621940857,Low Risk,Maintain standard engagement
12871,116,1,132.0,80,4,33.0,1,132.0,80.0,1.0,1,0,0.7039417417185253,High Risk,Low-cost win-back email
12872,236,2,599.97,319,58,9.090454545454547,2,299.985,159.5,1.0,0,1,0.5624100048381819,Medium Risk,Standard retention email
12873,191,1,374.0,128,4,93.5,1,374.0,128.0,1.0,0,1,0.7868488500725354,High Risk,Low-cost win-back email
12875,52,2,343.2300000000001,2019,1,171.61500000000004,2,171.61500000000004,1009.5,1.0,0,1,0.6626309020448973,High Risk,Low-cost win-back email
12876,105,1,726.43,651,34,21.365588235294116,1,726.43,651.0,1.0,1,0,0.5659792859536146,Medium Risk,Standard retention email
12877,34,9,1059.23,705,41,14.51,8,117.69222222222223,78.33333333333333,1.125,1,0,0.10528017054185937,Low Risk,Maintain standard engagement
12878,145,2,854.99,547,38,18.191276595744682,2,427.495,273.5,1.0,0,1,0.5264921025427425,Medium Risk,Standard retention email
12879,1,1,140.5,58,4,35.125,1,140.5,58.0,1.0,1,0,0.6431757076536665,Medium Risk,Standard retention email
12881,185,1,298.0,21,7,42.57142857142857,1,298.0,21.0,1.0,0,1,0.7826819037751432,High Risk,Low-cost win-back email
12885,33,1,645.35,346,39,16.547435897435896,1,645.35,346.0,1.0,1,0,0.5502462678139093,Medium Risk,Standard retention email
12886,129,1,775.0,416,47,16.48936170212766,1,775.0,416.0,1.0,1,0,0.5983995145226715,Medium Risk,Standard retention email
12888,123,2,354.12,76,4,70.824,2,177.06,38.0,1.0,0,1,0.7280197996968254,High Risk,Low-cost win-back email
12891,95,3,331.0,950,2,110.33333333333333,3,110.33333333333333,316.6666666666667,1.0,0,1,0.5277060384774859,Medium Risk,Loyalty incentive
12897,114,2,216.5,110,3,54.125,2,108.25,55.0,1.0,0,1,0.72990549984717,High Risk,Low-cost win-back email
12901,18,19,11639.470000000001,12420,29,129.32744444444447,6,612.6036842105264,653.6842105263158,3.1666666666666665,1,0,0.05602230940251928,Low Risk,Maintain standard engagement
12902,174,1,138.68,66,10,13.868,1,138.68,66.0,1.0,0,1,0.7611972847300043,High Risk,Low-cost win-back email
12904,81,1,244.69,165,32,7.6465625,1,244.69,165.0,1.0,1,0,0.5865655744549069,Medium Risk,Standard retention email
12908,85,2,750.0,1200,1,375.0,2,375.0,600.0,1.0,0,1,0.7145202279404871,High Risk,Priority reactivation campaign
12909,111,3,1528.37,786,55,23.513384615384613,2,509.45666666666665,262.0,1.5,1,0,0.37554361797503827,Medium Risk,Loyalty incentive
12910,43,4,1486.9,830,26,41.30277777777778,3,371.725,207.5,1.3333333333333333,1,0,0.23737749307834888,Low Risk,Maintain standard engagement
12913,192,3,866.39,345,12,57.75933333333333,3,288.7966666666667,115.0,1.0,1,0,0.38941662563047247,Medium Risk,Loyalty incentive
12915,58,2,363.65,93,19,16.529545454545453,2,181.825,46.5,1.0,0,1,0.5712868917520709,Medium Risk,Standard retention email
12916,48,4,3006.15,1119,53,28.094859813084113,4,751.5375,279.75,1.0,0,1,0.27173460731718047,Low Risk,Maintain standard engagement
12917,37,1,594.0,120,2,297.0,1,594.0,120.0,1.0,0,1,0.7581729525254308,High Risk,Priority reactivation campaign
12919,26,3,441.65,203,12,27.603125,3,147.21666666666667,67.66666666666667,1.0,1,0,0.5246274464579047,Medium Risk,Loyalty incentive
12921,7,24,10083.47,6051,173,21.873036876355748,9,420.1445833333333,252.125,2.6666666666666665,1,0,0.014475443399236614,Low Risk,Maintain standard engagement
12922,70,1,405.38,370,28,14.477857142857143,1,405.38,370.0,1.0,0,1,0.59748683536556,Medium Risk,Standard retention email
12924,107,3,655.27,285,10,43.684666666666665,3,218.42333333333332,95.0,1.0,1,0,0.37741402368877935,Medium Risk,Loyalty incentive
12928,57,3,1136.14,690,42,21.03962962962963,3,378.71333333333337,230.0,1.0,1,0,0.33178739227478776,Medium Risk,Loyalty incentive
12929,221,1,117.85,37,8,14.73125,1,117.85,37.0,1.0,0,1,0.7694130000646104,High Risk,Low-cost win-back email
12930,80,1,221.56,108,14,15.825714285714286,1,221.56,108.0,1.0,1,0,0.6272654968567591,Medium Risk,Standard retention email
12931,11,11,32530.7,21384,27,542.1783333333334,6,2957.336363636364,1944.0,1.8333333333333333,1,0,0.08653076815867736,Low Risk,Maintain standard engagement
12933,80,2,357.49,378,48,7.295714285714286,2,178.745,189.0,1.0,1,0,0.4772549716577287,Medium Risk,Standard retention email
12935,19,4,1535.34,1268,58,16.688478260869566,4,383.835,317.0,1.0,1,0,0.238671052961338,Low Risk,Maintain standard engagement
12937,106,2,428.23,268,27,15.293928571428571,2,214.115,134.0,1.0,1,0,0.5145903133064091,Medium Risk,Standard retention email
12939,47,4,7990.08,3208,20,257.74451612903226,4,1997.52,802.0,1.0,1,0,0.22675141695779436,Low Risk,Maintain standard engagement
12942,40,3,683.9,203,68,9.118666666666666,3,227.96666666666667,67.66666666666667,1.0,0,1,0.3425688702301746,Medium Risk,Loyalty incentive
12944,264,1,286.95,145,14,20.49642857142857,1,286.95,145.0,1.0,1,0,0.6902075565431506,High Risk,Low-cost win-back email
12945,197,1,462.95,165,23,20.128260869565217,1,462.95,165.0,1.0,0,1,0.7183444063755897,High Risk,Low-cost win-back email
12947,53,6,1603.99,1165,83,16.535979381443298,5,267.33166666666665,194.16666666666666,1.2,0,1,0.1062552179733415,Low Risk,Maintain standard engagement
12948,14,4,1423.96,799,64,16.752470588235294,3,355.99,199.75,1.3333333333333333,1,0,0.2154547620511454,Low Risk,Maintain standard engagement
12949,23,7,3449.42,2048,144,19.27050279329609,3,492.7742857142857,292.57142857142856,2.3333333333333335,1,0,0.09453789160374602,Low Risk,Maintain standard engagement
12951,83,5,751.78,331,39,16.706222222222223,4,150.356,66.2,1.25,1,0,0.3031634761406653,Low Risk,Maintain standard engagement
12955,1,6,1843.36,1526,42,22.48,5,307.22666666666663,254.33333333333334,1.2,1,0,0.11334131068751861,Low Risk,Maintain standard engagement
12956,215,1,108.07,34,19,5.687894736842105,1,108.07,34.0,1.0,0,1,0.7276090087974793,High Risk,Low-cost win-back email
12957,95,4,1715.29,1248,97,15.882314814814814,4,428.8225,312.0,1.0,1,0,0.24698602402117642,Low Risk,Maintain standard engagement
12962,22,1,170.54000000000002,78,11,15.503636363636366,1,170.54000000000002,78.0,1.0,1,0,0.620734835385544,Medium Risk,Standard retention email
12963,275,1,365.8,172,16,22.8625,1,365.8,172.0,1.0,1,0,0.6776575377911339,High Risk,Low-cost win-back email
12967,267,2,1660.9,438,19,87.41578947368421,1,830.45,219.0,2.0,0,1,0.719328463555788,High Risk,Priority reactivation campaign
12968,21,1,135.95,73,5,27.189999999999998,1,135.95,73.0,1.0,0,1,0.6882460857292657,High Risk,Low-cost win-back email
12970,231,2,23.8,8,8,2.975,1,11.9,4.0,2.0,1,0,0.5373584111282098,Medium Risk,Standard retention email
12971,1,64,8165.320000000001,5916,80,38.334835680751176,10,127.58312500000001,92.4375,6.4,1,0,0.01451569249688753,Low Risk,Maintain standard engagement
12974,107,1,144.8,24,8,18.1,1,144.8,24.0,1.0,0,1,0.684838816509427,High Risk,Low-cost win-back email
12976,121,1,738.6,561,22,33.57272727272727,1,738.6,561.0,1.0,0,1,0.6467710747076614,Medium Risk,Standard retention email
12977,65,1,39.239999999999995,12,9,4.359999999999999,1,39.239999999999995,12.0,1.0,0,1,0.6002823260136587,Medium Risk,Standard retention email
12980,67,9,7374.900000000001,886,6,368.745,7,819.4333333333334,98.44444444444444,1.2857142857142858,0,1,0.20922375506945495,Low Risk,Maintain standard engagement
12981,42,1,187.18,134,11,17.016363636363636,1,187.18,134.0,1.0,1,0,0.6098180617843961,Medium Risk,Standard retention email
12982,152,1,390.54,288,28,13.947857142857144,1,390.54,288.0,1.0,0,1,0.7365308577562499,High Risk,Low-cost win-back email
12987,107,1,304.3,108,14,21.735714285714288,1,304.3,108.0,1.0,1,0,0.6641143942498803,High Risk,Low-cost win-back email
12988,201,1,535.32,136,75,5.818695652173914,1,535.32,136.0,1.0,0,1,0.7367904894803154,High Risk,Priority reactivation campaign
12989,67,8,4469.14,2046,14,171.89000000000001,7,558.6425,255.75,1.1428571428571428,1,0,0.08528204167696753,Low Risk,Maintain standard engagement
12990,94,2,263.9,130,5,37.699999999999996,2,131.95,65.0,1.0,1,0,0.6582646382055325,Medium Risk,Standard retention email
12991,21,1,303.56,361,22,13.798181818181819,1,303.56,361.0,1.0,1,0,0.539790885870015,Medium Risk,Standard retention email
12993,30,3,372.4,204,23,15.516666666666666,3,124.13333333333333,68.0,1.0,1,0,0.4180072921876353,Medium Risk,Loyalty incentive
12994,29,2,645.47,303,38,15.743170731707318,2,322.735,151.5,1.0,1,0,0.4514945399998257,Medium Risk,Standard retention email
12997,145,2,608.47,300,30,18.438484848484848,2,304.235,150.0,1.0,1,0,0.5642368216646574,Medium Risk,Standard retention email
12999,105,3,455.88,342,25,16.28142857142857,2,151.96,114.0,1.5,0,1,0.5701576210826687,Medium Risk,Loyalty incentive
13000,16,3,534.85,379,30,17.253225806451614,3,178.28333333333333,126.33333333333333,1.0,0,1,0.46420193013685074,Medium Risk,Loyalty incentive
13001,67,11,8615.42,4879,154,28.622657807308972,7,783.22,443.54545454545456,1.5714285714285714,1,0,0.051800086328404764,Low Risk,Maintain standard engagement
13002,227,1,120.94999999999999,73,7,17.27857142857143,1,120.94999999999999,73.0,1.0,0,1,0.758804938699114,High Risk,Low-cost win-back email
13003,15,3,149.05,103,4,24.84166666666667,3,49.68333333333334,34.333333333333336,1.0,0,1,0.5627996813308789,Medium Risk,Loyalty incentive
13004,23,12,3785.09,3275,193,14.018851851851853,8,315.4241666666667,272.9166666666667,1.5,1,0,0.012491600631913857,Low Risk,Maintain standard engagement
13005,83,2,513.7,172,21,19.75769230769231,2,256.85,86.0,1.0,0,1,0.5489223181542093,Medium Risk,Standard retention email
13008,232,1,229.46999999999997,175,14,16.390714285714285,1,229.46999999999997,175.0,1.0,0,1,0.6980229404237248,High Risk,Low-cost win-back email
13011,281,1,50.550000000000004,13,3,16.85,1,50.550000000000004,13.0,1.0,0,1,0.7825149863591118,High Risk,Low-cost win-back email
13012,58,4,1012.3100000000001,511,42,19.849215686274512,3,253.07750000000001,127.75,1.3333333333333333,1,0,0.27634131332354966,Low Risk,Maintain standard engagement
13013,2,9,3686.09,1758,137,21.184425287356323,6,409.5655555555556,195.33333333333334,1.5,1,0,0.03932681987656325,Low Risk,Maintain standard engagement
13014,23,5,2022.48,616,53,32.10285714285714,4,404.496,123.2,1.25,1,0,0.1538531904158659,Low Risk,Maintain standard engagement
13015,106,4,1763.04,705,80,20.034545454545455,2,440.76,176.25,2.0,1,0,0.322090658586814,Low Risk,Maintain standard engagement
13016,32,1,425.25,315,28,15.1875,1,425.25,315.0,1.0,1,0,0.5869303335153611,Medium Risk,Standard retention email
13018,2,18,5075.71,3864,242,15.474725609756097,8,281.9838888888889,214.66666666666666,2.25,1,0,0.01332817354518816,Low Risk,Maintain standard engagement
13021,76,4,1152.47,527,48,19.870172413793103,4,288.1175,131.75,1.0,1,0,0.2954388694757207,Low Risk,Maintain standard engagement
13023,39,1,336.40000000000003,159,20,16.82,1,336.40000000000003,159.0,1.0,1,0,0.573642697781691,Medium Risk,Standard retention email
13026,2,3,604.2,900,13,35.54117647058824,3,201.4,300.0,1.0,1,0,0.43294356713191046,Medium Risk,Loyalty incentive
13027,23,6,6912.0,17280,6,265.84615384615387,5,1152.0,2880.0,1.2,0,1,0.5314583111414821,Medium Risk,Loyalty incentive
13029,48,2,773.1999999999999,92,6,110.45714285714284,2,386.59999999999997,46.0,1.0,1,0,0.5761673673933058,Medium Risk,Standard retention email
13030,277,1,427.74,204,50,7.1290000000000004,1,427.74,204.0,1.0,1,0,0.6628424952672735,High Risk,Low-cost win-back email
13033,266,1,190.55,83,11,17.322727272727274,1,190.55,83.0,1.0,0,1,0.7442938456750251,High Risk,Low-cost win-back email
13034,278,1,165.86,116,11,15.07818181818182,1,165.86,116.0,1.0,1,0,0.7054445852589203,High Risk,Low-cost win-back email
13035,170,1,333.0,212,12,27.75,1,333.0,212.0,1.0,1,0,0.6952830556980663,High Risk,Low-cost win-back email
13037,47,3,881.07,431,44,18.355625,3,293.69,143.66666666666666,1.0,0,1,0.3625553908957864,Medium Risk,Loyalty incentive
13038,93,2,591.76,280,22,26.89818181818182,2,295.88,140.0,1.0,1,0,0.5239685409270637,Medium Risk,Standard retention email
13043,182,1,516.42,254,13,39.72461538461538,1,516.42,254.0,1.0,0,1,0.7190851366516451,High Risk,Priority reactivation campaign
13044,200,1,560.47,429,33,16.983939393939394,1,560.47,429.0,1.0,0,1,0.7125969707121284,High Risk,Priority reactivation campaign
13045,8,1,305.28000000000003,221,18,16.96,1,305.28000000000003,221.0,1.0,0,1,0.5612845219486705,Medium Risk,Standard retention email
13046,175,1,197.72,76,14,14.122857142857143,1,197.72,76.0,1.0,1,0,0.7302453706351182,High Risk,Low-cost win-back email
13047,36,8,2682.01,1164,84,19.157214285714286,6,335.25125,145.5,1.3333333333333333,1,0,0.04175274990645713,Low Risk,Maintain standard engagement
13048,23,3,1375.05,957,69,12.972169811320754,3,458.34999999999997,319.0,1.0,1,0,0.2720118401261091,Low Risk,Maintain standard engagement
13049,227,1,153.78,78,7,21.96857142857143,1,153.78,78.0,1.0,1,0,0.7660354836292631,High Risk,Low-cost win-back email
13050,15,13,4509.74,2707,211,13.833558282208589,8,346.9030769230769,208.23076923076923,1.625,1,0,0.010822545671335997,Low Risk,Maintain standard engagement
13052,121,1,348.15000000000003,222,18,19.34166666666667,1,348.15000000000003,222.0,1.0,0,1,0.6694095166095902,High Risk,Low-cost win-back email
13055,123,1,344.86,252,22,15.675454545454546,1,344.86,252.0,1.0,1,0,0.6608051926409491,High Risk,Low-cost win-back email
13058,61,1,47.550000000000004,9,3,15.850000000000001,1,47.550000000000004,9.0,1.0,1,0,0.5037814741919858,Medium Risk,Standard retention email
13059,159,1,183.4,35,8,22.925,1,183.4,35.0,1.0,0,1,0.7716880030348479,High Risk,Low-cost win-back email
13060,163,1,307.53,123,15,20.502,1,307.53,123.0,1.0,0,1,0.7312716335802604,High Risk,Low-cost win-back email
13062,100,1,346.98,343,11,31.543636363636367,1,346.98,343.0,1.0,0,1,0.6681792205030584,High Risk,Low-cost win-back email
13064,62,2,659.25,284,31,18.3125,2,329.625,142.0,1.0,1,0,0.4890299462176513,Medium Risk,Standard retention email
13065,282,1,205.86,74,14,14.704285714285716,1,205.86,74.0,1.0,0,1,0.733257941167757,High Risk,Low-cost win-back email
13068,229,1,165.0,100,1,165.0,1,165.0,100.0,1.0,1,0,0.7596686335737475,High Risk,Low-cost win-back email
13069,9,20,3874.7,5165,250,10.529076086956522,10,193.73499999999999,258.25,2.0,1,0,0.014162698271579245,Low Risk,Maintain standard engagement
13070,101,1,228.8,110,9,25.422222222222224,1,228.8,110.0,1.0,0,1,0.6878717902860576,High Risk,Low-cost win-back email
13072,176,1,177.15,69,7,25.307142857142857,1,177.15,69.0,1.0,0,1,0.7627964825545541,High Risk,Low-cost win-back email
13075,39,1,919.61,485,22,41.80045454545455,1,919.61,485.0,1.0,0,1,0.6331536586404432,Medium Risk,Standard retention email
13077,199,3,577.44,607,61,9.165714285714287,2,192.48000000000002,202.33333333333334,1.5,1,0,0.38835324671441795,Medium Risk,Loyalty incentive
13078,16,15,6917.150000000001,2500,81,27.232874015748035,9,461.1433333333334,166.66666666666666,1.6666666666666667,1,0,0.01582992041338446,Low Risk,Maintain standard engagement
13079,49,1,23.8,4,1,23.8,1,23.8,4.0,1.0,1,0,0.531869782430139,Medium Risk,Standard retention email
13080,88,1,58.08,120,6,9.68,1,58.08,120.0,1.0,0,1,0.689872888573813,High Risk,Low-cost win-back email
13081,53,8,18870.12,12665,424,25.09324468085106,6,2358.765,1583.125,1.3333333333333333,1,0,0.055046176519162146,Low Risk,Maintain standard engagement
13082,35,9,3613.63,4324,63,49.50178082191781,6,401.51444444444445,480.44444444444446,1.5,0,1,0.17170306513695366,Low Risk,Maintain standard engagement
13085,67,2,416.08000000000004,216,17,18.912727272727274,2,208.04000000000002,108.0,1.0,0,1,0.51181391087449,Medium Risk,Standard retention email
13089,9,71,43324.49,23827,537,30.726588652482267,10,610.2040845070422,335.59154929577466,7.1,1,0,0.01319129447386824,Low Risk,Maintain standard engagement
13090,45,9,4912.02,1133,56,64.63184210526316,7,545.7800000000001,125.88888888888889,1.2857142857142858,1,0,0.06479270433566482,Low Risk,Maintain standard engagement
13092,121,4,439.75,95,15,20.94047619047619,4,109.9375,23.75,1.0,1,0,0.5684186493662674,Medium Risk,Loyalty incentive
13093,185,8,7832.47,3961,97,49.260817610062894,4,979.05875,495.125,2.0,0,1,0.2681861487157772,Low Risk,Maintain standard engagement
13094,39,10,1545.72,1356,4,77.286,8,154.572,135.6,1.25,1,0,0.22055658849702828,Low Risk,Maintain standard engagement
13097,32,8,4643.71,1864,181,14.33243827160494,7,580.46375,233.0,1.1428571428571428,1,0,0.03742000927313492,Low Risk,Maintain standard engagement
13098,3,18,15169.46,8701,110,39.814855643044616,9,842.7477777777777,483.3888888888889,2.0,1,0,0.019983032896852323,Low Risk,Maintain standard engagement
13099,8,1,207.35999999999999,288,1,207.35999999999999,1,207.35999999999999,288.0,1.0,0,1,0.7120875968398361,High Risk,Low-cost win-back email
13101,143,1,101.19,113,8,12.64875,1,101.19,113.0,1.0,0,1,0.7719295026857612,High Risk,Low-cost win-back email
13102,43,19,4961.7,3361,112,19.846799999999998,8,261.1421052631579,176.89473684210526,2.375,1,0,0.017696522352375076,Low Risk,Maintain standard engagement
13104,42,3,376.44,180,3,94.11,3,125.48,60.0,1.0,1,0,0.4330173126417831,Medium Risk,Loyalty incentive
13106,42,1,76.5,18,1,76.5,1,76.5,18.0,1.0,0,1,0.7254854173625745,High Risk,Low-cost win-back email
13107,85,2,935.22,816,36,25.978333333333335,2,467.61,408.0,1.0,1,0,0.4821094293642173,Medium Risk,Standard retention email
13108,282,1,350.06,298,10,35.006,1,350.06,298.0,1.0,0,1,0.7261608762396305,High Risk,Low-cost win-back email
13109,66,1,369.85,260,24,15.410416666666668,1,369.85,260.0,1.0,1,0,0.5827518393269975,Medium Risk,Standard retention email
13110,46,5,1042.24,274,79,10.021538461538462,3,208.448,54.8,1.6666666666666667,1,0,0.2862047212785999,Low Risk,Maintain standard engagement
13113,23,20,10787.06,2616,93,61.290113636363635,8,539.353,130.8,2.5,1,0,0.022986167459077233,Low Risk,Maintain standard engagement
13115,93,1,878.55,621,55,15.973636363636363,1,878.55,621.0,1.0,1,0,0.5141400341227793,Medium Risk,Standard retention email
13116,47,1,501.14,291,30,16.704666666666665,1,501.14,291.0,1.0,0,1,0.6069826921569211,Medium Risk,Standard retention email
13117,31,7,841.77,703,57,12.754090909090909,6,120.25285714285714,100.42857142857143,1.1666666666666667,1,0,0.1138113978675733,Low Risk,Maintain standard engagement
13118,117,3,799.7,274,40,16.660416666666666,3,266.56666666666666,91.33333333333333,1.0,1,0,0.32970267766404293,Low Risk,Maintain standard engagement
13120,148,1,30.599999999999998,12,1,30.599999999999998,1,30.599999999999998,12.0,1.0,0,1,0.7840568791713696,High Risk,Low-cost win-back email
13121,178,1,283.73,252,50,5.674600000000001,1,283.73,252.0,1.0,0,1,0.6285745806636983,Medium Risk,Standard retention email
13122,3,2,922.39,585,54,16.77072727272727,2,461.195,292.5,1.0,0,1,0.4567865923590241,Medium Risk,Standard retention email
13124,161,2,2574.12,1623,131,17.1608,2,1287.06,811.5,1.0,1,0,0.3224563149237729,Low Risk,Maintain standard engagement
13126,162,5,1077.42,1062,61,16.324545454545454,3,215.484,212.4,1.6666666666666667,1,0,0.23738719244936,Low Risk,Maintain standard engagement
13130,3,1,64.0,32,2,32.0,1,64.0,32.0,1.0,0,1,0.6863970364122292,High Risk,Low-cost win-back email
13131,97,1,324.9,128,14,23.207142857142856,1,324.9,128.0,1.0,1,0,0.6994412165482237,High Risk,Low-cost win-back email
13132,170,1,77.3,20,3,25.766666666666666,1,77.3,20.0,1.0,0,1,0.7965247489327172,High Risk,Low-cost win-back email
13133,183,2,109.8,32,7,15.685714285714285,2,54.9,16.0,1.0,0,1,0.7708323318363302,High Risk,Low-cost win-back email
13134,93,3,885.74,330,42,19.25521739130435,2,295.24666666666667,110.0,1.5,1,0,0.39108694734884725,Medium Risk,Loyalty incentive
13135,106,1,3096.0,4300,1,3096.0,1,3096.0,4300.0,1.0,0,1,0.7220070698563578,High Risk,Priority reactivation campaign
13136,52,3,1226.68,677,55,18.872,2,408.8933333333334,225.66666666666666,1.5,1,0,0.34981452680113856,Medium Risk,Loyalty incentive
13137,1,5,1931.04,1189,231,4.77980198019802,5,386.20799999999997,237.8,1.0,1,0,0.13521797735473925,Low Risk,Maintain standard engagement
13138,42,3,489.45,243,22,14.831818181818182,3,163.15,81.0,1.0,1,0,0.4188923438529183,Medium Risk,Loyalty incentive
13139,19,3,1710.94,726,39,34.2188,3,570.3133333333334,242.0,1.0,1,0,0.3185160501535221,Low Risk,Maintain standard engagement
13140,17,3,423.72,186,40,9.211304347826088,2,141.24,62.0,1.5,0,1,0.4910567126014073,Medium Risk,Loyalty incentive
13141,123,4,1401.03,942,77,15.74191011235955,3,350.2575,235.5,1.3333333333333333,1,0,0.2218335551033098,Low Risk,Maintain standard engagement
13144,242,1,110.95,21,3,36.983333333333334,1,110.95,21.0,1.0,0,1,0.7935716002644028,High Risk,Low-cost win-back email
13145,1,3,499.72,121,5,99.944,3,166.57333333333335,40.333333333333336,1.0,1,0,0.5048375239574578,Medium Risk,Loyalty incentive
13147,9,1,118.80000000000001,24,1,118.80000000000001,1,118.80000000000001,24.0,1.0,1,0,0.6166175574063808,Medium Risk,Standard retention email
13148,43,10,2789.87,1380,173,11.340934959349593,5,278.98699999999997,138.0,2.0,1,0,0.06982157835371035,Low Risk,Maintain standard engagement
13149,15,3,1132.62,884,58,17.6971875,3,377.53999999999996,294.6666666666667,1.0,1,0,0.3163055365010401,Low Risk,Maintain standard engagement
13151,205,1,1257.8700000000001,363,73,16.998243243243245,1,1257.8700000000001,363.0,1.0,0,1,0.7174462026965942,High Risk,Priority reactivation campaign
13155,236,2,569.2,262,55,9.034920634920635,2,284.6,131.0,1.0,1,0,0.5147352116331407,Medium Risk,Standard retention email
13157,50,3,873.1999999999999,788,32,20.306976744186045,3,291.06666666666666,262.6666666666667,1.0,1,0,0.33163441484666784,Medium Risk,Loyalty incentive
13158,4,4,1201.06,784,59,15.203291139240505,4,300.265,196.0,1.0,0,1,0.33266489942009597,Medium Risk,Loyalty incentive
13159,15,2,851.59,628,75,11.05961038961039,1,425.795,314.0,2.0,1,0,0.3903150959805878,Medium Risk,Standard retention email
13161,222,1,112.75,29,8,14.09375,1,112.75,29.0,1.0,0,1,0.7812054766980071,High Risk,Low-cost win-back email
13162,31,4,1688.29,1713,74,21.370759493670885,4,422.0725,428.25,1.0,0,1,0.30632591783166596,Low Risk,Maintain standard engagement
13165,260,1,354.64,496,13,27.279999999999998,1,354.64,496.0,1.0,1,0,0.6769045787005309,High Risk,Low-cost win-back email
13166,192,1,417.2,216,39,10.175609756097561,1,417.2,216.0,1.0,0,1,0.6950751411415927,High Risk,Low-cost win-back email
13167,40,2,417.55,447,33,11.598611111111111,2,208.775,223.5,1.0,1,0,0.45271697413482476,Medium Risk,Standard retention email
13168,108,3,972.66,557,94,8.684464285714286,3,324.21999999999997,185.66666666666666,1.0,1,0,0.2782167848370903,Low Risk,Maintain standard engagement
13169,161,1,505.2,96,6,84.2,1,505.2,96.0,1.0,1,0,0.8004534843612505,High Risk,Priority reactivation campaign
13171,208,1,140.35,53,23,6.102173913043478,1,140.35,53.0,1.0,1,0,0.6986237704983925,High Risk,Low-cost win-back email
13173,276,1,165.94,114,23,7.214782608695652,1,165.94,114.0,1.0,1,0,0.689277270608562,High Risk,Low-cost win-back email
13174,225,2,2108.27,970,178,8.711859504132232,2,1054.135,485.0,1.0,1,0,0.32376595504477107,Low Risk,Maintain standard engagement
13178,42,8,4391.7300000000005,2599,81,21.42307317073171,6,548.9662500000001,324.875,1.3333333333333333,1,0,0.032670969254035,Low Risk,Maintain standard engagement
13183,10,6,2394.98,1448,50,33.26361111111111,5,399.16333333333336,241.33333333333334,1.2,1,0,0.1063263057945569,Low Risk,Maintain standard engagement
13184,40,9,1504.44,1567,122,9.402750000000001,5,167.16,174.11111111111111,1.8,1,0,0.07761900622284096,Low Risk,Maintain standard engagement
13185,177,1,71.4,12,1,71.4,1,71.4,12.0,1.0,0,1,0.8211752808223027,High Risk,Low-cost win-back email
13186,3,2,1301.94,547,57,20.665714285714287,2,650.97,273.5,1.0,1,0,0.4241172057941353,Medium Risk,Standard retention email
13187,246,1,236.02,95,37,6.378918918918919,1,236.02,95.0,1.0,0,1,0.649707154432538,Medium Risk,Standard retention email
13189,24,1,127.0,526,18,7.055555555555555,1,127.0,526.0,1.0,1,0,0.614384948251532,Medium Risk,Standard retention email
13192,4,2,911.94,595,57,14.475238095238096,2,455.97,297.5,1.0,0,1,0.4116888701613422,Medium Risk,Standard retention email
13194,45,1,60.7,26,3,20.233333333333334,1,60.7,26.0,1.0,0,1,0.6717068876485076,High Risk,Low-cost win-back email
13196,171,1,512.13,320,34,15.06264705882353,1,512.13,320.0,1.0,1,0,0.6683958224077684,High Risk,Priority reactivation campaign
13198,29,5,3009.18,2369,182,14.896930693069306,5,601.836,473.8,1.0,1,0,0.11243043405114574,Low Risk,Maintain standard engagement
13199,1,22,4740.16,3652,29,71.82060606060605,10,215.4618181818182,166.0,2.2,1,0,0.06780294197048115,Low Risk,Maintain standard engagement
13200,35,1,319.32,249,14,22.80857142857143,1,319.32,249.0,1.0,1,0,0.6007922412777864,Medium Risk,Standard retention email
13203,30,2,309.86,274,20,15.493,2,154.93,137.0,1.0,1,0,0.4426981559833045,Medium Risk,Standard retention email
13207,60,1,197.52000000000004,72,5,39.504000000000005,1,197.52000000000004,72.0,1.0,1,0,0.698680179321501,High Risk,Low-cost win-back email
13208,64,4,835.0699999999999,573,97,7.455982142857143,4,208.76749999999998,143.25,1.0,1,0,0.2378705566528968,Low Risk,Maintain standard engagement
13209,38,5,4156.08,3255,200,17.46252100840336,5,831.216,651.0,1.0,1,0,0.1064388113787069,Low Risk,Maintain standard engagement
13210,3,1,353.48,316,22,16.067272727272726,1,353.48,316.0,1.0,0,1,0.5685170853065099,Medium Risk,Standard retention email
13211,4,2,886.64,619,43,19.274782608695652,2,443.32,309.5,1.0,1,0,0.41866536331851073,Medium Risk,Standard retention email
13213,37,4,963.88,478,44,18.899607843137254,3,240.97,119.5,1.3333333333333333,1,0,0.2734811686665386,Low Risk,Maintain standard engagement
13216,177,1,333.74,297,5,66.748,1,333.74,297.0,1.0,0,1,0.7664195996398594,High Risk,Low-cost win-back email
13217,31,3,533.98,262,3,133.495,2,177.99333333333334,87.33333333333333,1.5,0,1,0.626133074844929,Medium Risk,Loyalty incentive
13218,36,1,62.63999999999999,88,5,12.527999999999999,1,62.63999999999999,88.0,1.0,0,1,0.6744612005537818,High Risk,Low-cost win-back email
13220,95,3,726.49,132,15,42.73470588235294,3,242.16333333333333,44.0,1.0,1,0,0.45177339770005925,Medium Risk,Loyalty incentive
13221,149,2,847.41,244,62,12.839545454545455,2,423.705,122.0,1.0,0,1,0.5367245733067005,Medium Risk,Standard retention email
13223,109,2,163.20000000000002,88,5,32.64,2,81.60000000000001,44.0,1.0,0,1,0.7879962768135456,High Risk,Low-cost win-back email
13224,60,1,1212.26,665,42,28.863333333333333,1,1212.26,665.0,1.0,1,0,0.5614617643641543,Medium Risk,Standard retention email
13225,52,5,4299.56,2164,15,204.7409523809524,5,859.912,432.8,1.0,1,0,0.14286701976019878,Low Risk,Maintain standard engagement
13226,182,1,108.21000000000001,80,16,6.7631250000000005,1,108.21000000000001,80.0,1.0,0,1,0.7270141970696532,High Risk,Low-cost win-back email
13227,111,1,257.7,99,9,28.633333333333333,1,257.7,99.0,1.0,0,1,0.6814743272244449,High Risk,Low-cost win-back email
13229,135,1,160.95,63,10,16.095,1,160.95,63.0,1.0,0,1,0.761260629032611,High Risk,Low-cost win-back email
13230,47,12,2234.18,1353,302,4.888796498905908,7,186.18166666666664,112.75,1.7142857142857142,1,0,0.03898486242793717,Low Risk,Maintain standard engagement
13232,7,5,1048.3,654,129,6.202958579881656,4,209.66,130.8,1.25,1,0,0.16482256102334256,Low Risk,Maintain standard engagement
13233,245,1,304.24,404,17,17.896470588235296,1,304.24,404.0,1.0,1,0,0.6975590326991825,High Risk,Low-cost win-back email
13235,121,1,1031.07,441,53,17.77706896551724,1,1031.07,441.0,1.0,0,1,0.657091344918109,Medium Risk,Standard retention email
13236,16,1,439.23,168,21,20.915714285714287,1,439.23,168.0,1.0,1,0,0.5695637022540249,Medium Risk,Standard retention email
13238,73,2,318.85,137,14,19.928125,2,159.425,68.5,1.0,1,0,0.6107697945616094,Medium Risk,Standard retention email
13239,171,1,329.56,327,21,15.693333333333333,1,329.56,327.0,1.0,0,1,0.7231072091608984,High Risk,Low-cost win-back email
13240,5,4,663.65,298,59,9.905223880597015,4,165.9125,74.5,1.0,0,1,0.42424137566178455,Medium Risk,Loyalty incentive
13242,21,3,270.40000000000003,130,12,20.800000000000004,2,90.13333333333334,43.333333333333336,1.5,0,1,0.6743782385267107,High Risk,Low-cost win-back email
13243,112,1,600.07,233,56,10.346034482758622,1,600.07,233.0,1.0,0,1,0.6161097808006482,Medium Risk,Standard retention email
13244,2,1,121.74000000000001,38,27,4.508888888888889,1,121.74000000000001,38.0,1.0,0,1,0.6188752032204015,Medium Risk,Standard retention email
13246,85,5,1860.99,1546,89,16.182521739130436,4,372.198,309.2,1.25,1,0,0.14628293254963518,Low Risk,Maintain standard engagement
13248,34,2,465.68,305,25,17.91076923076923,2,232.84,152.5,1.0,0,1,0.49019473116321954,Medium Risk,Standard retention email
13249,1,3,711.41,546,21,30.93086956521739,2,237.13666666666666,182.0,1.5,0,1,0.5306127857429855,Medium Risk,Loyalty incentive
13253,66,2,1030.4,1572,35,28.622222222222224,2,515.2,786.0,1.0,0,1,0.575563402671025,Medium Risk,Standard retention email
13255,283,1,225.7,110,6,37.61666666666667,1,225.7,110.0,1.0,1,0,0.7089799798935427,High Risk,Low-cost win-back email
13258,114,1,224.62,82,12,14.974666666666668,1,224.62,82.0,1.0,1,0,0.6535813782297507,Medium Risk,Standard retention email
13261,178,2,944.1,210,8,104.9,2,472.05,105.0,1.0,0,1,0.7142383386369889,High Risk,Priority reactivation campaign
13262,172,1,200.29,125,11,18.208181818181817,1,200.29,125.0,1.0,0,1,0.7071490173072966,High Risk,Low-cost win-back email
13263,17,23,4870.68,2806,358,4.198862068965518,7,211.76869565217393,122.0,3.2857142857142856,1,0,0.02066476402950793,Low Risk,Maintain standard engagement
13265,93,3,1465.66,1138,44,23.63967741935484,3,488.55333333333334,379.3333333333333,1.0,1,0,0.2791767807512762,Low Risk,Maintain standard engagement
13266,22,8,2535.58,3060,54,21.67162393162393,6,316.9475,382.5,1.3333333333333333,1,0,0.04147602285611125,Low Risk,Maintain standard engagement
13267,1,15,3119.34,1344,68,21.076621621621623,8,207.95600000000002,89.6,1.875,1,0,0.022946183570607476,Low Risk,Maintain standard engagement
13268,79,6,2150.25,2518,206,7.1675,4,358.375,419.6666666666667,1.5,1,0,0.11799135903961493,Low Risk,Maintain standard engagement
13269,19,8,2981.45,2015,133,14.265311004784689,6,372.68125,251.875,1.3333333333333333,1,0,0.030438723690903644,Low Risk,Maintain standard engagement
13270,275,1,590.0,200,1,590.0,1,590.0,200.0,1.0,0,1,0.7679420628381345,High Risk,Priority reactivation campaign
13273,22,1,138.98,153,16,8.68625,1,138.98,153.0,1.0,0,1,0.5846270552865969,Medium Risk,Standard retention email
13276,9,1,137.38,20,7,19.625714285714285,1,137.38,20.0,1.0,1,0,0.6171854385279164,Medium Risk,Standard retention email
13277,25,2,125.9,86,4,31.475,2,62.95,43.0,1.0,1,0,0.6813930474384179,High Risk,Low-cost win-back email
13280,31,3,814.86,522,67,9.586588235294117,2,271.62,174.0,1.5,0,1,0.4359923281042127,Medium Risk,Loyalty incentive
13282,71,2,773.1,172,15,35.14090909090909,2,386.55,86.0,1.0,1,0,0.49179251962862236,Medium Risk,Standard retention email
13283,95,1,25.5,30,2,12.75,1,25.5,30.0,1.0,1,0,0.4994597114860783,Medium Risk,Standard retention email
13284,240,1,201.19,91,13,15.476153846153846,1,201.19,91.0,1.0,0,1,0.7405081226678983,High Risk,Low-cost win-back email
13285,70,3,1970.1,1454,122,14.380291970802919,3,656.6999999999999,484.6666666666667,1.0,1,0,0.23580745684077206,Low Risk,Maintain standard engagement
13291,65,1,361.11,233,41,8.597857142857142,1,361.11,233.0,1.0,0,1,0.5452006083724588,Medium Risk,Standard retention email
13292,193,1,249.57,133,14,17.826428571428572,1,249.57,133.0,1.0,1,0,0.6925290589451677,High Risk,Low-cost win-back email
13294,99,2,873.74,453,48,16.18037037037037,2,436.87,226.5,1.0,0,1,0.4983235980866656,Medium Risk,Standard retention email
13295,269,1,201.20000000000002,82,10,20.12,1,201.20000000000002,82.0,1.0,0,1,0.7616131813531689,High Risk,Low-cost win-back email
13296,46,1,87.4,78,5,17.48,1,87.4,78.0,1.0,0,1,0.6670106308977725,High Risk,Low-cost win-back email
13299,177,1,142.5,30,5,28.5,1,142.5,30.0,1.0,0,1,0.7702537609548918,High Risk,Low-cost win-back email
13300,78,1,371.89,203,20,18.5945,1,371.89,203.0,1.0,0,1,0.6104392805619523,Medium Risk,Standard retention email
13301,13,4,618.09,345,75,7.630740740740741,4,154.5225,86.25,1.0,0,1,0.32986303450636845,Low Risk,Maintain standard engagement
13302,64,1,63.75,5,1,63.75,1,63.75,5.0,1.0,0,1,0.7379186160947524,High Risk,Low-cost win-back email
13304,260,1,300.42,238,21,14.305714285714286,1,300.42,238.0,1.0,0,1,0.6944639217889554,High Risk,Low-cost win-back email
13305,2,8,1471.25,935,37,25.36637931034483,7,183.90625,116.875,1.1428571428571428,1,0,0.09053197497950069,Low Risk,Maintain standard engagement
13307,29,1,15.0,4,1,15.0,1,15.0,4.0,1.0,0,1,0.5329326835335729,Medium Risk,Standard retention email
13308,112,1,814.95,519,26,31.34423076923077,1,814.95,519.0,1.0,1,0,0.5704611391879784,Medium Risk,Standard retention email
13309,115,2,546.64,616,43,11.63063829787234,2,273.32,308.0,1.0,1,0,0.4506751729590129,Medium Risk,Standard retention email
13310,115,2,817.65,395,50,15.724038461538461,2,408.825,197.5,1.0,1,0,0.47134494488384393,Medium Risk,Standard retention email
13311,59,1,490.11,271,24,20.42125,1,490.11,271.0,1.0,1,0,0.5969438595483578,Medium Risk,Standard retention email
13313,50,3,918.34,487,32,19.539148936170214,3,306.11333333333334,162.33333333333334,1.0,1,0,0.3446709944354583,Medium Risk,Loyalty incentive
13316,41,2,3779.98,5717,40,77.14244897959183,2,1889.99,2858.5,1.0,1,0,0.4070672121829535,Medium Risk,Standard retention email
13317,108,5,1313.98,500,56,19.323235294117648,3,262.796,100.0,1.6666666666666667,1,0,0.1973923043194261,Low Risk,Maintain standard engagement
13319,1,19,7390.47,3197,163,20.643770949720672,10,388.9721052631579,168.26315789473685,1.9,1,0,0.01244421568382387,Low Risk,Maintain standard engagement
13320,16,3,981.15,787,59,14.016428571428571,2,327.05,262.3333333333333,1.5,1,0,0.3196566565311015,Low Risk,Maintain standard engagement
13324,112,7,3798.99,2473,17,97.41,4,542.7128571428572,353.2857142857143,1.75,1,0,0.1753809579417299,Low Risk,Maintain standard engagement
13327,22,7,2738.75,1256,60,31.479885057471265,6,391.25,179.42857142857142,1.1666666666666667,1,0,0.04995169412841665,Low Risk,Maintain standard engagement
13328,225,1,1308.48,680,17,76.96941176470588,1,1308.48,680.0,1.0,0,1,0.7498952780660806,High Risk,Priority reactivation campaign
13329,276,1,304.2,175,7,43.457142857142856,1,304.2,175.0,1.0,1,0,0.6892324438903398,High Risk,Low-cost win-back email
13330,2,3,1140.93,751,37,21.526981132075473,3,380.31,250.33333333333334,1.0,0,1,0.4274077933929298,Medium Risk,Loyalty incentive
13334,100,2,2731.84,1350,176,12.706232558139536,2,1365.92,675.0,1.0,1,0,0.30150450693369296,Low Risk,Maintain standard engagement
13338,67,1,487.02,256,19,25.632631578947368,1,487.02,256.0,1.0,0,1,0.6363087138668801,Medium Risk,Standard retention email
13339,110,1,860.12,326,54,15.928148148148148,1,860.12,326.0,1.0,0,1,0.632014923977887,Medium Risk,Standard retention email
13340,15,5,9229.54,5148,111,82.40660714285715,3,1845.9080000000001,1029.6,1.6666666666666667,1,0,0.13791341342417102,Low Risk,Maintain standard engagement
13341,170,1,775.85,301,42,18.472619047619048,1,775.85,301.0,1.0,0,1,0.6585750060444266,Medium Risk,Standard retention email
13343,87,1,353.43,135,19,18.60157894736842,1,353.43,135.0,1.0,0,1,0.6954879095223738,High Risk,Low-cost win-back email
13344,187,1,1656.15,599,68,24.35514705882353,1,1656.15,599.0,1.0,1,0,0.4926013334753421,Medium Risk,Standard retention email
13345,197,1,389.5,141,20,19.475,1,389.5,141.0,1.0,0,1,0.7609879930557977,High Risk,Low-cost win-back email
13355,31,1,674.7,314,32,21.084375,1,674.7,314.0,1.0,0,1,0.6121179980311904,Medium Risk,Standard retention email
13357,166,1,609.95,322,85,6.777222222222223,1,609.95,322.0,1.0,0,1,0.7088741288768354,High Risk,Priority reactivation campaign
13358,178,1,439.03,285,29,15.138965517241378,1,439.03,285.0,1.0,0,1,0.7330782800231268,High Risk,Low-cost win-back email
13362,155,2,1581.53,727,92,17.00569892473118,2,790.765,363.5,1.0,1,0,0.4202418536665787,Medium Risk,Standard retention email
13365,127,1,700.6,404,39,17.964102564102564,1,700.6,404.0,1.0,1,0,0.5974745781004099,Medium Risk,Standard retention email
13368,166,2,623.4,327,29,21.49655172413793,2,311.7,163.5,1.0,0,1,0.6064759772483861,Medium Risk,Standard retention email
13369,275,1,308.28000000000003,149,14,22.020000000000003,1,308.28000000000003,149.0,1.0,0,1,0.7269068358100186,High Risk,Low-cost win-back email
13370,281,1,754.87,343,39,19.355641025641027,1,754.87,343.0,1.0,0,1,0.6692250550152014,High Risk,Priority reactivation campaign
13373,68,2,2055.58,944,95,19.392264150943397,2,1027.79,472.0,1.0,1,0,0.3689583753178708,Medium Risk,Standard retention email
13376,8,3,1019.76,493,45,19.240754716981133,3,339.92,164.33333333333334,1.0,0,1,0.40383268650211734,Medium Risk,Loyalty incentive
13379,46,1,136.29,166,13,10.483846153846153,1,136.29,166.0,1.0,1,0,0.5690242912027326,Medium Risk,Standard retention email
13381,22,4,2461.33,1251,63,21.218362068965515,4,615.3325,312.75,1.0,1,0,0.23750572821015428,Low Risk,Maintain standard engagement
13382,190,1,222.99,131,15,14.866000000000001,1,222.99,131.0,1.0,0,1,0.7013705878719587,High Risk,Low-cost win-back email
13384,38,2,1755.84,1062,70,23.727567567567565,2,877.92,531.0,1.0,1,0,0.37534608498219624,Medium Risk,Standard retention email
13385,239,1,534.57,281,35,15.273428571428573,1,534.57,281.0,1.0,0,1,0.7185485209018525,High Risk,Priority reactivation campaign
13388,40,2,677.1,282,35,19.345714285714287,1,338.55,141.0,2.0,0,1,0.553600385913716,Medium Risk,Standard retention email
13389,142,1,257.89,115,18,14.327222222222222,1,257.89,115.0,1.0,1,0,0.704021193884582,High Risk,Low-cost win-back email
13391,113,1,59.8,4,1,59.8,1,59.8,4.0,1.0,0,1,0.7283342657915253,High Risk,Low-cost win-back email
13394,25,5,1543.45,1475,76,16.24684210526316,5,308.69,295.0,1.0,1,0,0.11857298659152747,Low Risk,Maintain standard engagement
13395,94,1,307.72,336,21,14.653333333333334,1,307.72,336.0,1.0,0,1,0.6266580466975827,Medium Risk,Standard retention email
13396,228,1,387.27000000000004,139,15,25.818,1,387.27000000000004,139.0,1.0,1,0,0.7475332457675143,High Risk,Low-cost win-back email
13397,20,4,1228.19,358,22,42.35137931034483,4,307.0475,89.5,1.0,1,0,0.28058956269244634,Low Risk,Maintain standard engagement
13398,101,1,457.34,281,26,17.59,1,457.34,281.0,1.0,0,1,0.6389610925630922,Medium Risk,Standard retention email
13402,36,2,621.23,479,32,15.92897435897436,2,310.615,239.5,1.0,0,1,0.5132738264972224,Medium Risk,Standard retention email
13404,122,1,217.81,99,9,24.20111111111111,1,217.81,99.0,1.0,1,0,0.7022455236261338,High Risk,Low-cost win-back email
13405,113,2,557.45,163,24,22.298000000000002,2,278.725,81.5,1.0,1,0,0.5820737487062955,Medium Risk,Standard retention email
13408,9,41,17836.68,10506,178,56.445189873417725,10,435.0409756097561,256.2439024390244,4.1,1,0,0.025880330992777492,Low Risk,Maintain standard engagement
13410,96,3,545.04,300,11,36.336,3,181.67999999999998,100.0,1.0,1,0,0.3944696008180912,Medium Risk,Loyalty incentive
13411,16,1,213.55,72,17,11.863888888888889,1,213.55,72.0,1.0,0,1,0.6165609583569824,Medium Risk,Standard retention email
13414,43,3,1390.5,1574,23,57.9375,2,463.5,524.6666666666666,1.5,0,1,0.5856567270499352,Medium Risk,Loyalty incentive
13417,114,1,236.0,72,10,23.6,1,236.0,72.0,1.0,1,0,0.6816424258947197,High Risk,Low-cost win-back email
13418,8,15,4744.13,3168,191,18.97652,7,316.2753333333333,211.2,2.142857142857143,1,0,0.01318806662634686,Low Risk,Maintain standard engagement
13420,59,2,159.85,101,8,19.98125,2,79.925,50.5,1.0,0,1,0.7407925164420195,High Risk,Low-cost win-back email
13421,199,1,825.04,495,64,12.89125,1,825.04,495.0,1.0,1,0,0.6197108364837082,Medium Risk,Standard retention email
13425,17,3,1624.21,1123,66,20.823205128205128,3,541.4033333333333,374.3333333333333,1.0,0,1,0.32153702457426697,Low Risk,Maintain standard engagement
13426,92,5,1558.68,1199,62,18.779277108433735,5,311.736,239.8,1.0,1,0,0.1551982702818018,Low Risk,Maintain standard engagement
13427,29,2,464.86,431,19,20.211304347826086,2,232.43,215.5,1.0,1,0,0.4824197434230817,Medium Risk,Standard retention email
13434,6,1,72.84,60,5,14.568000000000001,1,72.84,60.0,1.0,1,0,0.6252299514910464,Medium Risk,Standard retention email
13435,19,3,1088.1200000000001,894,31,29.40864864864865,2,362.7066666666667,298.0,1.5,1,0,0.397517224331803,Medium Risk,Loyalty incentive
13437,8,4,2173.6,689,108,18.113333333333333,3,543.4,172.25,1.3333333333333333,1,0,0.2377307282860267,Low Risk,Maintain standard engagement
13439,164,1,283.71,242,54,5.253888888888889,1,283.71,242.0,1.0,0,1,0.6139455886938385,Medium Risk,Standard retention email
13441,1,1,296.64,204,13,22.818461538461538,1,296.64,204.0,1.0,0,1,0.5480555213199108,Medium Risk,Standard retention email
13448,128,4,1423.26,720,65,20.045915492957747,2,355.815,180.0,2.0,1,0,0.2995448062489292,Low Risk,Maintain standard engagement
13450,34,4,1421.46,1270,21,33.05720930232558,3,355.365,317.5,1.3333333333333333,1,0,0.21335677560114413,Low Risk,Maintain standard engagement
13451,35,4,2463.39,1764,284,6.6042627345844505,4,615.8475,441.0,1.0,1,0,0.2710911315942866,Low Risk,Maintain standard engagement
13452,168,2,590.0,2,1,295.0,1,295.0,1.0,2.0,0,1,0.7576320044232332,High Risk,Priority reactivation campaign
13453,75,2,356.97999999999996,134,16,20.998823529411762,2,178.48999999999998,67.0,1.0,0,1,0.6198423840600197,Medium Risk,Standard retention email
13455,275,1,692.94,190,30,23.098000000000003,1,692.94,190.0,1.0,1,0,0.644636951192414,Medium Risk,Standard retention email
13456,64,3,855.0600000000001,261,18,37.176521739130436,3,285.02000000000004,87.0,1.0,1,0,0.3121335060205798,Low Risk,Maintain standard engagement
13458,8,10,7678.42,4521,201,26.29595890410959,8,767.842,452.1,1.25,1,0,0.0202425964920834,Low Risk,Maintain standard engagement
13461,48,2,884.2,836,12,52.01176470588236,2,442.1,418.0,1.0,1,0,0.5413270192190804,Medium Risk,Standard retention email
13462,162,1,151.5,62,9,16.833333333333332,1,151.5,62.0,1.0,0,1,0.7565622251198502,High Risk,Low-cost win-back email
13466,93,1,307.9,259,17,18.11176470588235,1,307.9,259.0,1.0,0,1,0.6337315736480623,Medium Risk,Standard retention email
13468,2,29,4739.02,2064,161,19.502139917695477,10,163.4144827586207,71.17241379310344,2.9,1,0,0.02174005331625538,Low Risk,Maintain standard engagement
13470,8,2,165.0,100,7,16.5,2,82.5,50.0,1.0,0,1,0.6847680993680828,High Risk,Low-cost win-back email
13473,242,1,241.26,198,12,20.105,1,241.26,198.0,1.0,1,0,0.675309551728345,High Risk,Low-cost win-back email
13474,145,1,229.59,132,59,3.58734375,1,229.59,132.0,1.0,0,1,0.612056081957142,Medium Risk,Standard retention email
13475,100,4,1431.78,1012,64,16.648604651162792,4,357.945,253.0,1.0,0,1,0.30250372657644387,Low Risk,Maintain standard engagement
13476,88,2,1238.47,417,56,21.352931034482758,2,619.235,208.5,1.0,0,1,0.5210564997336001,Medium Risk,Standard retention email
13477,47,4,899.55,626,38,18.35816326530612,4,224.8875,156.5,1.0,1,0,0.2865748937897374,Low Risk,Maintain standard engagement
13479,110,2,300.95,134,14,20.063333333333333,2,150.475,67.0,1.0,0,1,0.6550853348809729,Medium Risk,Standard retention email
13481,17,4,1361.33,861,74,16.60158536585366,3,340.3325,215.25,1.3333333333333333,1,0,0.22302470908524916,Low Risk,Maintain standard engagement
13482,141,1,184.64,116,11,16.785454545454545,1,184.64,116.0,1.0,0,1,0.7195654992883527,High Risk,Low-cost win-back email
13484,150,1,313.8,44,8,39.225,1,313.8,44.0,1.0,0,1,0.8117525795203075,High Risk,Low-cost win-back email
13485,142,1,454.24,277,23,19.749565217391304,1,454.24,277.0,1.0,0,1,0.6990369993128155,High Risk,Low-cost win-back email
13486,37,2,819.61,529,52,15.76173076923077,2,409.805,264.5,1.0,1,0,0.4301004840730105,Medium Risk,Standard retention email
13487,122,2,408.8,213,21,17.033333333333335,2,204.4,106.5,1.0,1,0,0.5813680465508946,Medium Risk,Standard retention email
13488,30,9,6596.38,3232,231,21.556797385620914,7,732.9311111111111,359.1111111111111,1.2857142857142858,1,0,0.018238802464142414,Low Risk,Maintain standard engagement
13489,14,4,449.52,560,11,32.10857142857143,3,112.38,140.0,1.3333333333333333,0,1,0.6457739613972043,Medium Risk,Loyalty incentive
13491,57,9,1088.45,812,66,13.95448717948718,6,120.9388888888889,90.22222222222223,1.5,1,0,0.13134774001890723,Low Risk,Maintain standard engagement
13492,45,3,1269.84,408,38,25.3968,2,423.28,136.0,1.5,0,1,0.5270531593172219,Medium Risk,Loyalty incentive
13493,184,2,618.63,380,6,77.32875,2,309.315,190.0,1.0,0,1,0.6864204553892437,High Risk,Priority reactivation campaign
13494,221,1,316.26000000000005,162,18,17.570000000000004,1,316.26000000000005,162.0,1.0,0,1,0.7212755681413872,High Risk,Low-cost win-back email
13495,141,3,1072.43,485,20,38.30107142857143,2,357.4766666666667,161.66666666666666,1.5,1,0,0.438925882562408,Medium Risk,Loyalty incentive
13496,269,1,501.01,229,26,19.269615384615385,1,501.01,229.0,1.0,1,0,0.6901433959111642,High Risk,Priority reactivation campaign
13497,192,2,348.05,163,19,18.318421052631578,2,174.025,81.5,1.0,0,1,0.62636763166014,Medium Risk,Standard retention email
13499,134,2,463.79,265,18,22.085238095238097,2,231.895,132.5,1.0,1,0,0.5859258723152997,Medium Risk,Standard retention email
13500,32,1,326.4,128,20,16.32,1,326.4,128.0,1.0,1,0,0.6152133041421046,Medium Risk,Standard retention email
13501,197,1,1340.32,560,52,25.775384615384613,1,1340.32,560.0,1.0,0,1,0.568672213049291,Medium Risk,Standard retention email
13502,184,2,189.16,110,9,21.017777777777777,2,94.58,55.0,1.0,1,0,0.7884330626404351,High Risk,Low-cost win-back email
13505,76,3,2583.12,1261,110,21.000975609756097,3,861.04,420.3333333333333,1.0,1,0,0.257939916306826,Low Risk,Maintain standard engagement
13506,225,2,458.52,324,26,17.635384615384616,2,229.26,162.0,1.0,0,1,0.6212125400198425,Medium Risk,Standard retention email
13507,7,3,2022.79,1212,123,15.803046875,3,674.2633333333333,404.0,1.0,1,0,0.2626560933293365,Low Risk,Maintain standard engagement
13508,153,1,110.97,24,12,9.2475,1,110.97,24.0,1.0,0,1,0.7547607416657576,High Risk,Low-cost win-back email
13509,9,5,705.02,799,24,22.74258064516129,4,141.004,159.8,1.25,1,0,0.3156783862363123,Low Risk,Maintain standard engagement
13510,4,2,897.81,743,53,14.718196721311475,2,448.905,371.5,1.0,1,0,0.4188305675833029,Medium Risk,Standard retention email
13512,170,1,251.21,143,15,16.747333333333334,1,251.21,143.0,1.0,0,1,0.6881535924066274,High Risk,Low-cost win-back email
13513,36,1,205.1,109,10,20.509999999999998,1,205.1,109.0,1.0,0,1,0.6595800375592821,Medium Risk,Standard retention email
13515,26,3,523.96,473,30,14.970285714285716,3,174.65333333333334,157.66666666666666,1.0,1,0,0.4500432655214208,Medium Risk,Loyalty incentive
13516,148,1,146.0,56,7,20.857142857142858,1,146.0,56.0,1.0,1,0,0.7567737362991945,High Risk,Low-cost win-back email
13517,16,2,1612.18,981,99,14.927592592592593,2,806.09,490.5,1.0,1,0,0.39830907172759716,Medium Risk,Standard retention email
13520,47,5,2947.98,1312,40,40.94416666666667,5,589.596,262.4,1.0,1,0,0.13824699282909428,Low Risk,Maintain standard engagement
13523,109,3,2369.24,828,92,23.2278431372549,2,789.7466666666666,276.0,1.5,1,0,0.37405255483234146,Medium Risk,Loyalty incentive
13524,10,3,408.86,187,14,22.714444444444446,3,136.28666666666666,62.333333333333336,1.0,1,0,0.5136065626117019,Medium Risk,Loyalty incentive
13525,157,1,282.88,208,2,141.44,1,282.88,208.0,1.0,1,0,0.7067755629529235,High Risk,Low-cost win-back email
13527,14,4,1366.42,1290,110,10.510923076923078,3,341.605,322.5,1.3333333333333333,1,0,0.18026007935050792,Low Risk,Maintain standard engagement
13529,114,1,181.1,30,7,25.87142857142857,1,181.1,30.0,1.0,1,0,0.6926555447416964,High Risk,Low-cost win-back email
13531,114,2,483.8,174,17,21.990909090909092,2,241.9,87.0,1.0,0,1,0.575302553032449,Medium Risk,Standard retention email
13533,92,3,270.79,204,61,3.563026315789474,2,90.26333333333334,68.0,1.5,0,1,0.694969561263861,High Risk,Low-cost win-back email
13534,17,21,4371.53,2242,101,18.681752136752134,9,208.16809523809522,106.76190476190476,2.3333333333333335,1,0,0.01422909261605413,Low Risk,Maintain standard engagement
13538,3,6,990.75,137,8,49.5375,6,165.125,22.833333333333332,1.0,1,0,0.4885125009589545,Medium Risk,Loyalty incentive
13539,149,2,315.65,231,21,15.03095238095238,2,157.825,115.5,1.0,1,0,0.5459591789617563,Medium Risk,Standard retention email
13544,150,1,122.91,75,42,2.5083673469387753,1,122.91,75.0,1.0,1,0,0.5564706562392625,Medium Risk,Standard retention email
13546,110,1,188.16,109,26,6.9688888888888885,1,188.16,109.0,1.0,1,0,0.6573672068302905,Medium Risk,Standard retention email
13548,5,2,682.41,441,114,5.503306451612903,2,341.205,220.5,1.0,0,1,0.48256548047141495,Medium Risk,Standard retention email
13549,51,5,762.05,411,34,17.722093023255812,3,152.41,82.2,1.6666666666666667,1,0,0.24325071219162647,Low Risk,Maintain standard engagement
13551,228,1,91.80000000000001,12,4,22.950000000000003,1,91.80000000000001,12.0,1.0,0,1,0.8084693261174881,High Risk,Low-cost win-back email
13552,33,9,2762.91,1024,61,36.35407894736842,5,306.99,113.77777777777777,1.8,1,0,0.0768818054881463,Low Risk,Maintain standard engagement
13555,111,2,1590.05,868,55,28.91,1,795.025,434.0,2.0,1,0,0.43958558311347246,Medium Risk,Standard retention email
13557,190,1,240.68,224,16,15.0425,1,240.68,224.0,1.0,1,0,0.6767665443487128,High Risk,Low-cost win-back email
13561,125,1,141.85999999999999,83,14,10.132857142857143,1,141.85999999999999,83.0,1.0,0,1,0.7220167339556417,High Risk,Low-cost win-back email
13562,50,2,1209.73,527,44,22.82509433962264,2,604.865,263.5,1.0,1,0,0.44672481154941523,Medium Risk,Standard retention email
13563,49,1,310.88,146,39,7.971282051282051,1,310.88,146.0,1.0,1,0,0.5344826917489547,Medium Risk,Standard retention email
13564,53,3,1749.02,661,68,21.07253012048193,2,583.0066666666667,220.33333333333334,1.5,0,1,0.33686300705996836,Medium Risk,Loyalty incentive
13565,243,1,110.17999999999999,78,13,8.475384615384614,1,110.17999999999999,78.0,1.0,1,0,0.7287208258764106,High Risk,Low-cost win-back email
13568,82,1,192.85,70,41,4.382954545454545,1,192.85,70.0,1.0,0,1,0.6107419931243475,Medium Risk,Standard retention email
13569,277,1,118.32,44,23,4.93,1,118.32,44.0,1.0,1,0,0.6867802347833576,High Risk,Low-cost win-back email
13570,152,1,239.49,161,27,8.870000000000001,1,239.49,161.0,1.0,0,1,0.6953000360339625,High Risk,Low-cost win-back email
13571,2,7,1083.83,851,110,6.088932584269663,7,154.83285714285714,121.57142857142857,1.0,1,0,0.15299905945844597,Low Risk,Maintain standard engagement
13572,115,1,1384.25,534,32,41.946969696969695,1,1384.25,534.0,1.0,0,1,0.6231562117699586,Medium Risk,Standard retention email
13573,162,1,31.770000000000003,10,3,10.590000000000002,1,31.770000000000003,10.0,1.0,1,0,0.6256084902691709,Medium Risk,Standard retention email
13575,43,2,218.75,113,13,16.826923076923077,2,109.375,56.5,1.0,1,0,0.5337575721247859,Medium Risk,Standard retention email
13576,6,13,4840.9400000000005,1811,41,69.15628571428572,10,372.38000000000005,139.30769230769232,1.3,1,0,0.03433557893099881,Low Risk,Maintain standard engagement
13577,2,3,1193.8,597,49,17.817910447761193,3,397.93333333333334,199.0,1.0,1,0,0.35844653236821034,Medium Risk,Loyalty incentive
13579,278,1,164.70000000000002,46,9,18.3,1,164.70000000000002,46.0,1.0,1,0,0.7303495737397117,High Risk,Low-cost win-back email
13581,218,1,118.0,30,10,11.8,1,118.0,30.0,1.0,0,1,0.7647449490981701,High Risk,Low-cost win-back email
13583,65,1,781.03,725,53,14.736415094339621,1,781.03,725.0,1.0,0,1,0.5485305489102213,Medium Risk,Standard retention email
13584,215,1,142.4,37,24,5.933333333333334,1,142.4,37.0,1.0,0,1,0.7168085906273773,High Risk,Low-cost win-back email
13588,9,4,1420.72,1648,101,13.660769230769231,4,355.18,412.0,1.0,1,0,0.27103195173763517,Low Risk,Maintain standard engagement
13589,88,1,147.0,28,9,16.333333333333332,1,147.0,28.0,1.0,1,0,0.6591256024624246,Medium Risk,Standard retention email
13590,60,4,1116.38,900,46,21.889803921568628,4,279.095,225.0,1.0,1,0,0.29526114572297174,Low Risk,Maintain standard engagement
13591,113,2,776.23,263,36,20.427105263157895,2,388.115,131.5,1.0,1,0,0.45630351019574816,Medium Risk,Standard retention email
13592,115,3,205.51,71,12,15.808461538461538,2,68.50333333333333,23.666666666666668,1.5,1,0,0.6677643279097383,High Risk,Low-cost win-back email
13593,17,5,2037.0800000000002,731,77,15.914687500000001,4,407.41600000000005,146.2,1.25,0,1,0.16042968297264146,Low Risk,Maintain standard engagement
13599,66,8,2313.84,1531,71,26.90511627906977,6,289.23,191.375,1.3333333333333333,1,0,0.05403506534030002,Low Risk,Maintain standard engagement
13600,221,1,219.52,324,19,11.553684210526317,1,219.52,324.0,1.0,0,1,0.7178753651387998,High Risk,Low-cost win-back email
13601,120,1,373.2,275,41,8.885714285714286,1,373.2,275.0,1.0,1,0,0.5649877179875108,Medium Risk,Standard retention email
13606,152,2,250.42,243,37,6.2604999999999995,2,125.21,121.5,1.0,1,0,0.4723592288159325,Medium Risk,Standard retention email
13610,19,5,776.21,372,140,4.592958579881657,5,155.24200000000002,74.4,1.0,1,0,0.19101556893698632,Low Risk,Maintain standard engagement
13611,80,2,636.72,420,31,19.8975,2,318.36,210.0,1.0,1,0,0.49552423883767005,Medium Risk,Standard retention email
13614,73,2,794.98,247,82,8.833111111111112,2,397.49,123.5,1.0,1,0,0.4203329398527508,Medium Risk,Standard retention email
13615,228,1,417.69,189,23,18.160434782608696,1,417.69,189.0,1.0,0,1,0.7270102348488457,High Risk,Low-cost win-back email
13617,22,2,365.7,188,23,13.060714285714285,2,182.85,94.0,1.0,1,0,0.4258393721969769,Medium Risk,Standard retention email
13618,83,1,177.34,246,13,13.641538461538461,1,177.34,246.0,1.0,0,1,0.6127667842170781,Medium Risk,Standard retention email
13621,26,1,213.85,343,19,11.255263157894737,1,213.85,343.0,1.0,0,1,0.5804888503261124,Medium Risk,Standard retention email
13623,119,4,551.92,150,61,8.62375,4,137.98,37.5,1.0,1,0,0.5211912439482983,Medium Risk,Loyalty incentive
13626,162,1,257.23,209,19,13.53842105263158,1,257.23,209.0,1.0,0,1,0.6796739786488719,High Risk,Low-cost win-back email
13627,85,3,1027.0,775,62,16.046875,3,342.3333333333333,258.3333333333333,1.0,1,0,0.2878703224006788,Low Risk,Maintain standard engagement
13629,8,8,5718.36,3222,27,114.3672,7,714.795,402.75,1.1428571428571428,1,0,0.05689276166404684,Low Risk,Maintain standard engagement
13630,15,5,1361.46,973,49,22.319016393442624,4,272.29200000000003,194.6,1.25,1,0,0.15569421871062986,Low Risk,Maintain standard engagement
13631,9,11,3070.42,467,6,279.1290909090909,5,279.1290909090909,42.45454545454545,2.2,0,1,0.32460401417199536,Low Risk,Maintain standard engagement
13632,83,3,814.6,316,70,9.583529411764706,2,271.53333333333336,105.33333333333333,1.5,1,0,0.4273509651990667,Medium Risk,Loyalty incentive
13634,15,3,783.77,351,73,8.42763440860215,3,261.25666666666666,117.0,1.0,1,0,0.2749019950154956,Low Risk,Maintain standard engagement
13636,31,4,646.55,339,36,15.76951219512195,4,161.6375,84.75,1.0,1,0,0.3909795354967227,Medium Risk,Loyalty incentive
13637,96,2,684.85,354,75,7.363978494623656,2,342.425,177.0,1.0,1,0,0.44535258983532183,Medium Risk,Standard retention email
13642,125,1,354.8,173,57,5.375757575757576,1,354.8,173.0,1.0,0,1,0.5665449038719287,Medium Risk,Standard retention email
13643,8,2,259.40000000000003,126,13,18.528571428571432,2,129.70000000000002,63.0,1.0,1,0,0.5089681005551964,Medium Risk,Standard retention email
13644,15,1,851.09,659,48,17.731041666666666,1,851.09,659.0,1.0,1,0,0.4959563883436597,Medium Risk,Standard retention email
13645,29,1,252.1,158,5,50.42,1,252.1,158.0,1.0,0,1,0.6461099542841404,Medium Risk,Standard retention email
13647,84,2,803.86,441,33,24.35939393939394,2,401.93,220.5,1.0,1,0,0.4855933790244893,Medium Risk,Standard retention email
13649,166,2,346.6,139,23,15.069565217391306,2,173.3,69.5,1.0,0,1,0.6595836779960828,Medium Risk,Standard retention email
13650,116,2,745.52,284,33,20.70888888888889,2,372.76,142.0,1.0,1,0,0.48760592642922007,Medium Risk,Standard retention email
13652,166,2,638.24,290,33,16.79578947368421,2,319.12,145.0,1.0,1,0,0.5321602625924546,Medium Risk,Standard retention email
13654,54,4,1714.27,1532,100,15.727247706422018,4,428.5675,383.0,1.0,1,0,0.25199679847354894,Low Risk,Maintain standard engagement
13655,23,2,932.97,605,52,16.66017857142857,2,466.485,302.5,1.0,0,1,0.45787660397129526,Medium Risk,Standard retention email
13656,74,2,379.65,490,49,7.747959183673469,2,189.825,245.0,1.0,0,1,0.5141072716286367,Medium Risk,Standard retention email
13657,111,1,152.34,132,9,16.926666666666666,1,152.34,132.0,1.0,1,0,0.6485590153534445,Medium Risk,Standard retention email
13658,113,1,933.3,300,32,29.165625,1,933.3,300.0,1.0,1,0,0.6403974353918909,Medium Risk,Standard retention email
13659,115,2,1573.2,894,92,15.126923076923077,2,786.6,447.0,1.0,0,1,0.4604597994273149,Medium Risk,Standard retention email
13662,121,2,532.94,363,33,15.226857142857144,2,266.47,181.5,1.0,1,0,0.5013724415488631,Medium Risk,Standard retention email
13663,88,1,189.47,91,13,14.574615384615385,1,189.47,91.0,1.0,0,1,0.6650631616959616,High Risk,Low-cost win-back email
13666,196,2,64.05,37,8,8.00625,1,32.025,18.5,2.0,1,0,0.5667030027230588,Medium Risk,Standard retention email
13667,58,1,305.02,154,82,3.505977011494253,1,305.02,154.0,1.0,0,1,0.5650035174791279,Medium Risk,Standard retention email
13668,22,16,4934.87,2952,218,14.86406626506024,9,308.429375,184.5,1.7777777777777777,1,0,0.010670327664406653,Low Risk,Maintain standard engagement
13669,59,1,48.150000000000006,13,3,16.05,1,48.150000000000006,13.0,1.0,1,0,0.5116422113455168,Medium Risk,Standard retention email
13672,210,2,186.39000000000001,57,4,31.065,2,93.19500000000001,28.5,1.0,0,1,0.7975753462771551,High Risk,Low-cost win-back email
13675,60,2,486.82000000000005,330,25,19.472800000000003,2,243.41000000000003,165.0,1.0,0,1,0.5118878767387945,Medium Risk,Standard retention email
13678,61,1,232.6,924,16,14.5375,1,232.6,924.0,1.0,0,1,0.6484813539823935,Medium Risk,Standard retention email
13680,247,2,2391.59,1195,69,34.16557142857143,1,1195.795,597.5,2.0,1,0,0.4093127437226354,Medium Risk,Standard retention email
13681,64,1,203.46,96,13,15.650769230769232,1,203.46,96.0,1.0,1,0,0.6110964752431276,Medium Risk,Standard retention email
13682,96,1,59.5,10,3,19.833333333333332,1,59.5,10.0,1.0,0,1,0.7094104767204175,High Risk,Low-cost win-back email
13684,195,1,67.23,39,29,2.241,1,67.23,39.0,1.0,0,1,0.7017349473951683,High Risk,Low-cost win-back email
13686,92,1,72.0,70,8,9.0,1,72.0,70.0,1.0,0,1,0.7032596376111422,High Risk,Low-cost win-back email
13692,123,2,871.58,735,32,27.236875,2,435.79,367.5,1.0,1,0,0.5019936323585855,Medium Risk,Standard retention email
13694,16,39,45911.64,48830,309,103.17222471910112,9,1177.2215384615386,1252.051282051282,4.333333333333333,1,0,0.03022547058761539,Low Risk,Maintain standard engagement
13695,7,12,1767.07,1174,35,27.61046875,7,147.25583333333333,97.83333333333333,1.7142857142857142,1,0,0.051621743002559596,Low Risk,Maintain standard engagement
13699,64,1,308.58000000000004,66,14,22.041428571428575,1,308.58000000000004,66.0,1.0,0,1,0.6940735926430024,High Risk,Low-cost win-back email
13700,2,8,1651.26,2018,138,9.224916201117319,5,206.4075,252.25,1.6,1,0,0.07388222273554677,Low Risk,Maintain standard engagement
13703,227,1,99.5,10,1,99.5,1,99.5,10.0,1.0,0,1,0.8165353174239177,High Risk,Low-cost win-back email
13705,54,2,522.68,237,20,24.88952380952381,2,261.34,118.5,1.0,1,0,0.5004163819220967,Medium Risk,Standard retention email
13706,212,1,330.79,189,20,16.5395,1,330.79,189.0,1.0,0,1,0.7191923056680275,High Risk,Low-cost win-back email
13707,176,2,806.41,351,48,16.800208333333334,2,403.205,175.5,1.0,0,1,0.5707071965826948,Medium Risk,Standard retention email
13708,180,1,296.88,306,49,5.821176470588235,1,296.88,306.0,1.0,0,1,0.646102566599729,Medium Risk,Standard retention email
13709,11,5,2939.21,1898,125,17.391775147928993,3,587.842,379.6,1.6666666666666667,1,0,0.11689359068842615,Low Risk,Maintain standard engagement
13711,128,2,252.06,140,11,19.38923076923077,1,126.03,70.0,2.0,0,1,0.7273339774733606,High Risk,Low-cost win-back email
13712,156,1,228.84,352,10,22.884,1,228.84,352.0,1.0,0,1,0.690685363411214,High Risk,Low-cost win-back email
13715,190,5,1079.34,563,89,10.279428571428571,3,215.868,112.6,1.6666666666666667,0,1,0.39613732852730676,Medium Risk,Loyalty incentive
13716,178,1,138.28,138,21,6.584761904761905,1,138.28,138.0,1.0,0,1,0.7033094462251519,High Risk,Low-cost win-back email
13717,38,4,955.99,1567,64,13.464647887323943,4,238.9975,391.75,1.0,1,0,0.23301233525471057,Low Risk,Maintain standard engagement
13718,155,2,306.55,173,9,25.545833333333334,2,153.275,86.5,1.0,0,1,0.6786603496891822,High Risk,Low-cost win-back email
13719,114,2,338.74,186,19,16.937,2,169.37,93.0,1.0,1,0,0.5631914000077126,Medium Risk,Standard retention email
13720,25,4,799.9,501,42,18.60232558139535,4,199.975,125.25,1.0,0,1,0.3203320691962515,Low Risk,Maintain standard engagement
13722,40,3,2375.41,1401,75,27.945999999999998,2,791.8033333333333,467.0,1.5,0,1,0.42545299709966505,Medium Risk,Loyalty incentive
13723,126,1,199.85000000000002,43,6,33.30833333333334,1,199.85000000000002,43.0,1.0,0,1,0.7663716093770295,High Risk,Low-cost win-back email
13725,78,7,1865.7,724,86,19.638947368421054,4,266.5285714285714,103.42857142857143,1.75,1,0,0.09199727900334924,Low Risk,Maintain standard engagement
13726,10,1,292.68,384,23,12.725217391304348,1,292.68,384.0,1.0,1,0,0.5388195631966207,Medium Risk,Standard retention email
13728,16,5,797.02,354,29,15.9404,5,159.404,70.8,1.0,1,0,0.321819920603334,Low Risk,Maintain standard engagement
13730,45,2,752.6,488,38,17.50232558139535,1,376.3,244.0,2.0,0,1,0.5369698686834068,Medium Risk,Standard retention email
13731,128,2,610.59,278,36,16.068157894736842,2,305.295,139.0,1.0,0,1,0.5295295720092601,Medium Risk,Standard retention email
13735,85,2,1409.69,719,88,13.820490196078431,2,704.845,359.5,1.0,1,0,0.40355494561674976,Medium Risk,Standard retention email
13736,169,1,357.53,228,73,4.704342105263158,1,357.53,228.0,1.0,1,0,0.5910624640459593,Medium Risk,Standard retention email
13737,109,1,339.59999999999997,125,29,11.319999999999999,1,339.59999999999997,125.0,1.0,0,1,0.6817314936324055,High Risk,Low-cost win-back email
13740,150,1,350.75,425,23,15.25,1,350.75,425.0,1.0,0,1,0.7135349717664254,High Risk,Low-cost win-back email
13741,93,2,363.13,143,20,18.1565,2,181.565,71.5,1.0,1,0,0.6054966113051968,Medium Risk,Standard retention email
13742,71,10,2648.7200000000003,971,163,10.033030303030303,5,264.872,97.1,2.0,1,0,0.10235010689763509,Low Risk,Maintain standard engagement
13743,17,5,912.1199999999999,1212,8,30.403999999999996,4,182.42399999999998,242.4,1.25,1,0,0.3139991440742613,Low Risk,Maintain standard engagement
13744,4,2,1156.36,1249,54,16.060555555555553,2,578.18,624.5,1.0,0,1,0.48587384331708194,Medium Risk,Standard retention email
13745,71,1,300.04,496,25,12.001600000000002,1,300.04,496.0,1.0,0,1,0.6344809598495932,Medium Risk,Standard retention email
13747,283,1,79.6,8,1,79.6,1,79.6,8.0,1.0,0,1,0.8000592926042365,High Risk,Low-cost win-back email
13748,5,5,948.25,439,24,33.86607142857143,3,189.65,87.8,1.6666666666666667,0,1,0.3501927647339072,Medium Risk,Loyalty incentive
13750,49,4,1316.63,431,16,69.2963157894737,4,329.1575,107.75,1.0,1,0,0.25060387326553396,Low Risk,Maintain standard engagement
13751,197,1,296.25,152,9,32.916666666666664,1,296.25,152.0,1.0,0,1,0.7291780586367677,High Risk,Low-cost win-back email
13752,33,6,1186.28,876,64,15.608947368421052,5,197.71333333333334,146.0,1.2,0,1,0.15585697243596705,Low Risk,Maintain standard engagement
13753,196,1,741.26,512,35,21.178857142857144,1,741.26,512.0,1.0,0,1,0.64846916000931,Medium Risk,Standard retention email
13754,61,2,282.59999999999997,214,11,23.549999999999997,2,141.29999999999998,107.0,1.0,0,1,0.5748840148894245,Medium Risk,Standard retention email
13756,2,8,2972.3300000000004,1843,55,32.66296703296704,6,371.54125000000005,230.375,1.3333333333333333,1,0,0.0370353819647064,Low Risk,Maintain standard engagement
13758,110,5,2351.52,1493,87,24.75284210526316,4,470.304,298.6,1.25,1,0,0.1829370847659686,Low Risk,Maintain standard engagement
13760,165,1,135.09,96,28,4.824642857142857,1,135.09,96.0,1.0,1,0,0.6750743727952718,High Risk,Low-cost win-back email
13761,89,1,491.71000000000004,224,32,15.365937500000001,1,491.71000000000004,224.0,1.0,1,0,0.5780249809982957,Medium Risk,Standard retention email
13762,128,1,306.72,272,7,43.81714285714286,1,306.72,272.0,1.0,0,1,0.7293668570381516,High Risk,Low-cost win-back email
13764,53,2,945.63,590,123,6.852391304347826,2,472.815,295.0,1.0,1,0,0.38167226975204865,Medium Risk,Standard retention email
13767,18,28,9676.37,3933,50,34.435480427046265,8,345.5846428571429,140.46428571428572,3.5,1,0,0.014713858605456022,Low Risk,Maintain standard engagement
13769,1,8,2176.62,856,61,21.55069306930693,7,272.0775,107.0,1.1428571428571428,1,0,0.06642702974572812,Low Risk,Maintain standard engagement
13771,108,2,1464.8500000000001,825,65,20.926428571428573,2,732.4250000000001,412.5,1.0,1,0,0.40609364805921166,Medium Risk,Standard retention email
13772,6,2,686.22,309,96,6.47377358490566,2,343.11,154.5,1.0,1,0,0.4738361511737956,Medium Risk,Standard retention email
13777,38,24,12360.24,5959,35,103.86756302521009,9,515.01,248.29166666666666,2.6666666666666665,1,0,0.03999723783015938,Low Risk,Maintain standard engagement
13778,12,1,178.7,70,9,19.855555555555554,1,178.7,70.0,1.0,0,1,0.6836635520422201,High Risk,Low-cost win-back email
13780,80,1,116.28000000000002,173,9,12.920000000000002,1,116.28000000000002,173.0,1.0,1,0,0.6096629107719831,Medium Risk,Standard retention email
13781,160,1,127.84,30,17,7.5200000000000005,1,127.84,30.0,1.0,0,1,0.7108914590408303,High Risk,Low-cost win-back email
13782,34,3,487.93,186,59,7.86983870967742,3,162.64333333333335,62.0,1.0,1,0,0.3286043515223064,Low Risk,Maintain standard engagement
13784,4,9,2124.15,2265,9,78.67222222222223,7,236.01666666666668,251.66666666666666,1.2857142857142858,1,0,0.10310826292134671,Low Risk,Maintain standard engagement
13786,276,1,230.39999999999998,136,7,32.91428571428571,1,230.39999999999998,136.0,1.0,0,1,0.7285351444161065,High Risk,Low-cost win-back email
13787,273,1,106.4,56,7,15.200000000000001,1,106.4,56.0,1.0,1,0,0.7515885516971565,High Risk,Low-cost win-back email
13791,37,2,1516.0,1200,7,137.8181818181818,2,758.0,600.0,1.0,0,1,0.684554186159994,High Risk,Priority reactivation campaign
13792,196,1,74.60000000000001,28,4,18.650000000000002,1,74.60000000000001,28.0,1.0,1,0,0.7844779554485178,High Risk,Low-cost win-back email
13798,2,42,29161.14,18304,95,112.59127413127413,10,694.3128571428572,435.8095238095238,4.2,1,0,0.022914126762621535,Low Risk,Maintain standard engagement
13799,26,2,688.86,402,32,17.663076923076922,2,344.43,201.0,1.0,0,1,0.4912937784264662,Medium Risk,Standard retention email
13800,219,1,558.32,331,33,16.91878787878788,1,558.32,331.0,1.0,0,1,0.7208762607604944,High Risk,Priority reactivation campaign
13802,48,3,4599.42,2572,55,76.657,3,1533.14,857.3333333333334,1.0,0,1,0.3798286309743419,Medium Risk,Loyalty incentive
13803,164,1,277.07,121,17,16.298235294117646,1,277.07,121.0,1.0,0,1,0.693455586122227,High Risk,Low-cost win-back email
13804,6,4,1543.41,935,81,17.53875,3,385.8525,233.75,1.3333333333333333,1,0,0.24928976250856044,Low Risk,Maintain standard engagement
13805,38,1,500.24,728,6,83.37333333333333,1,500.24,728.0,1.0,1,0,0.6552554822390653,Medium Risk,Standard retention email
13807,276,1,112.6,36,7,16.085714285714285,1,112.6,36.0,1.0,0,1,0.7702401580076234,High Risk,Low-cost win-back email
13808,3,2,723.1,324,33,20.66,1,361.55,162.0,2.0,1,0,0.5009290361675721,Medium Risk,Standard retention email
13809,214,1,155.05,29,11,12.920833333333334,1,155.05,29.0,1.0,0,1,0.7647856573136588,High Risk,Low-cost win-back email
13811,93,3,814.5,68,7,62.65384615384615,2,271.5,22.666666666666668,1.5,0,1,0.6418841946466212,Medium Risk,Loyalty incentive
13812,14,1,278.74,191,20,13.937000000000001,1,278.74,191.0,1.0,1,0,0.51147967649973,Medium Risk,Standard retention email
13813,44,1,385.14,177,17,22.65529411764706,1,385.14,177.0,1.0,1,0,0.5976240688247857,Medium Risk,Standard retention email
13814,1,2,1579.12,864,37,27.703859649122805,2,789.56,432.0,1.0,0,1,0.5364551500337122,Medium Risk,Standard retention email
13815,81,2,2977.75,1965,110,21.895220588235293,2,1488.875,982.5,1.0,1,0,0.3176292699838569,Low Risk,Maintain standard engagement
13817,261,1,128.7,63,9,14.299999999999999,1,128.7,63.0,1.0,1,0,0.7580154100162563,High Risk,Low-cost win-back email
13819,211,3,1140.35,1109,26,31.676388888888887,2,380.1166666666666,369.6666666666667,1.5,0,1,0.4796986666960849,Medium Risk,Loyalty incentive
13821,54,2,385.64,153,51,6.536271186440678,2,192.82,76.5,1.0,0,1,0.5148297404798968,Medium Risk,Standard retention email
13823,1,1,650.42,325,26,25.016153846153845,1,650.42,325.0,1.0,1,0,0.5853479166081198,Medium Risk,Standard retention email
13824,45,4,1429.84,660,26,39.717777777777776,4,357.46,165.0,1.0,1,0,0.2533972205653639,Low Risk,Maintain standard engagement
13826,85,1,189.5,82,10,18.95,1,189.5,82.0,1.0,0,1,0.7058920341995192,High Risk,Low-cost win-back email
13827,43,2,300.76,95,59,4.930491803278688,1,150.38,47.5,2.0,1,0,0.5159787702548978,Medium Risk,Standard retention email
13831,48,4,1455.3899999999999,517,57,22.740468749999998,3,363.84749999999997,129.25,1.3333333333333333,1,0,0.2580083013159957,Low Risk,Maintain standard engagement
13833,68,1,384.8,118,28,13.26896551724138,1,384.8,118.0,1.0,0,1,0.6508009671125253,Medium Risk,Standard retention email
13835,64,2,537.34,291,28,15.804117647058824,2,268.67,145.5,1.0,1,0,0.4662430543765595,Medium Risk,Standard retention email
13837,121,2,271.24,183,17,14.275789473684211,2,135.62,91.5,1.0,0,1,0.5999195114003022,Medium Risk,Standard retention email
13838,27,3,479.59,169,106,4.0301680672268905,2,159.86333333333332,56.333333333333336,1.5,1,0,0.4066155081097472,Medium Risk,Loyalty incentive
13841,162,1,85.0,100,1,85.0,1,85.0,100.0,1.0,0,1,0.7859682798553893,High Risk,Low-cost win-back email
13842,65,7,2165.27,893,96,16.403560606060605,7,309.32428571428574,127.57142857142857,1.0,1,0,0.08770111502891798,Low Risk,Maintain standard engagement
13846,151,2,663.9300000000001,345,43,15.440232558139536,2,331.96500000000003,172.5,1.0,1,0,0.5012054002788253,Medium Risk,Standard retention email
13848,1,3,1255.0,3700,3,251.0,3,418.3333333333333,1233.3333333333333,1.0,0,1,0.5994829832018237,Medium Risk,Loyalty incentive
13849,80,1,593.5799999999999,332,38,15.620526315789471,1,593.5799999999999,332.0,1.0,1,0,0.5730533657057487,Medium Risk,Standard retention email
13850,38,1,1595.48,944,93,17.155698924731183,1,1595.48,944.0,1.0,0,1,0.5597119760261613,Medium Risk,Standard retention email
13851,5,3,2651.46,1705,77,32.73407407407407,3,883.82,568.3333333333334,1.0,0,1,0.39930532588727813,Medium Risk,Loyalty incentive
13854,1,20,6469.16,1812,35,72.68719101123595,9,323.45799999999997,90.6,2.2222222222222223,1,0,0.04711449985937881,Low Risk,Maintain standard engagement
13856,78,3,388.5,494,10,27.75,2,129.5,164.66666666666666,1.5,0,1,0.6286028526534077,Medium Risk,Loyalty incentive
13859,235,1,201.16,129,27,7.184285714285714,1,201.16,129.0,1.0,0,1,0.7053271154161184,High Risk,Low-cost win-back email
13862,17,6,1781.3,1277,77,16.19363636363636,6,296.8833333333333,212.83333333333334,1.0,1,0,0.08393728967960247,Low Risk,Maintain standard engagement
13863,157,1,305.78,224,20,15.288999999999998,1,305.78,224.0,1.0,0,1,0.6753838858337573,High Risk,Low-cost win-back email
13865,46,3,383.34000000000003,154,23,16.66695652173913,3,127.78000000000002,51.333333333333336,1.0,1,0,0.47337306660935496,Medium Risk,Loyalty incentive
13867,127,1,138.85,31,8,17.35625,1,138.85,31.0,1.0,1,0,0.7607052655406301,High Risk,Low-cost win-back email
13869,32,4,3104.95,1721,234,10.11384364820847,4,776.2375,430.25,1.0,0,1,0.3205196231389843,Low Risk,Maintain standard engagement
13870,11,5,2179.4700000000003,1058,82,24.766704545454548,4,435.89400000000006,211.6,1.25,1,0,0.14624651371629938,Low Risk,Maintain standard engagement
13871,1,9,4612.64,1950,120,18.827102040816328,8,512.5155555555556,216.66666666666666,1.125,1,0,0.03305276333258798,Low Risk,Maintain standard engagement
13873,29,3,389.6,140,21,16.93913043478261,3,129.86666666666667,46.666666666666664,1.0,0,1,0.5362791789155241,Medium Risk,Loyalty incentive
13874,267,1,540.45,180,18,30.025000000000002,1,540.45,180.0,1.0,0,1,0.7018576001516689,High Risk,Priority reactivation campaign
13875,43,4,1424.8,1005,66,17.590123456790124,4,356.2,251.25,1.0,1,0,0.24674451386900775,Low Risk,Maintain standard engagement
13880,54,8,1680.76,852,69,19.099545454545453,7,210.095,106.5,1.1428571428571428,1,0,0.06881679545125798,Low Risk,Maintain standard engagement
13881,5,11,9398.68,5928,65,77.67504132231406,8,854.4254545454546,538.9090909090909,1.375,1,0,0.034039370941488345,Low Risk,Maintain standard engagement
13883,128,4,1742.78,904,94,18.540212765957445,2,435.695,226.0,2.0,1,0,0.35642518459027656,Medium Risk,Loyalty incentive
13884,186,3,196.25,65,10,19.625,1,65.41666666666667,21.666666666666668,3.0,1,0,0.604292572284411,Medium Risk,Loyalty incentive
13885,98,2,506.8,182,28,18.1,2,253.4,91.0,1.0,0,1,0.5712439009496738,Medium Risk,Standard retention email
13887,113,1,349.55,147,19,18.397368421052633,1,349.55,147.0,1.0,0,1,0.6867891003631476,High Risk,Low-cost win-back email
13888,29,2,605.63,258,38,15.14075,2,302.815,129.0,1.0,0,1,0.4375221841463279,Medium Risk,Standard retention email
13889,2,1,416.90000000000003,146,15,27.793333333333337,1,416.90000000000003,146.0,1.0,0,1,0.6371306841066969,Medium Risk,Standard retention email
13890,16,2,501.11,271,25,16.703666666666667,2,250.555,135.5,1.0,1,0,0.4676657454886899,Medium Risk,Standard retention email
13892,156,1,54.519999999999996,140,3,18.173333333333332,1,54.519999999999996,140.0,1.0,1,0,0.7447211317721115,High Risk,Low-cost win-back email
13893,207,1,821.1,190,21,39.1,1,821.1,190.0,1.0,0,1,0.6869405505037591,High Risk,Priority reactivation campaign
13894,219,1,160.85,105,10,16.085,1,160.85,105.0,1.0,1,0,0.7382732544008291,High Risk,Low-cost win-back email
13895,52,2,937.3000000000001,436,39,20.82888888888889,2,468.65000000000003,218.0,1.0,1,0,0.478403612832711,Medium Risk,Standard retention email
13898,235,1,155.93,133,12,12.994166666666667,1,155.93,133.0,1.0,0,1,0.7235450149191252,High Risk,Low-cost win-back email
13899,184,1,298.5,122,15,19.9,1,298.5,122.0,1.0,1,0,0.6942066800261721,High Risk,Low-cost win-back email
13900,92,3,740.95,430,42,17.23139534883721,3,246.98333333333335,143.33333333333334,1.0,0,1,0.3980418645625052,Medium Risk,Loyalty incentive
13901,17,4,2652.28,1547,129,19.79313432835821,4,663.07,386.75,1.0,1,0,0.28928549968306827,Low Risk,Maintain standard engagement
13904,204,1,201.12,223,17,11.830588235294117,1,201.12,223.0,1.0,1,0,0.684850730714098,High Risk,Low-cost win-back email
13908,36,3,1461.61,919,65,19.231710526315787,3,487.2033333333333,306.3333333333333,1.0,1,0,0.298306456396598,Low Risk,Maintain standard engagement
13911,53,8,2437.63,2189,120,16.92798611111111,5,304.70375,273.625,1.6,1,0,0.06135184184607807,Low Risk,Maintain standard engagement
13917,100,1,65.38,38,5,13.075999999999999,1,65.38,38.0,1.0,1,0,0.6947976983388033,High Risk,Low-cost win-back email
13918,162,1,198.2,100,8,24.775,1,198.2,100.0,1.0,1,0,0.7423939615056392,High Risk,Low-cost win-back email
13919,31,1,213.15,338,16,13.321875,1,213.15,338.0,1.0,1,0,0.5729822062595932,Medium Risk,Standard retention email
13922,261,1,172.25,93,7,24.607142857142858,1,172.25,93.0,1.0,0,1,0.7668350539818536,High Risk,Low-cost win-back email
13925,1,4,678.25,331,28,16.54268292682927,3,169.5625,82.75,1.3333333333333333,0,1,0.4632075330453997,Medium Risk,Loyalty incentive
13928,16,2,225.45000000000002,87,13,17.342307692307692,2,112.72500000000001,43.5,1.0,1,0,0.5303233244426232,Medium Risk,Standard retention email
13929,78,2,842.65,143,8,93.62777777777778,2,421.325,71.5,1.0,0,1,0.706632626165558,High Risk,Priority reactivation campaign
13930,46,1,210.0,210,10,21.0,1,210.0,210.0,1.0,1,0,0.5923757558559529,Medium Risk,Standard retention email
13931,5,2,1237.53,725,56,21.336724137931036,2,618.765,362.5,1.0,0,1,0.4491789159835606,Medium Risk,Standard retention email
13932,204,1,307.4,72,16,19.2125,1,307.4,72.0,1.0,0,1,0.7643061778209945,High Risk,Low-cost win-back email
13933,18,2,608.7900000000001,205,23,26.469130434782613,2,304.39500000000004,102.5,1.0,0,1,0.5177122610306658,Medium Risk,Standard retention email
13934,173,1,922.1,390,31,29.74516129032258,1,922.1,390.0,1.0,0,1,0.7042269540909308,High Risk,Priority reactivation campaign
13936,89,1,376.58,330,26,14.483846153846153,1,376.58,330.0,1.0,0,1,0.6162755641815012,Medium Risk,Standard retention email
13937,78,1,158.85,123,9,17.65,1,158.85,123.0,1.0,0,1,0.6578486842796466,Medium Risk,Standard retention email
13939,18,2,390.21,657,32,11.476764705882353,2,195.105,328.5,1.0,1,0,0.4433489137215406,Medium Risk,Standard retention email
13940,25,2,391.06,240,25,14.483703703703704,2,195.53,120.0,1.0,1,0,0.42741861167846795,Medium Risk,Standard retention email
13941,81,3,2831.26,1382,20,101.11642857142859,3,943.7533333333334,460.6666666666667,1.0,1,0,0.2884888548014613,Low Risk,Maintain standard engagement
13946,111,2,485.96999999999997,263,9,53.99666666666666,2,242.98499999999999,131.5,1.0,1,0,0.5511839349428403,Medium Risk,Standard retention email
13948,270,1,102.0,40,3,34.0,1,102.0,40.0,1.0,0,1,0.7760417598653324,High Risk,Low-cost win-back email
13949,4,1,537.9,542,38,14.155263157894737,1,537.9,542.0,1.0,1,0,0.537667062898031,Medium Risk,Standard retention email
13950,156,1,179.30999999999997,81,7,25.615714285714283,1,179.30999999999997,81.0,1.0,1,0,0.7620768874539492,High Risk,Low-cost win-back email
13951,85,3,674.45,459,38,17.293589743589745,3,224.8166666666667,153.0,1.0,0,1,0.41392990702825,Medium Risk,Loyalty incentive
13952,127,2,3251.071,1431,120,23.730445255474454,2,1625.5355,715.5,1.0,0,1,0.3404171555776556,Medium Risk,Standard retention email
13953,25,5,2604.36,2048,8,217.03,5,520.8720000000001,409.6,1.0,1,0,0.21139236890681817,Low Risk,Maintain standard engagement
13955,63,2,322.96,154,33,9.786666666666665,2,161.48,77.0,1.0,0,1,0.555194707969925,Medium Risk,Standard retention email
13956,47,3,680.27,385,95,6.0738392857142856,3,226.75666666666666,128.33333333333334,1.0,1,0,0.2620820055991263,Low Risk,Maintain standard engagement
13959,190,2,337.44,198,31,9.92470588235294,2,168.72,99.0,1.0,1,0,0.5260805871523662,Medium Risk,Standard retention email
13962,155,1,117.6,30,7,16.8,1,117.6,30.0,1.0,1,0,0.7557583476887356,High Risk,Low-cost win-back email
13963,217,4,664.54,460,35,18.986857142857144,3,166.135,115.0,1.3333333333333333,0,1,0.4370358714304606,Medium Risk,Loyalty incentive
13967,55,1,80.7,42,2,40.35,1,80.7,42.0,1.0,0,1,0.7060417684677733,High Risk,Low-cost win-back email
13969,16,11,3911.35,1983,221,11.111789772727272,8,355.5772727272727,180.27272727272728,1.375,1,0,0.013724502590914059,Low Risk,Maintain standard engagement
13971,15,6,1985.9,1332,95,18.387962962962963,5,330.98333333333335,222.0,1.2,1,0,0.08906029381971982,Low Risk,Maintain standard engagement
13972,111,1,145.9,42,9,16.211111111111112,1,145.9,42.0,1.0,1,0,0.6729448523892876,High Risk,Low-cost win-back email
13973,196,1,264.7,109,11,24.063636363636363,1,264.7,109.0,1.0,0,1,0.7197612913885458,High Risk,Low-cost win-back email
13975,37,4,1497.71,967,166,6.998644859813084,4,374.4275,241.75,1.0,1,0,0.2730706410501091,Low Risk,Maintain standard engagement
13976,116,1,357.98,154,10,35.798,1,357.98,154.0,1.0,0,1,0.7127718237965708,High Risk,Low-cost win-back email
13982,72,3,1230.1399999999999,783,45,16.851232876712327,3,410.0466666666666,261.0,1.0,1,0,0.338546886287699,Medium Risk,Loyalty incentive
13983,96,8,1681.06,793,65,22.11921052631579,6,210.1325,99.125,1.3333333333333333,1,0,0.09126918396537087,Low Risk,Maintain standard engagement
13984,35,4,819.33,647,10,68.2775,4,204.8325,161.75,1.0,1,0,0.32072039222965204,Low Risk,Maintain standard engagement
13985,16,7,2773.04,1380,55,17.775897435897434,5,396.1485714285714,197.14285714285714,1.4,1,0,0.06735969954750122,Low Risk,Maintain standard engagement
13988,72,3,1923.5,1290,99,17.174107142857142,3,641.1666666666666,430.0,1.0,1,0,0.23714168592452312,Low Risk,Maintain standard engagement
13989,148,1,896.6700000000001,869,23,38.985652173913046,1,896.6700000000001,869.0,1.0,1,0,0.6082986070381111,Medium Risk,Standard retention email
13990,122,1,311.3,190,16,19.45625,1,311.3,190.0,1.0,0,1,0.6670304342127025,High Risk,Low-cost win-back email
13991,52,1,126.35,83,7,18.05,1,126.35,83.0,1.0,1,0,0.6159077637901995,Medium Risk,Standard retention email
13993,10,6,2247.41,653,59,24.16569892473118,6,374.5683333333333,108.83333333333333,1.0,1,0,0.13174238808070635,Low Risk,Maintain standard engagement
13994,15,2,419.56,133,18,19.97904761904762,2,209.78,66.5,1.0,1,0,0.5127105751904062,Medium Risk,Standard retention email
13995,25,3,871.9,608,39,16.146296296296295,3,290.6333333333333,202.66666666666666,1.0,1,0,0.3319407287269981,Medium Risk,Loyalty incentive
13999,5,9,2868.9700000000003,1733,90,18.629675324675325,8,318.7744444444445,192.55555555555554,1.125,1,0,0.028497039952807796,Low Risk,Maintain standard engagement
14000,120,1,635.66,710,15,42.37733333333333,1,635.66,710.0,1.0,0,1,0.6991140937389796,High Risk,Priority reactivation campaign
14001,142,2,1309.14,632,21,54.54750000000001,2,654.57,316.0,1.0,1,0,0.5112880685107167,Medium Risk,Standard retention email
14002,43,2,529.73,877,47,11.270851063829788,1,264.865,438.5,2.0,0,1,0.5271359110709866,Medium Risk,Standard retention email
14004,7,5,3203.26,1676,69,27.8544347826087,4,640.652,335.2,1.25,1,0,0.14166428027641292,Low Risk,Maintain standard engagement
14005,43,3,696.56,864,29,18.330526315789474,3,232.18666666666664,288.0,1.0,1,0,0.37001063244383,Medium Risk,Loyalty incentive
14006,25,3,962.19,641,22,32.073,3,320.73,213.66666666666666,1.0,0,1,0.3595331614850811,Medium Risk,Loyalty incentive
14009,107,2,695.61,365,42,16.562142857142856,1,347.805,182.5,2.0,0,1,0.5097915315574418,Medium Risk,Standard retention email
14012,187,1,328.8,160,11,29.89090909090909,1,328.8,160.0,1.0,0,1,0.7340684168481647,High Risk,Low-cost win-back email
14013,19,3,473.02,462,30,13.91235294117647,3,157.67333333333332,154.0,1.0,0,1,0.49366188267616745,Medium Risk,Loyalty incentive
14016,71,4,4341.21,2125,154,26.964037267080744,4,1085.3025,531.25,1.0,0,1,0.2928141366152768,Low Risk,Maintain standard engagement
14019,7,2,800.53,553,28,19.060238095238095,2,400.265,276.5,1.0,1,0,0.4475734971394662,Medium Risk,Standard retention email
14021,64,3,631.9,192,22,28.722727272727273,3,210.63333333333333,64.0,1.0,0,1,0.4735036314736129,Medium Risk,Loyalty incentive
14022,134,1,440.0,487,28,15.714285714285714,1,440.0,487.0,1.0,0,1,0.7396614189966755,High Risk,Low-cost win-back email
14023,159,1,273.14,162,16,17.07125,1,273.14,162.0,1.0,1,0,0.6847820169390892,High Risk,Low-cost win-back email
14024,31,2,327.7,150,16,20.48125,1,163.85,75.0,2.0,0,1,0.6294833738587869,Medium Risk,Standard retention email
14029,53,1,165.20000000000002,24,6,27.533333333333335,1,165.20000000000002,24.0,1.0,1,0,0.6560060808212818,Medium Risk,Standard retention email
14030,30,6,1657.5,860,147,10.106707317073171,4,276.25,143.33333333333334,1.5,1,0,0.12485359358422654,Low Risk,Maintain standard engagement
14031,35,13,9627.03,3588,101,55.32775862068966,7,740.5407692307692,276.0,1.8571428571428572,1,0,0.029631775198562357,Low Risk,Maintain standard engagement
14032,78,6,1845.37,1325,43,19.222604166666667,5,307.56166666666667,220.83333333333334,1.2,1,0,0.11830718213276122,Low Risk,Maintain standard engagement
14034,66,2,473.90999999999997,307,23,18.9564,1,236.95499999999998,153.5,2.0,1,0,0.5847833465830431,Medium Risk,Standard retention email
14035,16,3,837.26,447,18,32.20230769230769,3,279.08666666666664,149.0,1.0,1,0,0.3473527374169449,Medium Risk,Loyalty incentive
14036,194,1,626.65,268,38,16.49078947368421,1,626.65,268.0,1.0,0,1,0.7211196248965508,High Risk,Priority reactivation campaign
14037,85,2,147.20000000000002,46,27,5.257142857142858,2,73.60000000000001,23.0,1.0,0,1,0.7439918477407388,High Risk,Low-cost win-back email
14038,53,2,1086.42,701,49,16.71415384615385,2,543.21,350.5,1.0,1,0,0.44070809880304795,Medium Risk,Standard retention email
14040,3,10,2748.31,1289,122,15.43994382022472,7,274.831,128.9,1.4285714285714286,1,0,0.02520503386835132,Low Risk,Maintain standard engagement
14041,175,1,141.41,94,21,6.733809523809524,1,141.41,94.0,1.0,0,1,0.7196740115560692,High Risk,Low-cost win-back email
14044,12,3,542.11,251,144,2.9303243243243244,3,180.70333333333335,83.66666666666667,1.0,1,0,0.2140559263936834,Low Risk,Maintain standard engagement
14045,18,4,1659.75,535,4,276.625,3,414.9375,133.75,1.3333333333333333,0,1,0.5173802962524575,Medium Risk,Loyalty incentive
14046,193,1,154.99,460,14,11.070714285714287,1,154.99,460.0,1.0,0,1,0.7149566009561837,High Risk,Low-cost win-back email
14047,109,3,635.92,210,15,35.32888888888888,3,211.97333333333333,70.0,1.0,1,0,0.43153708062320345,Medium Risk,Loyalty incentive
14048,214,1,409.93,288,83,4.822705882352941,1,409.93,288.0,1.0,0,1,0.6608572313186737,High Risk,Low-cost win-back email
14049,68,3,3285.39,2171,211,11.903586956521739,3,1095.1299999999999,723.6666666666666,1.0,1,0,0.24251529718880402,Low Risk,Maintain standard engagement
14050,15,1,485.98,447,37,13.134594594594596,1,485.98,447.0,1.0,1,0,0.5517058767281662,Medium Risk,Standard retention email
14051,1,16,9271.84,2287,43,71.87472868217054,10,579.49,142.9375,1.6,1,0,0.025434988519305854,Low Risk,Maintain standard engagement
14053,33,2,260.25,215,2,65.0625,2,130.125,107.5,1.0,0,1,0.5809146767758726,Medium Risk,Standard retention email
14055,15,1,725.6400000000001,216,10,72.56400000000001,1,725.6400000000001,216.0,1.0,0,1,0.6662634061386299,High Risk,Priority reactivation campaign
14056,16,17,5382.51,2877,274,7.2248456375838925,7,316.61823529411765,169.23529411764707,2.4285714285714284,1,0,0.017828876047608626,Low Risk,Maintain standard engagement
14057,10,13,4811.98,3948,155,20.218403361344535,8,370.15230769230766,303.6923076923077,1.625,1,0,0.01598691610548868,Low Risk,Maintain standard engagement
14059,176,1,183.6,128,8,22.95,1,183.6,128.0,1.0,0,1,0.7405891671315509,High Risk,Low-cost win-back email
14060,17,14,4102.78,3770,67,29.51640287769784,9,293.05571428571426,269.2857142857143,1.5555555555555556,1,0,0.012827028445558704,Low Risk,Maintain standard engagement
14062,1,10,8800.67,4143,57,91.67364583333334,7,880.067,414.3,1.4285714285714286,1,0,0.03554797972090147,Low Risk,Maintain standard engagement
14064,22,4,1097.6799999999998,1513,44,18.925517241379307,3,274.41999999999996,378.25,1.3333333333333333,1,0,0.2506971068492056,Low Risk,Maintain standard engagement
14066,176,1,152.55,45,7,21.792857142857144,1,152.55,45.0,1.0,0,1,0.7687802709233648,High Risk,Low-cost win-back email
14067,6,1,224.67,216,25,8.986799999999999,1,224.67,216.0,1.0,1,0,0.5331862551012554,Medium Risk,Standard retention email
14068,229,1,265.85,73,22,11.077083333333334,1,265.85,73.0,1.0,0,1,0.7360347689471568,High Risk,Low-cost win-back email
14071,169,2,356.81,295,22,12.303793103448276,1,178.405,147.5,2.0,1,0,0.6641455438209521,High Risk,Low-cost win-back email
14075,170,1,307.92,270,18,17.10666666666667,1,307.92,270.0,1.0,1,0,0.7018743364323597,High Risk,Low-cost win-back email
14076,38,1,122.47,81,43,2.662391304347826,1,122.47,81.0,1.0,0,1,0.5324770329797043,Medium Risk,Standard retention email
14077,91,3,310.4,148,30,9.129411764705882,3,103.46666666666665,49.333333333333336,1.0,1,0,0.47715793428623443,Medium Risk,Loyalty incentive
14078,11,6,1049.37,310,46,16.144153846153845,6,174.89499999999998,51.666666666666664,1.0,0,1,0.4741253862517946,Medium Risk,Loyalty incentive
14079,34,1,375.1,301,12,31.258333333333336,1,375.1,301.0,1.0,0,1,0.6488347061722768,Medium Risk,Standard retention email
14081,211,2,934.52,596,126,6.10797385620915,2,467.26,298.0,1.0,0,1,0.42060135970770046,Medium Risk,Standard retention email
14082,274,1,182.25,110,28,6.2844827586206895,1,182.25,110.0,1.0,0,1,0.6870700636882827,High Risk,Low-cost win-back email
14083,35,7,548.92,401,92,5.38156862745098,5,78.41714285714285,57.285714285714285,1.4,1,0,0.21663966383826988,Low Risk,Maintain standard engagement
14085,50,12,3248.19,2197,228,9.387832369942197,7,270.6825,183.08333333333334,1.7142857142857142,1,0,0.02303049030612486,Low Risk,Maintain standard engagement
14088,38,7,25507.89,7074,232,86.46742372881356,4,3643.9842857142858,1010.5714285714286,1.75,1,0,0.12578232746372675,Low Risk,Maintain standard engagement
14090,234,1,76.32000000000001,72,1,76.32000000000001,1,76.32000000000001,72.0,1.0,0,1,0.794950588394462,High Risk,Low-cost win-back email
14092,9,10,2745.42,1495,96,17.48675159235669,8,274.54200000000003,149.5,1.25,1,0,0.02794564511414687,Low Risk,Maintain standard engagement
14096,7,2,125.06,42,24,5.0024,2,62.53,21.0,1.0,1,0,0.5878330495356601,Medium Risk,Standard retention email
14099,29,8,2309.92,1726,143,11.5496,8,288.74,215.75,1.0,1,0,0.03446756107198969,Low Risk,Maintain standard engagement
14100,47,1,194.9,64,24,7.496153846153846,1,194.9,64.0,1.0,0,1,0.6305121272521146,Medium Risk,Standard retention email
14101,52,5,4944.389999999999,6406,15,164.813,5,988.8779999999999,1281.2,1.0,1,0,0.16677381804114766,Low Risk,Maintain standard engagement
14104,63,2,216.20999999999998,72,21,10.295714285714284,2,108.10499999999999,36.0,1.0,0,1,0.6827845311621019,High Risk,Low-cost win-back email
14105,148,1,1266.23,800,74,17.111216216216217,1,1266.23,800.0,1.0,0,1,0.6108099450052272,Medium Risk,Standard retention email
14107,5,6,2461.94,1606,58,21.40817391304348,6,410.3233333333333,267.6666666666667,1.0,1,0,0.09464910035334632,Low Risk,Maintain standard engagement
14108,11,1,291.33,209,16,18.208125,1,291.33,209.0,1.0,1,0,0.5408406776366027,Medium Risk,Standard retention email
14110,28,5,3259.62,1534,65,31.95705882352941,5,651.924,306.8,1.0,1,0,0.14252373996531914,Low Risk,Maintain standard engagement
14111,5,3,295.5,202,5,59.1,3,98.5,67.33333333333333,1.0,1,0,0.4606278619725749,Medium Risk,Loyalty incentive
14112,40,4,1900.82,1148,89,17.280181818181816,3,475.205,287.0,1.3333333333333333,1,0,0.18823488182754405,Low Risk,Maintain standard engagement
14113,264,1,433.5,102,2,216.75,1,433.5,102.0,1.0,1,0,0.7558154052731774,High Risk,Low-cost win-back email
14114,183,2,386.53,101,15,25.768666666666665,2,193.265,50.5,1.0,0,1,0.6917458091563553,High Risk,Low-cost win-back email
14116,2,2,628.87,380,29,19.05666666666667,2,314.435,190.0,1.0,1,0,0.4741989421401426,Medium Risk,Standard retention email
14117,53,1,90.0,72,3,30.0,1,90.0,72.0,1.0,0,1,0.710741151224831,High Risk,Low-cost win-back email
14127,32,3,709.71,321,39,16.129772727272726,3,236.57000000000002,107.0,1.0,0,1,0.3856212850870284,Medium Risk,Loyalty incentive
14128,165,1,305.54,269,22,13.888181818181819,1,305.54,269.0,1.0,1,0,0.6866043042178347,High Risk,Low-cost win-back email
14129,5,3,726.23,355,28,21.35970588235294,2,242.07666666666668,118.33333333333333,1.5,1,0,0.4539951443767534,Medium Risk,Loyalty incentive
14130,228,1,483.86,258,66,7.221791044776119,1,483.86,258.0,1.0,0,1,0.7095690432414705,High Risk,Low-cost win-back email
14132,23,5,1552.46,1420,48,17.844367816091953,3,310.492,284.0,1.6666666666666667,1,0,0.11548260863325659,Low Risk,Maintain standard engagement
14133,39,3,605.64,348,25,21.63,2,201.88,116.0,1.5,0,1,0.48959970334264047,Medium Risk,Loyalty incentive
14135,14,10,3190.32,3364,82,30.09735849056604,5,319.03200000000004,336.4,2.0,1,0,0.05872895210645573,Low Risk,Maintain standard engagement
14141,14,1,285.16,140,16,17.8225,1,285.16,140.0,1.0,1,0,0.5522214856234907,Medium Risk,Standard retention email
14142,282,1,311.81,313,22,14.173181818181819,1,311.81,313.0,1.0,0,1,0.7207989853005797,High Risk,Low-cost win-back email
14143,43,1,115.8,30,7,16.54285714285714,1,115.8,30.0,1.0,0,1,0.6161712449001007,Medium Risk,Standard retention email
14145,66,3,2851.2,576,6,356.4,2,950.4,192.0,1.5,1,0,0.49662492727410856,Medium Risk,Loyalty incentive
14146,164,2,1903.73,811,62,29.288153846153847,2,951.865,405.5,1.0,1,0,0.39268517171236905,Medium Risk,Standard retention email
14147,195,1,182.8,40,2,91.4,1,182.8,40.0,1.0,1,0,0.7733486504101638,High Risk,Low-cost win-back email
14148,143,1,157.2,16,3,52.4,1,157.2,16.0,1.0,0,1,0.78316271048683,High Risk,Low-cost win-back email
14149,130,1,446.62,218,28,15.950714285714286,1,446.62,218.0,1.0,0,1,0.6983670753801021,High Risk,Low-cost win-back email
14150,269,1,306.18,262,12,25.515,1,306.18,262.0,1.0,1,0,0.665110121730325,High Risk,Low-cost win-back email
14152,143,1,314.51,369,29,10.845172413793103,1,314.51,369.0,1.0,1,0,0.7189281499024373,High Risk,Low-cost win-back email
14154,148,2,1345.62,465,52,25.87730769230769,1,672.81,232.5,2.0,0,1,0.6368912579276651,Medium Risk,Standard retention email
14155,175,1,118.75,25,6,19.791666666666668,1,118.75,25.0,1.0,0,1,0.7808250795476982,High Risk,Low-cost win-back email
14156,2,42,98858.34,48833,642,82.24487520798668,10,2353.77,1162.6904761904761,4.2,1,0,0.024604161962316635,Low Risk,Maintain standard engagement
14157,194,1,277.17,199,36,7.106923076923077,1,277.17,199.0,1.0,1,0,0.6132202691552981,Medium Risk,Standard retention email
14159,5,7,2759.89,2528,399,3.780671232876712,5,394.27,361.14285714285717,1.4,1,0,0.0940140912901007,Low Risk,Maintain standard engagement
14161,125,3,1110.52,455,87,10.282592592592593,3,370.17333333333335,151.66666666666666,1.0,0,1,0.33253771761117096,Medium Risk,Loyalty incentive
14162,83,2,289.36,142,25,11.5744,2,144.68,71.0,1.0,0,1,0.5921657546473836,Medium Risk,Standard retention email
14163,61,3,1659.39,589,31,39.50928571428572,3,553.13,196.33333333333334,1.0,1,0,0.3297080332538884,Low Risk,Maintain standard engagement
14165,185,1,122.53999999999999,54,23,4.901599999999999,1,122.53999999999999,54.0,1.0,0,1,0.6858846099952245,High Risk,Low-cost win-back email
14167,74,3,402.1,106,23,9.807317073170733,3,134.03333333333333,35.333333333333336,1.0,1,0,0.5204306204570276,Medium Risk,Loyalty incentive
14171,7,1,363.79,167,57,6.272241379310345,1,363.79,167.0,1.0,0,1,0.5052712024805257,Medium Risk,Standard retention email
14173,128,1,114.04,40,11,10.367272727272727,1,114.04,40.0,1.0,1,0,0.7370717406465853,High Risk,Low-cost win-back email
14175,80,2,1205.99,626,58,20.440508474576273,2,602.995,313.0,1.0,1,0,0.4018170973181692,Medium Risk,Standard retention email
14176,206,4,576.9000000000001,209,28,18.609677419354842,3,144.22500000000002,52.25,1.3333333333333333,0,1,0.6764767747662589,High Risk,Priority reactivation campaign
14177,5,3,309.41,145,37,7.933589743589744,2,103.13666666666667,48.333333333333336,1.5,1,0,0.44302217307096775,Medium Risk,Loyalty incentive
14178,7,3,493.36,396,87,4.743846153846154,3,164.45333333333335,132.0,1.0,1,0,0.24953706675586956,Low Risk,Maintain standard engagement
14180,15,21,4110.12,619,107,19.206168224299066,9,195.72,29.476190476190474,2.3333333333333335,1,0,0.054314048635278146,Low Risk,Maintain standard engagement
14185,240,1,197.65,6,3,65.88333333333334,1,197.65,6.0,1.0,0,1,0.8013497246926075,High Risk,Low-cost win-back email
14188,18,4,1383.46,783,25,32.173488372093026,4,345.865,195.75,1.0,1,0,0.28280778995248324,Low Risk,Maintain standard engagement
14189,5,11,3267.92,2720,125,17.760434782608694,9,297.08363636363634,247.27272727272728,1.2222222222222223,1,0,0.021780414156844077,Low Risk,Maintain standard engagement
14191,17,7,2258.26,1388,71,19.984601769911507,4,322.60857142857145,198.28571428571428,1.75,1,0,0.08000065508306294,Low Risk,Maintain standard engagement
14193,179,1,422.53999999999996,250,23,18.371304347826086,1,422.53999999999996,250.0,1.0,1,0,0.7243739447575721,High Risk,Low-cost win-back email
14194,15,12,5666.45,3243,203,17.875236593059935,6,472.20416666666665,270.25,2.0,1,0,0.028887823232805084,Low Risk,Maintain standard engagement
14195,111,2,1012.0,760,7,144.57142857142858,2,506.0,380.0,1.0,0,1,0.6456392075779505,Medium Risk,Standard retention email
14196,16,1,335.52,142,6,55.919999999999995,1,335.52,142.0,1.0,0,1,0.7013251724609975,High Risk,Low-cost win-back email
14198,54,2,356.95,167,21,16.997619047619047,2,178.475,83.5,1.0,1,0,0.4559664607747005,Medium Risk,Standard retention email
14199,127,1,185.39999999999998,28,2,92.69999999999999,1,185.39999999999998,28.0,1.0,0,1,0.763779128441866,High Risk,Low-cost win-back email
14201,58,5,521.24,360,19,21.718333333333334,5,104.248,72.0,1.0,1,0,0.5096970234825494,Medium Risk,Loyalty incentive
14205,173,1,222.9,126,14,15.921428571428573,1,222.9,126.0,1.0,1,0,0.7023541887866901,High Risk,Low-cost win-back email
14206,148,1,328.15999999999997,276,20,16.407999999999998,1,328.15999999999997,276.0,1.0,0,1,0.7181487051435306,High Risk,Low-cost win-back email
14208,3,1,151.74,114,10,15.174000000000001,1,151.74,114.0,1.0,0,1,0.60979921208614,Medium Risk,Standard retention email
14209,30,5,1876.33,657,54,23.164567901234566,5,375.26599999999996,131.4,1.0,1,0,0.18782699415592394,Low Risk,Maintain standard engagement
14210,15,6,1905.8400000000001,760,66,18.684705882352944,6,317.64000000000004,126.66666666666667,1.0,0,1,0.12258468320849306,Low Risk,Maintain standard engagement
14211,6,6,1129.93,593,53,18.52344262295082,4,188.3216666666667,98.83333333333333,1.5,1,0,0.14851826169911714,Low Risk,Maintain standard engagement
14214,65,3,899.16,671,56,15.24,3,299.71999999999997,223.66666666666666,1.0,1,0,0.26701943498104924,Low Risk,Maintain standard engagement
14215,96,4,1098.27,589,58,17.714032258064517,3,274.5675,147.25,1.3333333333333333,1,0,0.22719799311681257,Low Risk,Maintain standard engagement
14217,9,10,1211.5,380,54,19.23015873015873,9,121.15,38.0,1.1111111111111112,1,0,0.16079388261132221,Low Risk,Maintain standard engagement
14220,156,2,632.4,272,21,30.114285714285714,2,316.2,136.0,1.0,0,1,0.5955687063011001,Medium Risk,Standard retention email
14221,22,7,2617.0099999999998,1546,91,19.102262773722625,5,373.8585714285714,220.85714285714286,1.4,1,0,0.06603003265124803,Low Risk,Maintain standard engagement
14222,86,1,683.17,607,41,16.662682926829266,1,683.17,607.0,1.0,0,1,0.5982206139710601,Medium Risk,Standard retention email
14223,1,3,991.13,585,50,16.518833333333333,3,330.37666666666667,195.0,1.0,0,1,0.33594928669748136,Medium Risk,Loyalty incentive
14224,19,4,1050.12,514,105,8.899322033898304,4,262.53,128.5,1.0,0,1,0.290996923017036,Low Risk,Maintain standard engagement
14226,119,2,1709.4,1087,40,40.7,2,854.7,543.5,1.0,1,0,0.43428612981731135,Medium Risk,Standard retention email
14227,105,7,2399.52,1279,104,17.906865671641793,3,342.7885714285714,182.71428571428572,2.3333333333333335,1,0,0.15079021058551897,Low Risk,Maintain standard engagement
14229,201,2,762.13,303,23,29.31269230769231,2,381.065,151.5,1.0,1,0,0.5209929804147688,Medium Risk,Standard retention email
14231,93,3,925.71,409,47,18.514200000000002,3,308.57,136.33333333333334,1.0,0,1,0.36683065885198224,Medium Risk,Loyalty incentive
14232,24,4,1573.33,1503,71,17.28934065934066,4,393.3325,375.75,1.0,1,0,0.2542016608457756,Low Risk,Maintain standard engagement
14233,121,3,959.1,410,15,47.955,3,319.7,136.66666666666666,1.0,1,0,0.31363747033102635,Low Risk,Maintain standard engagement
14235,67,4,2802.86,1841,62,38.92861111111111,3,700.715,460.25,1.3333333333333333,1,0,0.22611754019723052,Low Risk,Maintain standard engagement
14236,281,1,189.3,38,3,63.1,1,189.3,38.0,1.0,1,0,0.7806917749580589,High Risk,Low-cost win-back email
14237,282,1,161.0,38,9,17.88888888888889,1,161.0,38.0,1.0,0,1,0.7678203695947781,High Risk,Low-cost win-back email
14238,235,1,146.85,111,8,18.35625,1,146.85,111.0,1.0,0,1,0.7525580573873292,High Risk,Low-cost win-back email
14239,4,9,1880.89,803,71,20.66912087912088,7,208.98777777777778,89.22222222222223,1.2857142857142858,1,0,0.05361041203760109,Low Risk,Maintain standard engagement
14240,135,1,226.85,79,10,22.685,1,226.85,79.0,1.0,1,0,0.761834059768259,High Risk,Low-cost win-back email
14241,93,1,213.70000000000002,146,10,21.37,1,213.70000000000002,146.0,1.0,0,1,0.6761121543559172,High Risk,Low-cost win-back email
14242,144,2,280.55,123,13,17.534375,2,140.275,61.5,1.0,0,1,0.6723188328915897,High Risk,Low-cost win-back email
14243,4,8,2305.95,1031,93,18.157086614173227,7,288.24375,128.875,1.1428571428571428,1,0,0.04857499927600358,Low Risk,Maintain standard engagement
14245,129,2,1693.45,976,107,15.680092592592594,2,846.725,488.0,1.0,0,1,0.4395883246304237,Medium Risk,Standard retention email
14246,20,3,1474.06,804,57,19.654133333333334,3,491.3533333333333,268.0,1.0,0,1,0.3457167846485595,Medium Risk,Loyalty incentive
14247,187,1,136.76999999999998,47,19,6.838499999999999,1,136.76999999999998,47.0,1.0,0,1,0.7020236699649679,High Risk,Low-cost win-back email
14248,227,1,302.58,102,8,37.8225,1,302.58,102.0,1.0,0,1,0.7440895043400698,High Risk,Low-cost win-back email
14256,169,2,969.0600000000001,414,51,18.284150943396227,2,484.53000000000003,207.0,1.0,0,1,0.5434563836525473,Medium Risk,Standard retention email
14257,32,4,2725.84,1338,84,27.2584,4,681.46,334.5,1.0,1,0,0.24940291700572748,Low Risk,Maintain standard engagement
14258,61,7,9386.32,5420,52,107.88873563218391,6,1340.902857142857,774.2857142857143,1.1666666666666667,1,0,0.11006921775779185,Low Risk,Maintain standard engagement
14259,51,1,120.0,68,5,24.0,1,120.0,68.0,1.0,0,1,0.6594082311695166,Medium Risk,Standard retention email
14262,16,3,855.0,593,42,16.764705882352942,3,285.0,197.66666666666666,1.0,1,0,0.3246893604852578,Low Risk,Maintain standard engagement
14264,64,2,333.97,70,15,19.64529411764706,2,166.985,35.0,1.0,0,1,0.6393505716266713,Medium Risk,Standard retention email
14265,18,2,530.18,330,31,17.10258064516129,2,265.09,165.0,1.0,0,1,0.4975149173516666,Medium Risk,Standard retention email
14267,72,3,1516.24,530,25,27.568,2,505.41333333333336,176.66666666666666,1.5,0,1,0.5362336082672478,Medium Risk,Loyalty incentive
14270,241,1,492.65000000000003,197,29,16.98793103448276,1,492.65000000000003,197.0,1.0,0,1,0.736108324754304,High Risk,Low-cost win-back email
14271,134,1,112.32,88,10,11.232,1,112.32,88.0,1.0,0,1,0.772780726773935,High Risk,Low-cost win-back email
14272,163,1,132.09,87,8,16.51125,1,132.09,87.0,1.0,1,0,0.7603854937989628,High Risk,Low-cost win-back email
14273,45,3,450.05,196,18,19.567391304347826,3,150.01666666666668,65.33333333333333,1.0,1,0,0.5038468931155312,Medium Risk,Loyalty incentive
14276,8,3,1119.74,744,52,17.4959375,3,373.24666666666667,248.0,1.0,0,1,0.3769973289102834,Medium Risk,Loyalty incentive
14277,121,1,1637.43,859,71,21.8324,1,1637.43,859.0,1.0,1,0,0.5330480568755792,Medium Risk,Standard retention email
14280,106,1,134.04,52,8,16.755,1,134.04,52.0,1.0,0,1,0.6838847138820677,High Risk,Low-cost win-back email
14282,19,9,2495.44,1800,58,26.547234042553193,6,277.2711111111111,200.0,1.5,1,0,0.03977398976404796,Low Risk,Maintain standard engagement
14285,86,1,5.9,2,1,5.9,1,5.9,2.0,1.0,1,0,0.41077368288425165,Medium Risk,Standard retention email
14286,152,1,2050.08,1998,141,14.539574468085107,1,2050.08,1998.0,1.0,1,0,0.4469121226236805,Medium Risk,Standard retention email
14287,108,2,83.28,216,4,20.82,1,41.64,108.0,2.0,1,0,0.5536490597132726,Medium Risk,Standard retention email
14288,122,1,426.6,188,16,26.6625,1,426.6,188.0,1.0,0,1,0.6752032864183729,High Risk,Low-cost win-back email
14289,44,5,832.78,278,33,19.828095238095237,5,166.55599999999998,55.6,1.0,1,0,0.4317099125858069,Medium Risk,Loyalty incentive
14290,271,1,777.5600000000001,220,23,33.80695652173913,1,777.5600000000001,220.0,1.0,1,0,0.6214021318442353,Medium Risk,Standard retention email
14291,30,7,2355.54,1478,96,16.946330935251797,4,336.5057142857143,211.14285714285714,1.75,1,0,0.07692052890467369,Low Risk,Maintain standard engagement
14292,55,4,2590.21,825,50,41.777580645161294,3,647.5525,206.25,1.3333333333333333,1,0,0.2248374916520668,Low Risk,Maintain standard engagement
14293,56,3,739.41,427,40,18.48525,3,246.47,142.33333333333334,1.0,1,0,0.36659092084538597,Medium Risk,Loyalty incentive
14297,184,1,232.6,78,11,21.145454545454545,1,232.6,78.0,1.0,1,0,0.7415166165651862,High Risk,Low-cost win-back email
14298,8,37,41182.51,47694,720,31.899697908597986,10,1113.0408108108109,1289.027027027027,3.7,1,0,0.020406710945776025,Low Risk,Maintain standard engagement
14299,17,5,2437.14,922,70,32.06763157894736,3,487.428,184.4,1.6666666666666667,1,0,0.15452787530482026,Low Risk,Maintain standard engagement
14301,26,1,640.14,606,13,49.24153846153846,1,640.14,606.0,1.0,0,1,0.6676627407649023,High Risk,Priority reactivation campaign
14304,132,1,383.45,139,17,22.555882352941175,1,383.45,139.0,1.0,0,1,0.7573688676791412,High Risk,Low-cost win-back email
14305,23,2,1048.45,582,62,16.642063492063492,2,524.225,291.0,1.0,1,0,0.43192387382819003,Medium Risk,Standard retention email
14307,44,4,2307.89,1711,119,16.027013888888888,4,576.9725,427.75,1.0,1,0,0.24740172673138028,Low Risk,Maintain standard engagement
14309,2,7,1633.7,1200,62,19.68313253012048,5,233.3857142857143,171.42857142857142,1.4,1,0,0.08197073208103753,Low Risk,Maintain standard engagement
14311,152,1,310.26,146,20,15.513,1,310.26,146.0,1.0,0,1,0.7231344613248165,High Risk,Low-cost win-back email
14312,96,4,854.59,385,42,17.44061224489796,4,213.6475,96.25,1.0,1,0,0.303585415527006,Low Risk,Maintain standard engagement
14314,16,1,120.0,296,8,15.0,1,120.0,296.0,1.0,0,1,0.5960979834123714,Medium Risk,Standard retention email
14315,38,5,1550.15,689,49,22.796323529411765,4,310.03000000000003,137.8,1.25,1,0,0.15386970344268996,Low Risk,Maintain standard engagement
14320,116,2,477.79,325,29,15.412580645161292,2,238.895,162.5,1.0,0,1,0.5383067301785014,Medium Risk,Standard retention email
14321,26,3,900.65,1516,75,11.546794871794871,3,300.21666666666664,505.3333333333333,1.0,1,0,0.24371843806133395,Low Risk,Maintain standard engagement
14323,24,2,605.0600000000001,350,32,16.807222222222222,2,302.53000000000003,175.0,1.0,0,1,0.48868707785868715,Medium Risk,Standard retention email
14326,151,1,183.85,103,8,22.98125,1,183.85,103.0,1.0,0,1,0.7432365350895208,High Risk,Low-cost win-back email
14327,72,1,311.65,139,12,25.97083333333333,1,311.65,139.0,1.0,0,1,0.687228555545357,High Risk,Low-cost win-back email
14329,18,4,3485.03,2184,169,18.05715025906736,4,871.2575,546.0,1.0,1,0,0.24261404699061478,Low Risk,Maintain standard engagement
14331,33,2,462.65999999999997,252,27,16.523571428571426,2,231.32999999999998,126.0,1.0,0,1,0.46439629788846304,Medium Risk,Standard retention email
14332,57,1,119.04,48,2,59.52,1,119.04,48.0,1.0,1,0,0.6308702636838238,Medium Risk,Standard retention email
14334,3,7,2328.71,1597,96,15.734527027027028,7,332.67285714285714,228.14285714285714,1.0,1,0,0.041561721757898656,Low Risk,Maintain standard engagement
14335,5,1,359.25,340,40,8.553571428571429,1,359.25,340.0,1.0,1,0,0.4848124714294727,Medium Risk,Standard retention email
14336,107,3,1114.39,989,53,18.887966101694918,2,371.46333333333337,329.6666666666667,1.5,1,0,0.32620986012042413,Low Risk,Maintain standard engagement
14338,70,2,588.22,335,30,18.97483870967742,2,294.11,167.5,1.0,0,1,0.5097382030246422,Medium Risk,Standard retention email
14339,152,1,309.52,168,14,22.108571428571427,1,309.52,168.0,1.0,0,1,0.6991286903582387,High Risk,Low-cost win-back email
14340,128,1,134.7,58,6,22.45,1,134.7,58.0,1.0,0,1,0.7600424565645124,High Risk,Low-cost win-back email
14341,39,6,1139.52,709,54,17.265454545454546,4,189.92,118.16666666666667,1.5,1,0,0.13203783767372937,Low Risk,Maintain standard engagement
14342,46,2,419.74,176,11,38.158181818181816,2,209.87,88.0,1.0,1,0,0.5022050839843445,Medium Risk,Standard retention email
14344,36,8,889.9300000000001,477,56,12.534225352112676,5,111.24125000000001,59.625,1.6,0,1,0.3478608367968138,Medium Risk,Loyalty incentive
14346,30,2,1021.58,605,55,17.026333333333334,2,510.79,302.5,1.0,0,1,0.46383328823342956,Medium Risk,Standard retention email
14348,169,1,409.57,183,18,22.753888888888888,1,409.57,183.0,1.0,0,1,0.7167239086443895,High Risk,Low-cost win-back email
14350,183,1,282.93,183,18,15.718333333333334,1,282.93,183.0,1.0,0,1,0.692706484865128,High Risk,Low-cost win-back email
14351,74,1,51.0,12,1,51.0,1,51.0,12.0,1.0,0,1,0.7281778770806115,High Risk,Low-cost win-back email
14352,66,4,1078.96,538,44,22.95659574468085,3,269.74,134.5,1.3333333333333333,0,1,0.31077715333067346,Low Risk,Maintain standard engagement
14353,124,1,90.6,64,6,15.1,1,90.6,64.0,1.0,0,1,0.7465563050454431,High Risk,Low-cost win-back email
14355,275,1,174.4,92,11,15.854545454545455,1,174.4,92.0,1.0,0,1,0.7445826015123561,High Risk,Low-cost win-back email
14360,4,1,1134.69,745,71,15.759583333333333,1,1134.69,745.0,1.0,1,0,0.4830787149440388,Medium Risk,Standard retention email
14364,18,8,3717.35,1967,61,53.87463768115942,4,464.66875,245.875,2.0,0,1,0.21717594170626148,Low Risk,Maintain standard engagement
14367,47,10,5448.45,2573,209,16.167507418397626,5,544.845,257.3,2.0,1,0,0.06007197475687427,Low Risk,Maintain standard engagement
14368,229,1,155.0,36,8,19.375,1,155.0,36.0,1.0,0,1,0.7856717943926129,High Risk,Low-cost win-back email
14371,204,1,100.5,34,4,25.125,1,100.5,34.0,1.0,0,1,0.7849013395077306,High Risk,Low-cost win-back email
14373,267,1,76.55,17,4,19.1375,1,76.55,17.0,1.0,0,1,0.8076514564951868,High Risk,Low-cost win-back email
14375,94,1,257.68,194,57,3.4357333333333333,1,257.68,194.0,1.0,0,1,0.5642757365682348,Medium Risk,Standard retention email
14377,100,2,617.05,219,11,56.095454545454544,2,308.525,109.5,1.0,0,1,0.6057216028699156,Medium Risk,Standard retention email
14379,204,1,110.98,128,17,6.528235294117647,1,110.98,128.0,1.0,1,0,0.6977538315664684,High Risk,Low-cost win-back email
14383,73,1,242.09,201,15,16.139333333333333,1,242.09,201.0,1.0,1,0,0.580016447136132,Medium Risk,Standard retention email
14386,206,1,142.4,54,7,20.342857142857145,1,142.4,54.0,1.0,0,1,0.7606679531597811,High Risk,Low-cost win-back email
14387,18,1,440.76,209,40,11.019,1,440.76,209.0,1.0,1,0,0.48653234774525855,Medium Risk,Standard retention email
14388,31,5,1835.1100000000001,1179,80,16.835871559633027,5,367.02200000000005,235.8,1.0,1,0,0.12000752253398779,Low Risk,Maintain standard engagement
14389,100,1,311.14,189,19,16.37578947368421,1,311.14,189.0,1.0,1,0,0.6234628959920107,Medium Risk,Standard retention email
14390,53,4,1592.66,740,95,11.137482517482518,4,398.165,185.0,1.0,1,0,0.2929946693151174,Low Risk,Maintain standard engagement
14393,127,1,67.95,13,5,13.59,1,67.95,13.0,1.0,0,1,0.7933719979697731,High Risk,Low-cost win-back email
14395,87,6,1966.22,972,114,10.571075268817204,6,327.7033333333333,162.0,1.0,1,0,0.13134464805371798,Low Risk,Maintain standard engagement
14396,280,1,110.35000000000001,39,34,3.245588235294118,1,110.35000000000001,39.0,1.0,1,0,0.6393783513786003,Medium Risk,Standard retention email
14397,3,10,1036.12,764,16,24.669523809523806,5,103.612,76.4,2.0,1,0,0.2925782436239442,Low Risk,Maintain standard engagement
14400,58,1,574.7,454,25,22.988000000000003,1,574.7,454.0,1.0,0,1,0.634819587574692,Medium Risk,Standard retention email
14401,5,10,3079.38,3549,78,22.980447761194032,6,307.938,354.9,1.6666666666666667,1,0,0.032469736792722186,Low Risk,Maintain standard engagement
14403,39,4,1475.81,519,17,73.7905,4,368.9525,129.75,1.0,0,1,0.2707067200938409,Low Risk,Maintain standard engagement
14404,18,5,1347.52,781,64,14.972444444444445,5,269.504,156.2,1.0,1,0,0.19272110024555367,Low Risk,Maintain standard engagement
14406,28,1,156.75,77,8,19.59375,1,156.75,77.0,1.0,0,1,0.6775616297643261,High Risk,Low-cost win-back email
14407,16,6,2157.73,1415,67,29.557945205479452,4,359.62166666666667,235.83333333333334,1.5,0,1,0.09507322829305791,Low Risk,Maintain standard engagement
14408,4,6,2298.31,1454,59,23.215252525252524,5,383.0516666666667,242.33333333333334,1.2,1,0,0.11145823724267861,Low Risk,Maintain standard engagement
14409,32,5,1943.73,1160,36,42.255,4,388.746,232.0,1.25,1,0,0.13530005920600843,Low Risk,Maintain standard engagement
14410,1,9,1105.07,571,153,5.725751295336787,6,122.78555555555555,63.44444444444444,1.5,0,1,0.3172360479615364,Low Risk,Maintain standard engagement
14411,220,1,1063.0,196,14,75.92857142857143,1,1063.0,196.0,1.0,0,1,0.7177071586583017,High Risk,Priority reactivation campaign
14413,271,1,122.7,68,22,5.334782608695653,1,122.7,68.0,1.0,0,1,0.699235006978329,High Risk,Low-cost win-back email
14414,1,7,1496.98,2512,79,15.432783505154639,4,213.8542857142857,358.85714285714283,1.75,0,1,0.09786192830585717,Low Risk,Maintain standard engagement
14415,7,9,3801.68,1809,196,9.978162729658791,9,422.4088888888889,201.0,1.0,1,0,0.035300796541192614,Low Risk,Maintain standard engagement
14418,17,1,150.44,148,17,7.917894736842105,1,150.44,148.0,1.0,1,0,0.5802677887353924,Medium Risk,Standard retention email
14419,162,2,307.56,162,45,5.302758620689655,2,153.78,81.0,1.0,1,0,0.4919092680113403,Medium Risk,Standard retention email
14420,8,1,387.52,334,29,13.362758620689654,1,387.52,334.0,1.0,0,1,0.5667384819114843,Medium Risk,Standard retention email
14421,121,1,455.18,194,15,30.345333333333333,1,455.18,194.0,1.0,1,0,0.6559411462952279,Medium Risk,Standard retention email
14422,79,2,1032.15,541,57,16.92049180327869,2,516.075,270.5,1.0,1,0,0.4531334756411029,Medium Risk,Standard retention email
14423,127,1,265.2,120,3,88.39999999999999,1,265.2,120.0,1.0,0,1,0.7340735415973344,High Risk,Low-cost win-back email
14426,50,6,2885.58,1603,151,16.583793103448276,4,480.93,267.1666666666667,1.5,1,0,0.11490042337682811,Low Risk,Maintain standard engagement
14428,149,2,330.62,145,25,11.807857142857143,2,165.31,72.5,1.0,1,0,0.6254939559066939,Medium Risk,Standard retention email
14431,212,1,470.36,130,17,27.668235294117647,1,470.36,130.0,1.0,0,1,0.7501324058146188,High Risk,Low-cost win-back email
14436,8,1,89.06,129,9,9.895555555555555,1,89.06,129.0,1.0,0,1,0.6687080958141277,High Risk,Low-cost win-back email
14437,275,1,63.0,60,5,12.6,1,63.0,60.0,1.0,0,1,0.7664587893685212,High Risk,Low-cost win-back email
14438,215,1,131.9,82,9,14.655555555555557,1,131.9,82.0,1.0,0,1,0.7688638097393823,High Risk,Low-cost win-back email
14439,229,1,2661.24,526,32,83.16375,1,2661.24,526.0,1.0,0,1,0.7029346238867256,High Risk,Priority reactivation campaign
14440,226,2,1185.71,341,25,38.248709677419356,2,592.855,170.5,1.0,1,0,0.5628405089518831,Medium Risk,Standard retention email
14441,4,2,697.4000000000001,212,22,30.321739130434786,2,348.70000000000005,106.0,1.0,1,0,0.49111808169888915,Medium Risk,Standard retention email
14442,114,2,1589.82,482,58,25.235238095238095,2,794.91,241.0,1.0,0,1,0.5306906901198902,Medium Risk,Standard retention email
14443,48,3,991.52,666,58,15.254153846153846,3,330.50666666666666,222.0,1.0,1,0,0.25807512818362377,Low Risk,Maintain standard engagement
14446,156,1,303.04,318,83,3.6510843373493977,1,303.04,318.0,1.0,1,0,0.609679686448563,Medium Risk,Standard retention email
14447,105,2,601.03,313,34,15.41102564102564,2,300.515,156.5,1.0,1,0,0.49871774284518644,Medium Risk,Standard retention email
14448,273,1,102.35000000000001,44,18,5.686111111111112,1,102.35000000000001,44.0,1.0,1,0,0.706599279192018,High Risk,Low-cost win-back email
14449,156,2,401.3,336,98,3.750467289719626,2,200.65,168.0,1.0,1,0,0.47282679205502054,Medium Risk,Standard retention email
14450,90,3,483.25,241,32,12.08125,3,161.08333333333334,80.33333333333333,1.0,0,1,0.4492818883143785,Medium Risk,Loyalty incentive
14451,104,1,360.0,204,52,6.923076923076923,1,360.0,204.0,1.0,1,0,0.5310164771945414,Medium Risk,Standard retention email
14452,3,1,127.37,46,29,4.245666666666667,1,127.37,46.0,1.0,1,0,0.5620680840652238,Medium Risk,Standard retention email
14453,99,1,119.93,49,22,5.451363636363637,1,119.93,49.0,1.0,0,1,0.6579019076614133,Medium Risk,Standard retention email
14456,40,3,636.65,576,220,2.641701244813278,1,212.21666666666667,192.0,3.0,1,0,0.38820992529751236,Medium Risk,Loyalty incentive
14457,220,1,113.64,88,4,28.41,1,113.64,88.0,1.0,0,1,0.767339340869783,High Risk,Low-cost win-back email
14459,64,1,1837.92,760,37,49.67351351351351,1,1837.92,760.0,1.0,0,1,0.6823659201058154,High Risk,Priority reactivation campaign
14460,19,3,434.34,881,14,27.14625,3,144.78,293.6666666666667,1.0,0,1,0.6071545430427651,Medium Risk,Loyalty incentive
14461,57,3,2103.06,766,173,11.683666666666666,3,701.02,255.33333333333334,1.0,0,1,0.32440769853171747,Low Risk,Maintain standard engagement
14462,30,9,1534.1,686,126,8.116931216931217,7,170.45555555555555,76.22222222222223,1.2857142857142858,1,0,0.043010993807550045,Low Risk,Maintain standard engagement
14463,7,3,529.62,179,6,88.27,3,176.54,59.666666666666664,1.0,0,1,0.4562135396577969,Medium Risk,Loyalty incentive
14465,156,3,1058.6200000000001,405,107,8.14323076923077,2,352.8733333333334,135.0,1.5,0,1,0.4417801427764449,Medium Risk,Loyalty incentive
14466,25,5,1580.45,597,28,32.92604166666667,5,316.09000000000003,119.4,1.0,1,0,0.20102599207796548,Low Risk,Maintain standard engagement
14467,222,1,131.7,37,15,8.78,1,131.7,37.0,1.0,1,0,0.7170186224453738,High Risk,Low-cost win-back email
14470,197,1,297.64,138,35,8.504,1,297.64,138.0,1.0,1,0,0.6481975783288014,Medium Risk,Standard retention email
14472,13,8,1936.84,1160,153,6.892669039145908,7,242.105,145.0,1.1428571428571428,0,1,0.15876659607729685,Low Risk,Maintain standard engagement
14473,191,1,85.0,10,1,85.0,1,85.0,10.0,1.0,1,0,0.8022748572003257,High Risk,Low-cost win-back email
14475,95,2,622.17,243,23,22.220357142857143,2,311.085,121.5,1.0,1,0,0.5232812318905188,Medium Risk,Standard retention email
14476,166,1,215.7,132,17,11.352631578947367,1,215.7,132.0,1.0,0,1,0.7084018735627018,High Risk,Low-cost win-back email
14477,93,2,523.0,300,3,174.33333333333334,2,261.5,150.0,1.0,1,0,0.5556069711477509,Medium Risk,Standard retention email
14479,163,2,316.25,117,18,17.569444444444443,2,158.125,58.5,1.0,0,1,0.6595530873965803,Medium Risk,Standard retention email
14481,74,2,636.51,489,25,21.217,2,318.255,244.5,1.0,0,1,0.5476662473058186,Medium Risk,Standard retention email
14482,8,2,465.95000000000005,234,20,22.18809523809524,2,232.97500000000002,117.0,1.0,1,0,0.47650533848202126,Medium Risk,Standard retention email
14483,191,1,137.1,97,9,15.233333333333333,1,137.1,97.0,1.0,0,1,0.7538997870220833,High Risk,Low-cost win-back email
14487,277,1,125.10000000000001,37,13,9.623076923076924,1,125.10000000000001,37.0,1.0,1,0,0.729991353606808,High Risk,Low-cost win-back email
14489,116,1,463.38,299,30,15.446,1,463.38,299.0,1.0,0,1,0.6422704281300322,Medium Risk,Standard retention email
14491,84,2,340.93,139,17,20.05470588235294,2,170.465,69.5,1.0,0,1,0.6243192338627134,Medium Risk,Standard retention email
14493,64,1,611.22,327,29,21.076551724137932,1,611.22,327.0,1.0,1,0,0.6029408132190942,Medium Risk,Standard retention email
14495,30,1,40.599999999999994,22,2,20.299999999999997,1,40.599999999999994,22.0,1.0,1,0,0.5495324672042011,Medium Risk,Standard retention email
14496,221,2,538.8100000000001,159,16,28.35842105263158,2,269.40500000000003,79.5,1.0,0,1,0.6662003545786586,High Risk,Priority reactivation campaign
14497,218,1,475.37,235,29,16.392068965517243,1,475.37,235.0,1.0,0,1,0.735790285043445,High Risk,Low-cost win-back email
14498,25,4,1281.79,689,104,10.771344537815125,4,320.4475,172.25,1.0,1,0,0.25678062645940497,Low Risk,Maintain standard engagement
14499,43,2,370.96000000000004,191,71,4.215454545454546,2,185.48000000000002,95.5,1.0,1,0,0.4155262013652057,Medium Risk,Standard retention email
14500,21,2,335.85,107,5,55.975,2,167.925,53.5,1.0,1,0,0.5965365079039955,Medium Risk,Standard retention email
14501,93,2,251.21,161,9,25.121000000000002,2,125.605,80.5,1.0,0,1,0.6314264995988861,Medium Risk,Standard retention email
14502,58,7,1176.01,540,201,4.126350877192983,5,168.00142857142856,77.14285714285714,1.4,1,0,0.12224191631225201,Low Risk,Maintain standard engagement
14503,88,1,597.07,381,40,14.926750000000002,1,597.07,381.0,1.0,1,0,0.5506522375695434,Medium Risk,Standard retention email
14504,152,3,542.71,263,81,5.653229166666667,2,180.90333333333334,87.66666666666667,1.5,1,0,0.372332477422553,Medium Risk,Loyalty incentive
14505,18,6,4255.64,1933,388,8.12145038167939,5,709.2733333333334,322.1666666666667,1.2,1,0,0.10976763386855329,Low Risk,Maintain standard engagement
14506,71,3,831.66,257,82,7.996730769230769,3,277.21999999999997,85.66666666666667,1.0,1,0,0.23588766596029714,Low Risk,Maintain standard engagement
14507,10,4,924.6899999999999,478,71,11.415925925925926,3,231.17249999999999,119.5,1.3333333333333333,1,0,0.24104083636074147,Low Risk,Maintain standard engagement
14511,1,2,329.89,145,16,20.618125,2,164.945,72.5,1.0,1,0,0.5425227837457204,Medium Risk,Standard retention email
14512,97,2,275.28,122,19,11.968695652173912,2,137.64,61.0,1.0,0,1,0.6328713374385875,Medium Risk,Standard retention email
14513,10,3,455.59000000000003,361,11,37.965833333333336,3,151.86333333333334,120.33333333333333,1.0,0,1,0.5396909508653509,Medium Risk,Loyalty incentive
14514,110,2,403.11,173,36,10.336153846153847,2,201.555,86.5,1.0,1,0,0.49343459872152856,Medium Risk,Standard retention email
14515,100,2,765.65,371,25,25.521666666666665,2,382.825,185.5,1.0,1,0,0.4962966692535674,Medium Risk,Standard retention email
14517,51,1,252.45,73,14,18.032142857142855,1,252.45,73.0,1.0,1,0,0.6141829447330898,Medium Risk,Standard retention email
14520,200,1,165.0,100,1,165.0,1,165.0,100.0,1.0,1,0,0.7500530236126091,High Risk,Low-cost win-back email
14522,1,2,760.6999999999999,419,15,50.71333333333333,2,380.34999999999997,209.5,1.0,1,0,0.4700093477078382,Medium Risk,Standard retention email
14523,17,1,241.09,251,12,20.090833333333332,1,241.09,251.0,1.0,0,1,0.6067601849763029,Medium Risk,Standard retention email
14524,87,5,1052.72,423,113,7.413521126760563,4,210.544,84.6,1.25,1,0,0.18171161172505593,Low Risk,Maintain standard engagement
14525,9,7,2926.14,1777,163,14.704221105527637,6,418.02,253.85714285714286,1.1666666666666667,1,0,0.05179560305365787,Low Risk,Maintain standard engagement
14527,8,40,5281.42,1343,263,8.265133020344289,10,132.0355,33.575,4.0,1,0,0.03141816043765269,Low Risk,Maintain standard engagement
14529,19,1,135.24,84,49,2.7048,1,135.24,84.0,1.0,1,0,0.5270326888132842,Medium Risk,Standard retention email
14530,2,5,2546.12,1066,121,13.47153439153439,5,509.224,213.2,1.0,1,0,0.14631918798161558,Low Risk,Maintain standard engagement
14532,145,4,932.85,284,45,14.57578125,4,233.2125,71.0,1.0,0,1,0.47089575423343033,Medium Risk,Loyalty incentive
14533,22,2,734.98,912,23,30.624166666666667,2,367.49,456.0,1.0,1,0,0.5351207413119027,Medium Risk,Standard retention email
14534,5,14,3035.69,1485,264,7.744107142857143,9,216.835,106.07142857142857,1.5555555555555556,1,0,0.028162441619879974,Low Risk,Maintain standard engagement
14535,36,2,1653.91,968,166,8.614114583333334,2,826.955,484.0,1.0,1,0,0.35473225751999926,Medium Risk,Standard retention email
14536,169,1,171.8,40,18,9.042105263157895,1,171.8,40.0,1.0,0,1,0.7323779985467087,High Risk,Low-cost win-back email
14538,165,1,106.5,30,3,35.5,1,106.5,30.0,1.0,1,0,0.7661678252282346,High Risk,Low-cost win-back email
14540,218,1,195.9,122,11,17.80909090909091,1,195.9,122.0,1.0,1,0,0.7124743887983638,High Risk,Low-cost win-back email
14541,78,7,1315.65,603,70,12.181944444444445,5,187.95000000000002,86.14285714285714,1.4,1,0,0.09930398725536518,Low Risk,Maintain standard engagement
14542,95,1,103.25,19,5,20.65,1,103.25,19.0,1.0,0,1,0.6984092197924916,High Risk,Low-cost win-back email
14543,18,13,3265.1,599,37,51.82698412698412,8,251.16153846153844,46.07692307692308,1.625,1,0,0.06091554641669483,Low Risk,Maintain standard engagement
14544,270,1,1121.92,843,53,19.682807017543862,1,1121.92,843.0,1.0,1,0,0.5373215809588808,Medium Risk,Standard retention email
14546,111,2,874.88,501,126,6.161126760563381,2,437.44,250.5,1.0,1,0,0.4497983641296211,Medium Risk,Standard retention email
14548,60,2,652.8,256,2,163.2,2,326.4,128.0,1.0,0,1,0.6325408564128316,Medium Risk,Standard retention email
14549,220,1,289.24,136,56,5.165,1,289.24,136.0,1.0,0,1,0.6588072486026293,Medium Risk,Standard retention email
14551,113,1,125.43,66,7,17.91857142857143,1,125.43,66.0,1.0,1,0,0.650976186952174,Medium Risk,Standard retention email
14552,60,1,165.07,91,57,2.8460344827586206,1,165.07,91.0,1.0,0,1,0.5826928512259171,Medium Risk,Standard retention email
14553,128,2,312.32,182,35,8.008205128205129,2,156.16,91.0,1.0,1,0,0.5402116852728353,Medium Risk,Standard retention email
14555,211,1,197.94,98,14,12.37125,1,197.94,98.0,1.0,1,0,0.7176012986162149,High Risk,Low-cost win-back email
14560,4,15,1565.2,625,25,34.02608695652174,9,104.34666666666666,41.666666666666664,1.6666666666666667,1,0,0.15230594758537383,Low Risk,Maintain standard engagement
14561,71,2,566.99,375,35,15.749722222222223,1,283.495,187.5,2.0,1,0,0.5104770850684394,Medium Risk,Standard retention email
14562,1,7,2339.88,999,121,11.817575757575758,6,334.2685714285714,142.71428571428572,1.1666666666666667,1,0,0.060454277860292,Low Risk,Maintain standard engagement
14565,5,4,3099.12,1540,111,24.40251968503937,4,774.78,385.0,1.0,0,1,0.3763533786081014,Medium Risk,Loyalty incentive
14566,20,1,1432.0,800,4,358.0,1,1432.0,800.0,1.0,0,1,0.7773064564006453,High Risk,Priority reactivation campaign
14567,39,1,800.76,172,13,61.596923076923076,1,800.76,172.0,1.0,1,0,0.5718939975181403,Medium Risk,Standard retention email
14570,190,2,218.06,95,29,7.519310344827586,1,109.03,47.5,2.0,0,1,0.6863426238726518,High Risk,Low-cost win-back email
14572,19,5,2089.44,1190,153,9.76373831775701,4,417.88800000000003,238.0,1.25,1,0,0.148413305098605,Low Risk,Maintain standard engagement
14573,89,9,1653.42,544,127,7.035829787234043,5,183.71333333333334,60.44444444444444,1.8,0,1,0.17752580368347848,Low Risk,Maintain standard engagement
14576,281,1,35.400000000000006,12,1,35.400000000000006,1,35.400000000000006,12.0,1.0,0,1,0.8069070879215409,High Risk,Low-cost win-back email
14577,73,3,646.64,280,70,7.184888888888889,3,215.54666666666665,93.33333333333333,1.0,1,0,0.23915484865532335,Low Risk,Maintain standard engagement
14583,53,4,787.64,572,172,3.4245217391304346,3,196.91,143.0,1.3333333333333333,1,0,0.2237610100574744,Low Risk,Maintain standard engagement
14584,78,4,1042.26,383,68,10.4226,2,260.565,95.75,2.0,0,1,0.43994483226141484,Medium Risk,Loyalty incentive
14586,186,1,237.36,444,19,12.49263157894737,1,237.36,444.0,1.0,0,1,0.72270948439996,High Risk,Low-cost win-back email
14587,93,8,1473.53,728,166,4.05931129476584,6,184.19125,91.0,1.3333333333333333,1,0,0.09325614806259612,Low Risk,Maintain standard engagement
14589,281,1,39.75,5,3,13.25,1,39.75,5.0,1.0,0,1,0.779835946282713,High Risk,Low-cost win-back email
14591,122,1,250.22,105,33,5.560444444444444,1,250.22,105.0,1.0,1,0,0.5800600672095353,Medium Risk,Standard retention email
14593,108,2,339.59,118,54,5.30609375,1,169.795,59.0,2.0,1,0,0.5803167766404133,Medium Risk,Standard retention email
14594,282,1,255.0,146,31,8.225806451612904,1,255.0,146.0,1.0,1,0,0.6415325943399072,Medium Risk,Standard retention email
14595,222,1,163.8,76,5,32.760000000000005,1,163.8,76.0,1.0,1,0,0.7484200080942057,High Risk,Low-cost win-back email
14597,101,1,165.1,118,3,55.03333333333333,1,165.1,118.0,1.0,1,0,0.6831563130923443,High Risk,Low-cost win-back email
14600,215,1,393.33000000000004,125,25,15.733200000000002,1,393.33000000000004,125.0,1.0,0,1,0.757278348041952,High Risk,Low-cost win-back email
14603,184,1,660.0,400,2,330.0,1,660.0,400.0,1.0,0,1,0.7570539334069998,High Risk,Priority reactivation campaign
14606,3,71,9564.19,4880,718,4.69292934249264,10,134.7069014084507,68.73239436619718,7.1,1,0,0.02576769867985409,Low Risk,Maintain standard engagement
14607,170,1,495.0,300,3,165.0,1,495.0,300.0,1.0,1,0,0.7338304177929829,High Risk,Low-cost win-back email
14608,271,1,204.0,48,1,204.0,1,204.0,48.0,1.0,1,0,0.7475921026208171,High Risk,Low-cost win-back email
14609,52,3,486.36,6306,2,162.12,3,162.12,2102.0,1.0,1,0,0.4555149154760086,Medium Risk,Loyalty incentive
14616,152,3,406.08000000000004,104,2,135.36,3,135.36,34.666666666666664,1.0,0,1,0.58087974560998,Medium Risk,Loyalty incentive
14618,247,1,211.8,92,5,42.36,1,211.8,92.0,1.0,1,0,0.7648837299659291,High Risk,Low-cost win-back email
14619,155,1,394.44,152,20,19.722,1,394.44,152.0,1.0,0,1,0.7528460559142784,High Risk,Low-cost win-back email
14620,115,2,412.78000000000003,214,26,15.876153846153848,2,206.39000000000001,107.0,1.0,0,1,0.5447389334079119,Medium Risk,Standard retention email
14621,66,3,1002.91,410,45,21.338510638297873,3,334.30333333333334,136.66666666666666,1.0,1,0,0.36596848896444967,Medium Risk,Loyalty incentive
14622,93,1,320.58000000000004,146,21,15.265714285714287,1,320.58000000000004,146.0,1.0,0,1,0.6522586079950372,Medium Risk,Standard retention email
14623,25,3,608.71,266,88,5.7425471698113215,3,202.90333333333334,88.66666666666667,1.0,1,0,0.20462787093454504,Low Risk,Maintain standard engagement
14625,105,2,899.63,335,51,16.974150943396225,2,449.815,167.5,1.0,0,1,0.5227816513975735,Medium Risk,Standard retention email
14626,32,2,1571.29,879,64,22.77231884057971,2,785.645,439.5,1.0,1,0,0.43092192574721583,Medium Risk,Standard retention email
14628,151,1,331.58000000000004,106,12,27.63166666666667,1,331.58000000000004,106.0,1.0,1,0,0.7374802573292287,High Risk,Low-cost win-back email
14631,144,2,630.08,352,24,25.203200000000002,2,315.04,176.0,1.0,1,0,0.5871621596745187,Medium Risk,Standard retention email
14632,172,1,114.56,96,8,14.32,1,114.56,96.0,1.0,0,1,0.7495212339831545,High Risk,Low-cost win-back email
14633,175,1,344.90000000000003,96,20,17.245,1,344.90000000000003,96.0,1.0,0,1,0.7585723298184346,High Risk,Low-cost win-back email
14636,178,1,300.19,117,16,18.761875,1,300.19,117.0,1.0,1,0,0.6915788127321995,High Risk,Low-cost win-back email
14639,29,4,1989.23,789,93,17.297652173913043,3,497.3075,197.25,1.3333333333333333,1,0,0.23219978754064613,Low Risk,Maintain standard engagement
14640,37,4,1501.06,578,63,20.284594594594594,4,375.265,144.5,1.0,1,0,0.26555908619423635,Low Risk,Maintain standard engagement
14643,79,2,693.8100000000001,815,30,22.380967741935486,2,346.90500000000003,407.5,1.0,0,1,0.5437128936457299,Medium Risk,Standard retention email
14644,207,1,187.50000000000003,66,8,23.437500000000004,1,187.50000000000003,66.0,1.0,1,0,0.7602719527536421,High Risk,Low-cost win-back email
14645,66,2,597.09,381,28,19.903000000000002,2,298.545,190.5,1.0,0,1,0.5031576352228234,Medium Risk,Standard retention email
14646,2,42,178302.62,127744,495,129.67463272727272,10,4245.300476190476,3041.5238095238096,4.2,1,0,0.06920125125195921,Low Risk,Maintain standard engagement
14647,110,1,243.22,95,24,8.107333333333333,1,243.22,95.0,1.0,0,1,0.6749597607984296,High Risk,Low-cost win-back email
14649,121,2,584.22,350,48,11.922857142857143,1,292.11,175.0,2.0,1,0,0.524894421594882,Medium Risk,Standard retention email
14651,120,1,416.32,186,59,6.938666666666666,1,416.32,186.0,1.0,1,0,0.5684365574653998,Medium Risk,Standard retention email
14653,247,1,344.81,305,29,11.89,1,344.81,305.0,1.0,1,0,0.7377065829148326,High Risk,Low-cost win-back email
14655,131,1,810.56,522,14,57.89714285714285,1,810.56,522.0,1.0,1,0,0.5984137046292262,Medium Risk,Standard retention email
14656,78,2,291.05,120,73,3.638125,2,145.525,60.0,1.0,0,1,0.5704846538185047,Medium Risk,Standard retention email
14657,64,3,638.94,339,83,6.870322580645162,3,212.98000000000002,113.0,1.0,1,0,0.22440945883175833,Low Risk,Maintain standard engagement
14658,26,1,123.14,23,14,8.795714285714286,1,123.14,23.0,1.0,1,0,0.5580657969006566,Medium Risk,Standard retention email
14659,55,6,1641.55,767,107,10.455732484076433,6,273.59166666666664,127.83333333333333,1.0,1,0,0.11372895481227176,Low Risk,Maintain standard engagement
14660,10,1,128.95,104,14,9.210714285714285,1,128.95,104.0,1.0,1,0,0.5956428268379347,Medium Risk,Standard retention email
14662,144,3,524.86,340,82,5.705,3,174.95333333333335,113.33333333333333,1.0,1,0,0.23252726409663832,Low Risk,Maintain standard engagement
14665,206,3,731.66,268,41,17.845365853658535,1,243.88666666666666,89.33333333333333,3.0,1,0,0.43207471334291947,Medium Risk,Loyalty incentive
14667,4,18,6071.02,3444,268,14.916511056511057,10,337.2788888888889,191.33333333333334,1.8,1,0,0.01070589925578314,Low Risk,Maintain standard engagement
14669,151,3,1269.99,775,158,7.470529411764706,2,423.33,258.3333333333333,1.5,0,1,0.4660708011372064,Medium Risk,Loyalty incentive
14670,189,2,411.53,337,107,3.1176515151515147,1,205.765,168.5,2.0,0,1,0.6283180028656336,Medium Risk,Standard retention email
14672,144,2,765.55,454,58,12.549999999999999,2,382.775,227.0,1.0,0,1,0.523161959403394,Medium Risk,Standard retention email
14673,276,1,373.49,213,15,24.899333333333335,1,373.49,213.0,1.0,1,0,0.6754880259435538,High Risk,Low-cost win-back email
14676,57,4,1690.92,1824,19,60.39,3,422.73,456.0,1.3333333333333333,1,0,0.24861090710130473,Low Risk,Maintain standard engagement
14680,4,14,25422.56,12116,70,109.10969957081545,10,1815.8971428571429,865.4285714285714,1.4,1,0,0.029817873779645124,Low Risk,Maintain standard engagement
14681,121,1,393.95,48,5,78.78999999999999,1,393.95,48.0,1.0,1,0,0.7664396450679402,High Risk,Low-cost win-back email
14682,97,2,52.0,80,1,26.0,2,26.0,40.0,1.0,0,1,0.5328558750873412,Medium Risk,Standard retention email
14684,124,2,519.26,295,140,2.7474074074074073,2,259.63,147.5,1.0,1,0,0.41737801582992856,Medium Risk,Standard retention email
14687,16,1,628.38,470,15,41.892,1,628.38,470.0,1.0,0,1,0.632092815839552,Medium Risk,Standard retention email
14688,2,16,4207.62,2978,112,16.37206225680934,10,262.97625,186.125,1.6,1,0,0.011376388736556756,Low Risk,Maintain standard engagement
14689,118,1,112.8,76,13,8.676923076923076,1,112.8,76.0,1.0,0,1,0.7055077600508933,High Risk,Low-cost win-back email
14690,61,1,216.71,85,28,7.472758620689655,1,216.71,85.0,1.0,1,0,0.6356768432291132,Medium Risk,Standard retention email
14691,6,2,1274.68,464,37,27.710434782608697,2,637.34,232.0,1.0,1,0,0.551150557097765,Medium Risk,Standard retention email
14692,46,4,591.55,265,53,8.699264705882353,4,147.8875,66.25,1.0,0,1,0.4368845006292221,Medium Risk,Loyalty incentive
14693,173,1,172.9,34,8,21.6125,1,172.9,34.0,1.0,0,1,0.7712368360300627,High Risk,Low-cost win-back email
14696,29,5,1458.54,1086,83,16.206,5,291.70799999999997,217.2,1.0,1,0,0.14297332885607625,Low Risk,Maintain standard engagement
14697,127,2,188.60999999999999,181,22,8.573181818181817,1,94.30499999999999,90.5,2.0,0,1,0.725962826605811,High Risk,Low-cost win-back email
14699,123,1,109.13000000000001,77,8,13.641250000000001,1,109.13000000000001,77.0,1.0,0,1,0.7400681453119596,High Risk,Low-cost win-back email
14700,99,2,1557.6,858,56,20.228571428571428,2,778.8,429.0,1.0,1,0,0.43597365200238536,Medium Risk,Standard retention email
14701,82,7,1958.28,673,188,8.228067226890756,5,279.7542857142857,96.14285714285714,1.4,1,0,0.09517847636153919,Low Risk,Maintain standard engagement
14702,26,9,1687.7,649,106,9.428491620111732,7,187.52222222222224,72.11111111111111,1.2857142857142858,1,0,0.04943582172425613,Low Risk,Maintain standard engagement
14704,52,2,221.16,113,56,3.2523529411764707,2,110.58,56.5,1.0,1,0,0.5127581825759128,Medium Risk,Standard retention email
14705,108,1,179.0,100,1,179.0,1,179.0,100.0,1.0,0,1,0.7391812478856963,High Risk,Low-cost win-back email
14708,63,2,701.1800000000001,410,12,50.08428571428572,2,350.59000000000003,205.0,1.0,1,0,0.511652840225398,Medium Risk,Standard retention email
14709,3,9,3952.7400000000002,2004,65,25.501548387096776,8,439.1933333333334,222.66666666666666,1.125,1,0,0.03001004843851798,Low Risk,Maintain standard engagement
14711,18,8,2064.42,710,146,9.1752,5,258.0525,88.75,1.6,1,0,0.08820130133279673,Low Risk,Maintain standard engagement
14712,21,1,115.72,102,7,16.53142857142857,1,115.72,102.0,1.0,1,0,0.620989364704331,Medium Risk,Standard retention email
14713,8,9,2029.61,1236,130,7.434468864468864,7,225.51222222222222,137.33333333333334,1.2857142857142858,1,0,0.038114019624821915,Low Risk,Maintain standard engagement
14715,4,3,594.75,297,44,12.137755102040817,3,198.25,99.0,1.0,1,0,0.3281570472205017,Low Risk,Maintain standard engagement
14716,57,1,188.56,355,19,8.198260869565217,1,188.56,355.0,1.0,1,0,0.5607444656304524,Medium Risk,Standard retention email
14719,88,2,488.12,398,70,6.3392207792207795,2,244.06,199.0,1.0,1,0,0.4460613993231494,Medium Risk,Standard retention email
14720,36,1,155.8,40,9,17.311111111111114,1,155.8,40.0,1.0,1,0,0.6415058726479103,Medium Risk,Standard retention email
14722,56,1,187.92000000000002,120,28,6.48,1,187.92000000000002,120.0,1.0,0,1,0.6171319517207065,Medium Risk,Standard retention email
14723,267,3,471.0,206,68,5.233333333333333,1,157.0,68.66666666666667,3.0,1,0,0.4218448802435528,Medium Risk,Loyalty incentive
14727,183,1,268.58,62,10,26.857999999999997,1,268.58,62.0,1.0,0,1,0.7503687211009881,High Risk,Low-cost win-back email
14729,282,1,313.49,197,69,4.415352112676056,1,313.49,197.0,1.0,0,1,0.6282797407184966,Medium Risk,Standard retention email
14730,16,5,904.21,527,142,4.835347593582888,4,180.842,105.4,1.25,1,0,0.14838504439802266,Low Risk,Maintain standard engagement
14731,115,2,251.01999999999998,182,23,8.367333333333333,1,125.50999999999999,91.0,2.0,1,0,0.6094699948335253,Medium Risk,Standard retention email
14732,53,5,1618.3,960,72,17.21595744680851,5,323.65999999999997,192.0,1.0,1,0,0.1490746183515589,Low Risk,Maintain standard engagement
14733,20,11,9044.2,3645,98,47.60105263157895,8,822.2,331.3636363636364,1.375,1,0,0.02607874523341485,Low Risk,Maintain standard engagement
14735,8,23,3595.71,1365,66,29.716611570247935,10,156.33521739130435,59.34782608695652,2.3,1,0,0.04389707398445564,Low Risk,Maintain standard engagement
14737,38,2,1081.75,303,13,72.11666666666666,2,540.875,151.5,1.0,1,0,0.5201065661978835,Medium Risk,Standard retention email
14738,43,5,757.6500000000001,351,28,22.95909090909091,4,151.53000000000003,70.2,1.25,1,0,0.2902359107518748,Low Risk,Maintain standard engagement
14739,3,4,2247.58,2678,32,66.10529411764706,4,561.895,669.5,1.0,1,0,0.30099172445153627,Low Risk,Maintain standard engagement
14740,106,3,1448.21,735,85,16.272022471910113,3,482.7366666666667,245.0,1.0,0,1,0.3722344610732885,Medium Risk,Loyalty incentive
14741,22,4,864.96,558,25,24.026666666666667,3,216.24,139.5,1.3333333333333333,1,0,0.2952804366772975,Low Risk,Maintain standard engagement
14744,207,5,928.03,519,14,54.589999999999996,3,185.606,103.8,1.6666666666666667,1,0,0.31132606244878486,Low Risk,Maintain standard engagement
14745,22,5,1220.26,1038,46,17.684927536231886,4,244.052,207.6,1.25,0,1,0.22218832669215524,Low Risk,Maintain standard engagement
14747,158,1,328.2,84,18,18.233333333333334,1,328.2,84.0,1.0,0,1,0.764486847236867,High Risk,Low-cost win-back email
14748,33,4,1118.77,1061,75,14.916933333333333,3,279.6925,265.25,1.3333333333333333,1,0,0.20090554592609067,Low Risk,Maintain standard engagement
14754,205,1,228.26999999999998,173,15,15.217999999999998,1,228.26999999999998,173.0,1.0,1,0,0.6888920394913882,High Risk,Low-cost win-back email
14755,21,7,2867.6800000000003,1241,103,19.246174496644297,7,409.66857142857145,177.28571428571428,1.0,1,0,0.051574908933563875,Low Risk,Maintain standard engagement
14758,54,4,1484.06,419,54,20.90225352112676,4,371.015,104.75,1.0,0,1,0.2911166028538679,Low Risk,Maintain standard engagement
14759,22,2,870.85,247,47,16.747115384615384,2,435.425,123.5,1.0,1,0,0.46273851437400043,Medium Risk,Standard retention email
14760,206,1,89.2,40,5,17.84,1,89.2,40.0,1.0,0,1,0.7806923330859952,High Risk,Low-cost win-back email
14761,244,1,97.5,58,7,13.928571428571429,1,97.5,58.0,1.0,1,0,0.761789601888113,High Risk,Low-cost win-back email
14762,173,1,300.52,341,21,14.310476190476189,1,300.52,341.0,1.0,0,1,0.7020664360733546,High Risk,Low-cost win-back email
14765,21,2,95.5,22,8,11.9375,2,47.75,11.0,1.0,1,0,0.3783920517611534,Medium Risk,Standard retention email
14766,77,4,1531.32,984,85,16.465806451612902,4,382.83,246.0,1.0,1,0,0.2726194476893294,Low Risk,Maintain standard engagement
14768,36,1,133.20000000000002,40,4,33.300000000000004,1,133.20000000000002,40.0,1.0,1,0,0.6636661893243649,High Risk,Low-cost win-back email
14769,17,6,6487.94,4487,478,9.727046476761618,6,1081.3233333333333,747.8333333333334,1.0,1,0,0.08305182745434771,Low Risk,Maintain standard engagement
14770,141,2,876.42,490,49,16.854230769230767,2,438.21,245.0,1.0,0,1,0.552824314461404,Medium Risk,Standard retention email
14772,21,1,139.26,82,9,15.473333333333333,1,139.26,82.0,1.0,0,1,0.633798093291454,Medium Risk,Standard retention email
14775,47,2,701.46,802,39,17.5365,2,350.73,401.0,1.0,1,0,0.4553763732028769,Medium Risk,Standard retention email
14776,14,8,1862.22,2230,44,22.169285714285714,6,232.7775,278.75,1.3333333333333333,1,0,0.04825001232875945,Low Risk,Maintain standard engagement
14778,36,2,730.86,306,34,20.881714285714285,2,365.43,153.0,1.0,0,1,0.5042102814238714,Medium Risk,Standard retention email
14779,189,3,386.15,84,40,9.418292682926829,2,128.71666666666667,28.0,1.5,0,1,0.662243795124298,High Risk,Low-cost win-back email
14782,229,1,200.10000000000002,114,6,33.35,1,200.10000000000002,114.0,1.0,0,1,0.746119171643279,High Risk,Low-cost win-back email
14784,233,1,114.68,56,4,28.67,1,114.68,56.0,1.0,1,0,0.7458529549777779,High Risk,Low-cost win-back email
14790,29,2,364.04,384,22,13.001428571428573,2,182.02,192.0,1.0,1,0,0.44475213022869153,Medium Risk,Standard retention email
14794,113,4,679.54,311,37,16.9885,3,169.885,77.75,1.3333333333333333,1,0,0.32214452515443437,Low Risk,Maintain standard engagement
14795,75,1,131.45000000000002,17,6,21.908333333333335,1,131.45000000000002,17.0,1.0,0,1,0.6871292142620612,High Risk,Low-cost win-back email
14796,4,14,6593.37,4855,338,7.293550884955752,10,470.955,346.7857142857143,1.4,1,0,0.020853406204353882,Low Risk,Maintain standard engagement
14798,53,2,97.4,104,7,12.175,2,48.7,52.0,1.0,1,0,0.4950640281018403,Medium Risk,Standard retention email
14800,19,9,3840.44,3165,209,11.780490797546012,7,426.71555555555557,351.6666666666667,1.2857142857142858,1,0,0.01762246082720491,Low Risk,Maintain standard engagement
14803,71,3,845.55,370,35,19.217045454545453,3,281.84999999999997,123.33333333333333,1.0,0,1,0.36502906297697524,Medium Risk,Loyalty incentive
14805,223,1,109.25,29,19,5.75,1,109.25,29.0,1.0,1,0,0.7093998119672049,High Risk,Low-cost win-back email
14808,53,6,1846.31,1244,146,9.820797872340425,2,307.7183333333333,207.33333333333334,3.0,1,0,0.2494938079999198,Low Risk,Maintain standard engagement
14810,13,10,1869.33,913,97,8.16301310043668,8,186.933,91.3,1.25,1,0,0.06005281205142775,Low Risk,Maintain standard engagement
14813,279,2,155.43,67,25,5.181,1,77.715,33.5,2.0,0,1,0.7483855071318979,High Risk,Low-cost win-back email
14816,106,1,271.85,5,4,67.9625,1,271.85,5.0,1.0,0,1,0.736294148038914,High Risk,Low-cost win-back email
14817,109,2,1110.34,655,52,17.624444444444443,2,555.17,327.5,1.0,0,1,0.46013907567713,Medium Risk,Standard retention email
14818,78,2,409.63,202,23,16.3852,2,204.815,101.0,1.0,1,0,0.5056831136731884,Medium Risk,Standard retention email
14819,101,1,84.72,48,3,28.24,1,84.72,48.0,1.0,1,0,0.7028094277182145,High Risk,Low-cost win-back email
14820,82,1,139.77,87,8,17.47125,1,139.77,87.0,1.0,1,0,0.6756158035900536,High Risk,Low-cost win-back email
14821,276,1,48.800000000000004,20,2,24.400000000000002,1,48.800000000000004,20.0,1.0,0,1,0.7965731111019335,High Risk,Low-cost win-back email
14823,89,3,321.43,88,56,4.591857142857143,2,107.14333333333333,29.333333333333332,1.5,0,1,0.6987900867834982,High Risk,Low-cost win-back email
14825,37,7,1339.3700000000001,542,68,16.13698795180723,6,191.33857142857144,77.42857142857143,1.1666666666666667,1,0,0.10584754763230246,Low Risk,Maintain standard engagement
14828,106,3,2139.76,2172,17,125.86823529411765,3,713.2533333333334,724.0,1.0,0,1,0.42985606534960225,Medium Risk,Loyalty incentive
14829,93,3,531.63,364,33,15.636176470588236,2,177.21,121.33333333333333,1.5,1,0,0.42461203682035714,Medium Risk,Loyalty incentive
14834,29,2,429.3,180,18,20.442857142857143,2,214.65,90.0,1.0,1,0,0.47432786086203027,Medium Risk,Standard retention email
14837,14,3,1345.56,1226,82,14.950666666666667,3,448.52,408.6666666666667,1.0,1,0,0.26105957849996037,Low Risk,Maintain standard engagement
14840,177,1,62.85,31,4,15.7125,1,62.85,31.0,1.0,0,1,0.7736310975627174,High Risk,Low-cost win-back email
14841,88,4,2375.57,1235,88,22.411037735849057,4,593.8925,308.75,1.0,1,0,0.2318042992841037,Low Risk,Maintain standard engagement
14842,4,3,1901.52,711,86,21.128,3,633.84,237.0,1.0,1,0,0.3045576987287758,Low Risk,Maintain standard engagement
14844,32,3,2257.6800000000003,1301,64,25.95034482758621,3,752.5600000000001,433.6666666666667,1.0,1,0,0.2735305599933299,Low Risk,Maintain standard engagement
14847,58,1,309.4,120,13,23.799999999999997,1,309.4,120.0,1.0,0,1,0.6700566434405142,High Risk,Low-cost win-back email
14849,4,17,5784.53,4088,145,19.81003424657534,9,340.2664705882353,240.47058823529412,1.8888888888888888,1,0,0.010668060596741153,Low Risk,Maintain standard engagement
14850,221,1,325.75,293,21,15.511904761904763,1,325.75,293.0,1.0,0,1,0.7372663125289906,High Risk,Low-cost win-back email
14851,165,1,206.13,139,14,14.723571428571429,1,206.13,139.0,1.0,1,0,0.6950662967307936,High Risk,Low-cost win-back email
14852,5,5,2188.42,1390,67,20.263148148148147,4,437.684,278.0,1.25,1,0,0.14483152089800638,Low Risk,Maintain standard engagement
14853,120,1,214.5,34,3,71.5,1,214.5,34.0,1.0,1,0,0.7262926358108218,High Risk,Low-cost win-back email
14854,42,6,2301.63,1441,95,20.923909090909092,4,383.605,240.16666666666666,1.5,1,0,0.09676982967616811,Low Risk,Maintain standard engagement
14855,28,2,645.65,267,13,32.2825,2,322.825,133.5,1.0,0,1,0.4936732085381353,Medium Risk,Standard retention email
14857,57,1,522.52,188,29,18.017931034482757,1,522.52,188.0,1.0,1,0,0.5887791956925962,Medium Risk,Standard retention email
14859,113,1,296.86,209,11,26.987272727272728,1,296.86,209.0,1.0,1,0,0.6302159478915683,Medium Risk,Standard retention email
14862,58,1,304.09999999999997,430,21,14.48095238095238,1,304.09999999999997,430.0,1.0,1,0,0.5722325605969572,Medium Risk,Standard retention email
14865,281,1,37.2,96,3,12.4,1,37.2,96.0,1.0,1,0,0.6482276332972721,Medium Risk,Standard retention email
14866,15,4,1163.9,552,25,43.10740740740741,3,290.975,138.0,1.3333333333333333,1,0,0.30568653224084813,Low Risk,Maintain standard engagement
14867,95,3,710.28,328,31,19.73,3,236.76,109.33333333333333,1.0,0,1,0.41421683840069046,Medium Risk,Loyalty incentive
14868,29,4,1297.07,689,59,18.01486111111111,3,324.2675,172.25,1.3333333333333333,1,0,0.20821455205131062,Low Risk,Maintain standard engagement
14869,12,1,391.31,355,48,7.8262,1,391.31,355.0,1.0,1,0,0.4736030961801448,Medium Risk,Standard retention email
14870,171,1,327.25,119,13,25.173076923076923,1,327.25,119.0,1.0,0,1,0.7427827234527289,High Risk,Low-cost win-back email
14871,87,3,354.75,114,44,5.721774193548387,3,118.25,38.0,1.0,1,0,0.5477615908165304,Medium Risk,Loyalty incentive
14873,119,1,519.68,168,28,18.56,1,519.68,168.0,1.0,0,1,0.6869493419630672,High Risk,Priority reactivation campaign
14875,17,2,1465.3200000000002,558,46,31.17702127659575,2,732.6600000000001,279.0,1.0,0,1,0.4735559049496885,Medium Risk,Standard retention email
14878,83,6,1083.02,627,51,13.370617283950617,5,180.50333333333333,104.5,1.2,1,0,0.1436688587335724,Low Risk,Maintain standard engagement
14880,94,2,363.27,245,25,13.971923076923076,2,181.635,122.5,1.0,1,0,0.47775972753939927,Medium Risk,Standard retention email
14883,73,2,358.48,322,25,14.3392,2,179.24,161.0,1.0,1,0,0.4862576981925881,Medium Risk,Standard retention email
14885,41,1,765.3199999999999,724,15,51.02133333333333,1,765.3199999999999,724.0,1.0,0,1,0.6489245928026435,Medium Risk,Standard retention email
14886,162,1,364.8,160,18,20.266666666666666,1,364.8,160.0,1.0,0,1,0.7123199575443602,High Risk,Low-cost win-back email
14888,116,1,369.2,184,20,18.46,1,369.2,184.0,1.0,0,1,0.6625338303678951,High Risk,Low-cost win-back email
14889,245,1,135.9,90,10,13.59,1,135.9,90.0,1.0,0,1,0.7708082779778684,High Risk,Low-cost win-back email
14890,163,1,125.65,51,7,17.95,1,125.65,51.0,1.0,0,1,0.7397607985390997,High Risk,Low-cost win-back email
14891,57,2,554.38,505,30,16.79939393939394,2,277.19,252.5,1.0,0,1,0.5056283552027157,Medium Risk,Standard retention email
14895,19,10,6081.71,2426,183,21.19062717770035,6,608.171,242.6,1.6666666666666667,1,0,0.025716928145124184,Low Risk,Maintain standard engagement
14896,114,2,468.77000000000004,279,43,10.901627906976746,2,234.38500000000002,139.5,1.0,0,1,0.45026686323881665,Medium Risk,Standard retention email
14897,206,1,175.5,122,10,17.55,1,175.5,122.0,1.0,1,0,0.7260022857722316,High Risk,Low-cost win-back email
14898,43,5,1011.3,864,60,14.243661971830985,5,202.26,172.8,1.0,1,0,0.2192151798147052,Low Risk,Maintain standard engagement
14901,11,5,822.12,409,50,13.702,2,164.424,81.8,2.5,1,0,0.34869140456226555,Medium Risk,Loyalty incentive
14903,33,4,2411.82,1334,195,8.203469387755103,4,602.955,333.5,1.0,1,0,0.2532789575985373,Low Risk,Maintain standard engagement
14905,67,2,616.15,287,14,36.24411764705882,2,308.075,143.5,1.0,0,1,0.5231203554339029,Medium Risk,Standard retention email
14907,8,5,2608.18,1307,110,19.90977099236641,3,521.636,261.4,1.6666666666666667,1,0,0.12065820468409884,Low Risk,Maintain standard engagement
14911,2,112,81977.68000000001,43478,1230,27.713887762001356,10,731.9435714285715,388.19642857142856,11.2,1,0,0.014698618653028536,Low Risk,Maintain standard engagement
14912,156,1,482.78999999999996,445,14,34.485,1,482.78999999999996,445.0,1.0,1,0,0.67028929843735,High Risk,Low-cost win-back email
14913,92,3,917.15,1362,57,14.792741935483871,3,305.71666666666664,454.0,1.0,1,0,0.24244502939876217,Low Risk,Maintain standard engagement
14915,187,1,142.28,76,8,17.785,1,142.28,76.0,1.0,1,0,0.754968372629171,High Risk,Low-cost win-back email
14916,3,3,967.76,830,54,16.68551724137931,3,322.58666666666664,276.6666666666667,1.0,1,0,0.32495515792596164,Low Risk,Maintain standard engagement
14918,25,2,1610.15,675,39,35.781111111111116,2,805.075,337.5,1.0,0,1,0.445475538252982,Medium Risk,Standard retention email
14920,122,2,977.77,509,57,17.153859649122808,1,488.885,254.5,2.0,0,1,0.5889276698356533,Medium Risk,Standard retention email
14921,110,1,903.01,631,53,17.037924528301886,1,903.01,631.0,1.0,1,0,0.5392678227260643,Medium Risk,Standard retention email
14924,155,1,310.05,64,10,31.005000000000003,1,310.05,64.0,1.0,0,1,0.7917520070746085,High Risk,Low-cost win-back email
14930,18,3,2372.86,1166,116,18.53796875,2,790.9533333333334,388.6666666666667,1.5,0,1,0.37657491278056604,Medium Risk,Loyalty incentive
14931,115,2,586.0,98,10,58.6,2,293.0,49.0,1.0,1,0,0.6363345426829794,Medium Risk,Standard retention email
14932,275,1,363.53,80,17,21.384117647058822,1,363.53,80.0,1.0,0,1,0.7747157268098843,High Risk,Low-cost win-back email
14934,192,1,828.84,459,39,21.252307692307692,1,828.84,459.0,1.0,1,0,0.6564002686868543,Medium Risk,Standard retention email
14935,206,1,1784.71,935,10,178.471,1,1784.71,935.0,1.0,0,1,0.7811304768970624,High Risk,Priority reactivation campaign
14936,18,3,5072.88,2352,124,23.163835616438355,3,1690.96,784.0,1.0,1,0,0.24004368632734996,Low Risk,Maintain standard engagement
14937,39,1,759.56,172,13,58.427692307692304,1,759.56,172.0,1.0,1,0,0.5606236495357826,Medium Risk,Standard retention email
14944,4,7,3164.19,1699,71,26.150330578512396,5,452.02714285714285,242.71428571428572,1.4,1,0,0.09347201234681603,Low Risk,Maintain standard engagement
14947,40,1,178.5,118,10,17.85,1,178.5,118.0,1.0,1,0,0.6245089338751345,Medium Risk,Standard retention email
14948,7,4,639.23,453,39,15.590975609756098,4,159.8075,113.25,1.0,1,0,0.3530342829244816,Medium Risk,Loyalty incentive
14952,116,7,3534.61,1787,82,40.62770114942529,3,504.94428571428574,255.28571428571428,2.3333333333333335,1,0,0.17015482291270217,Low Risk,Maintain standard engagement
14957,162,1,58.49,34,12,4.8741666666666665,1,58.49,34.0,1.0,0,1,0.7204521248627137,High Risk,Low-cost win-back email
14958,56,3,499.68,129,33,11.897142857142857,3,166.56,43.0,1.0,0,1,0.504623221332959,Medium Risk,Loyalty incentive
14959,19,3,537.32,400,33,10.535686274509805,3,179.10666666666668,133.33333333333334,1.0,1,0,0.3570012534565073,Medium Risk,Loyalty incentive
14960,80,1,88.3,20,2,44.15,1,88.3,20.0,1.0,1,0,0.7044411892846181,High Risk,Low-cost win-back email
14961,63,6,3906.98,2152,140,22.19875,4,651.1633333333333,358.6666666666667,1.5,1,0,0.09297998004970143,Low Risk,Maintain standard engagement
14962,180,1,126.7,44,5,25.34,1,126.7,44.0,1.0,0,1,0.7611285218561025,High Risk,Low-cost win-back email
14963,93,1,294.2,167,37,7.742105263157894,1,294.2,167.0,1.0,1,0,0.5577271606201823,Medium Risk,Standard retention email
14964,156,1,206.21,143,13,15.862307692307693,1,206.21,143.0,1.0,0,1,0.7000877985051494,High Risk,Low-cost win-back email
14965,5,2,599.0,365,80,7.216867469879518,1,299.5,182.5,2.0,0,1,0.46172434013011504,Medium Risk,Standard retention email
14970,46,3,1119.75,165,10,65.86764705882354,3,373.25,55.0,1.0,1,0,0.3683458291561624,Medium Risk,Loyalty incentive
14972,37,1,114.77,28,18,6.376111111111111,1,114.77,28.0,1.0,0,1,0.5945772669493807,Medium Risk,Standard retention email
14973,16,3,1314.45,369,29,41.0765625,3,438.15000000000003,123.0,1.0,0,1,0.3760450085599933,Medium Risk,Loyalty incentive
14976,10,4,559.96,162,38,10.36962962962963,4,139.99,40.5,1.0,1,0,0.4089212891057904,Medium Risk,Loyalty incentive
14978,145,4,1537.28,417,120,8.636404494382022,3,384.32,104.25,1.3333333333333333,1,0,0.28141732252637724,Low Risk,Maintain standard engagement
14981,155,1,102.12,97,8,12.765,1,102.12,97.0,1.0,0,1,0.7709239568978968,High Risk,Low-cost win-back email
14984,90,1,110.17999999999999,21,16,6.481176470588235,1,110.17999999999999,21.0,1.0,1,0,0.6216723990554625,Medium Risk,Standard retention email
14985,107,2,296.75,260,78,3.410919540229885,2,148.375,130.0,1.0,0,1,0.5083794094745645,Medium Risk,Standard retention email
14987,275,1,163.2,64,2,81.6,1,163.2,64.0,1.0,1,0,0.7392143503676596,High Risk,Low-cost win-back email
14988,121,1,334.54,141,40,8.3635,1,334.54,141.0,1.0,0,1,0.6293191311708871,Medium Risk,Standard retention email
14995,189,1,119.31,51,37,3.2245945945945946,1,119.31,51.0,1.0,1,0,0.6073577403373253,Medium Risk,Standard retention email
14997,87,1,155.28,312,9,17.253333333333334,1,155.28,312.0,1.0,1,0,0.6440359069461176,Medium Risk,Standard retention email
14998,79,2,429.87,270,70,5.7316,2,214.935,135.0,1.0,0,1,0.4648816834820875,Medium Risk,Standard retention email
15002,25,4,1641.76,862,93,14.276173913043479,4,410.44,215.5,1.0,0,1,0.3279931189131192,Low Risk,Maintain standard engagement
15004,56,1,1246.32,630,154,7.888101265822784,1,1246.32,630.0,1.0,0,1,0.5711348401202491,Medium Risk,Standard retention email
15005,5,20,4522.5,3034,281,5.475181598062954,10,226.125,151.7,2.0,1,0,0.016982576838498555,Low Risk,Maintain standard engagement
15007,68,1,156.91,69,12,13.075833333333334,1,156.91,69.0,1.0,0,1,0.6653133216162055,High Risk,Low-cost win-back email
15012,282,1,191.06,86,46,3.538148148148148,1,191.06,86.0,1.0,1,0,0.5893203851268098,Medium Risk,Standard retention email
15014,85,1,117.72999999999999,68,2,39.24333333333333,1,117.72999999999999,68.0,1.0,1,0,0.6719244213045867,High Risk,Low-cost win-back email
15016,82,1,170.04,76,20,8.501999999999999,1,170.04,76.0,1.0,0,1,0.6815820320232985,High Risk,Low-cost win-back email
15018,162,2,291.34000000000003,94,17,17.137647058823532,2,145.67000000000002,47.0,1.0,1,0,0.653291175970389,Medium Risk,Standard retention email
15019,176,1,266.0,159,64,3.8,1,266.0,159.0,1.0,0,1,0.6414409308208194,Medium Risk,Standard retention email
15021,66,5,1119.08,531,204,3.8992334494773515,5,223.81599999999997,106.2,1.0,1,0,0.23111577027686517,Low Risk,Maintain standard engagement
15023,25,8,5110.32,2237,271,11.967962529274004,7,638.79,279.625,1.1428571428571428,1,0,0.02655206470892466,Low Risk,Maintain standard engagement
15024,22,5,845.62,416,62,10.704050632911393,3,169.124,83.2,1.6666666666666667,1,0,0.19698140125201286,Low Risk,Maintain standard engagement
15026,149,2,230.78,81,24,8.876153846153846,2,115.39,40.5,1.0,1,0,0.6313878217870069,Medium Risk,Standard retention email
15027,77,3,966.9699999999999,523,27,31.19258064516129,3,322.3233333333333,174.33333333333334,1.0,1,0,0.320118103331917,Low Risk,Maintain standard engagement
15028,277,1,185.97,119,14,13.28357142857143,1,185.97,119.0,1.0,1,0,0.6950886889456,High Risk,Low-cost win-back email
15030,177,1,152.76,156,3,50.919999999999995,1,152.76,156.0,1.0,1,0,0.6901745301860019,High Risk,Low-cost win-back email
15031,19,2,261.79,115,42,6.088139534883721,2,130.895,57.5,1.0,1,0,0.456151147650246,Medium Risk,Standard retention email
15032,165,3,4959.1,2968,29,95.3673076923077,2,1653.0333333333335,989.3333333333334,1.5,0,1,0.6026728520297259,Medium Risk,Loyalty incentive
15033,18,6,1629.1,916,203,5.797508896797153,5,271.51666666666665,152.66666666666666,1.2,1,0,0.13893030245576693,Low Risk,Maintain standard engagement
15034,142,5,2664.83,1333,158,14.404486486486485,4,532.966,266.6,1.25,1,0,0.21229576712788295,Low Risk,Maintain standard engagement
15036,86,2,245.69,151,49,4.164237288135594,1,122.845,75.5,2.0,1,0,0.5325174634272286,Medium Risk,Standard retention email
15038,97,4,517.45,128,90,4.704090909090909,4,129.3625,32.0,1.0,1,0,0.4413225932842972,Medium Risk,Loyalty incentive
15039,1,38,18513.8,8531,377,13.983232628398792,10,487.2052631578947,224.5,3.8,1,0,0.0145800758789418,Low Risk,Maintain standard engagement
15041,79,1,180.35,104,66,2.6917910447761195,1,180.35,104.0,1.0,0,1,0.5695887729753143,Medium Risk,Standard retention email
15042,108,1,135.93,30,5,27.186,1,135.93,30.0,1.0,0,1,0.7148529497991899,High Risk,Low-cost win-back email
15044,45,13,5202.28,1547,147,18.579571428571427,8,400.1753846153846,119.0,1.625,1,0,0.028452778409476825,Low Risk,Maintain standard engagement
15045,61,2,735.66,114,11,61.305,2,367.83,57.0,1.0,0,1,0.6408679408345827,Medium Risk,Standard retention email
15046,6,11,3984.5299999999997,2561,124,24.29591463414634,7,362.22999999999996,232.8181818181818,1.5714285714285714,1,0,0.014695835339984592,Low Risk,Maintain standard engagement
15047,179,1,343.62,222,22,15.61909090909091,1,343.62,222.0,1.0,0,1,0.7114858475408424,High Risk,Low-cost win-back email
15048,26,3,324.53,173,74,4.0065432098765426,3,108.17666666666666,57.666666666666664,1.0,1,0,0.3011435935165871,Low Risk,Maintain standard engagement
15049,183,1,121.17000000000002,63,3,40.39000000000001,1,121.17000000000002,63.0,1.0,0,1,0.7399658600344359,High Risk,Low-cost win-back email
15051,59,1,377.74,351,34,11.11,1,377.74,351.0,1.0,1,0,0.5283362154007176,Medium Risk,Standard retention email
15052,228,1,215.78,82,27,7.192666666666667,1,215.78,82.0,1.0,0,1,0.7194234931591704,High Risk,Low-cost win-back email
15053,65,2,478.6,514,28,11.965,2,239.3,257.0,1.0,1,0,0.47046568879847456,Medium Risk,Standard retention email
15057,184,2,1489.5,668,25,59.58,2,744.75,334.0,1.0,0,1,0.556232233019947,Medium Risk,Standard retention email
15058,34,7,1245.66,617,131,7.200346820809249,5,177.95142857142858,88.14285714285714,1.4,1,0,0.0905915361272334,Low Risk,Maintain standard engagement
15059,16,7,1008.6,405,127,5.511475409836065,5,144.0857142857143,57.857142857142854,1.4,1,0,0.14337107096152282,Low Risk,Maintain standard engagement
15061,37,37,36575.0,19193,59,122.73489932885906,9,988.5135135135135,518.7297297297297,4.111111111111111,1,0,0.03350354149999236,Low Risk,Maintain standard engagement
15062,127,3,814.04,541,38,18.089777777777776,3,271.34666666666664,180.33333333333334,1.0,1,0,0.3544884941437042,Medium Risk,Loyalty incentive
15063,122,1,370.79999999999995,56,5,74.16,1,370.79999999999995,56.0,1.0,0,1,0.772800323129784,High Risk,Low-cost win-back email
15065,74,3,2858.75,1181,132,20.715579710144926,3,952.9166666666666,393.6666666666667,1.0,1,0,0.25771259532532304,Low Risk,Maintain standard engagement
15067,192,1,848.05,335,35,24.23,1,848.05,335.0,1.0,1,0,0.6454311219247318,Medium Risk,Standard retention email
15068,165,1,239.95999999999998,130,39,6.1528205128205125,1,239.95999999999998,130.0,1.0,1,0,0.5917048846666,Medium Risk,Standard retention email
15069,88,1,1109.53,520,70,15.850428571428571,1,1109.53,520.0,1.0,0,1,0.5638126120380936,Medium Risk,Standard retention email
15070,282,1,106.2,36,1,106.2,1,106.2,36.0,1.0,0,1,0.7976814322991906,High Risk,Low-cost win-back email
15071,3,2,982.07,269,25,37.77192307692308,2,491.035,134.5,1.0,0,1,0.5308639059395488,Medium Risk,Standard retention email
15073,95,2,861.96,428,22,19.59,1,430.98,214.0,2.0,1,0,0.5786674151095732,Medium Risk,Standard retention email
15074,14,1,748.87,455,41,17.830238095238094,1,748.87,455.0,1.0,0,1,0.5675984770713742,Medium Risk,Standard retention email
15076,82,1,880.85,571,49,17.976530612244897,1,880.85,571.0,1.0,0,1,0.5533360229701214,Medium Risk,Standard retention email
15078,15,22,6702.59,3387,83,21.27806349206349,9,304.66318181818184,153.95454545454547,2.4444444444444446,1,0,0.013796582160153927,Low Risk,Maintain standard engagement
15079,121,4,895.61,389,46,19.055531914893617,3,223.9025,97.25,1.3333333333333333,0,1,0.2697223960597403,Low Risk,Maintain standard engagement
15081,117,2,248.05,113,16,14.591176470588236,2,124.025,56.5,1.0,1,0,0.6147150043436895,Medium Risk,Standard retention email
15083,166,1,88.2,38,5,17.64,1,88.2,38.0,1.0,0,1,0.774725250456978,High Risk,Low-cost win-back email
15087,191,1,306.94,470,15,20.462666666666667,1,306.94,470.0,1.0,0,1,0.7119307940614064,High Risk,Low-cost win-back email
15089,3,3,2036.28,1189,117,16.82876033057851,2,678.76,396.3333333333333,1.5,1,0,0.34959646626168583,Medium Risk,Loyalty incentive
15090,217,1,381.32,208,23,16.57913043478261,1,381.32,208.0,1.0,0,1,0.7193658569150084,High Risk,Low-cost win-back email
15092,124,2,457.81,135,23,17.608076923076922,2,228.905,67.5,1.0,0,1,0.6448210287114657,Medium Risk,Standard retention email
15093,26,5,4027.1,3279,51,41.94895833333333,5,805.42,655.8,1.0,1,0,0.1253574250620768,Low Risk,Maintain standard engagement
15095,13,4,1370.6,1079,30,29.161702127659574,3,342.65,269.75,1.3333333333333333,0,1,0.27729125805749466,Low Risk,Maintain standard engagement
15098,91,3,39916.5,121,1,13305.5,1,13305.5,40.333333333333336,3.0,0,1,0.7677169898287222,High Risk,Priority reactivation campaign
15100,243,3,876.0,80,1,292.0,2,292.0,26.666666666666668,1.5,0,1,0.6717673416921135,High Risk,Priority reactivation campaign
15101,268,1,102.28,34,4,25.57,1,102.28,34.0,1.0,1,0,0.7762054178566344,High Risk,Low-cost win-back email
15104,106,2,1027.44,637,66,14.890434782608697,2,513.72,318.5,1.0,0,1,0.4346616785271046,Medium Risk,Standard retention email
15105,44,1,532.98,274,19,28.051578947368423,1,532.98,274.0,1.0,1,0,0.6186556255267668,Medium Risk,Standard retention email
15106,50,3,1032.83,822,67,14.34486111111111,3,344.27666666666664,274.0,1.0,1,0,0.26177645205487,Low Risk,Maintain standard engagement
15107,220,6,319.5,169,12,19.96875,3,53.25,28.166666666666668,2.0,0,1,0.7812520689954503,High Risk,Low-cost win-back email
15108,51,4,1300.25,499,50,21.670833333333334,3,325.0625,124.75,1.3333333333333333,0,1,0.2878072774305477,Low Risk,Maintain standard engagement
15109,155,1,484.95,131,28,17.319642857142856,1,484.95,131.0,1.0,0,1,0.7625043765060132,High Risk,Low-cost win-back email
15110,36,2,376.55,121,13,19.818421052631578,2,188.275,60.5,1.0,1,0,0.5340715868743693,Medium Risk,Standard retention email
15111,282,1,288.5,106,16,18.03125,1,288.5,106.0,1.0,1,0,0.6807773196715672,High Risk,Low-cost win-back email
15114,2,7,1678.97,1817,78,13.991416666666668,7,239.85285714285715,259.57142857142856,1.0,1,0,0.06794994222210923,Low Risk,Maintain standard engagement
15116,44,2,790.97,255,20,34.39,2,395.485,127.5,1.0,1,0,0.4517243250796369,Medium Risk,Standard retention email
15117,30,2,675.73,1085,31,19.30657142857143,2,337.865,542.5,1.0,1,0,0.5069804242190447,Medium Risk,Standard retention email
15118,43,1,244.8,1440,1,244.8,1,244.8,1440.0,1.0,0,1,0.682636104996473,High Risk,Low-cost win-back email
15119,155,1,266.4,88,14,19.02857142857143,1,266.4,88.0,1.0,0,1,0.7309328336680297,High Risk,Low-cost win-back email
15120,43,1,358.82,296,21,17.086666666666666,1,358.82,296.0,1.0,0,1,0.6162551811865504,Medium Risk,Standard retention email
15121,198,1,295.15,125,18,16.397222222222222,1,295.15,125.0,1.0,1,0,0.6937937560896917,High Risk,Low-cost win-back email
15122,23,3,1633.78,800,65,19.924146341463413,3,544.5933333333334,266.6666666666667,1.0,0,1,0.33952331243139133,Medium Risk,Loyalty incentive
15123,115,1,1069.47,509,53,20.178679245283018,1,1069.47,509.0,1.0,1,0,0.576548474691747,Medium Risk,Standard retention email
15124,101,1,90.75,89,9,10.083333333333334,1,90.75,89.0,1.0,1,0,0.7037115041568338,High Risk,Low-cost win-back email
15125,22,12,10795.48,5909,97,89.96233333333333,6,899.6233333333333,492.4166666666667,2.0,1,0,0.0571693933774497,Low Risk,Maintain standard engagement
15128,36,3,1170.24,1007,66,14.447407407407407,3,390.08,335.6666666666667,1.0,1,0,0.2614992227069775,Low Risk,Maintain standard engagement
15129,16,10,2796.73,1621,48,37.79364864864865,6,279.673,162.1,1.6666666666666667,1,0,0.039485290336487594,Low Risk,Maintain standard engagement
15130,79,1,330.11,197,22,15.005,1,330.11,197.0,1.0,0,1,0.581802597894727,Medium Risk,Standard retention email
15132,15,3,842.23,633,47,17.546458333333334,3,280.74333333333334,211.0,1.0,1,0,0.31924955266725835,Low Risk,Maintain standard engagement
15133,37,3,982.42,680,27,33.87655172413793,3,327.4733333333333,226.66666666666666,1.0,0,1,0.36274924569991274,Medium Risk,Loyalty incentive
15134,36,4,614.86,390,27,17.079444444444444,4,153.715,97.5,1.0,1,0,0.4013585771579335,Medium Risk,Loyalty incentive
15135,148,1,139.05,43,9,15.450000000000001,1,139.05,43.0,1.0,0,1,0.7709950455158502,High Risk,Low-cost win-back email
15136,5,1,582.9,374,29,20.099999999999998,1,582.9,374.0,1.0,1,0,0.5574272708894081,Medium Risk,Standard retention email
15139,149,2,178.96,208,13,13.766153846153847,2,89.48,104.0,1.0,0,1,0.7178658893186429,High Risk,Low-cost win-back email
15140,25,5,1728.11,1266,53,30.317719298245613,4,345.62199999999996,253.2,1.25,1,0,0.11297993500491024,Low Risk,Maintain standard engagement
15143,135,1,259.45,150,14,18.532142857142855,1,259.45,150.0,1.0,0,1,0.7106016960766137,High Risk,Low-cost win-back email
15144,2,10,3560.84,1920,99,28.716451612903228,6,356.084,192.0,1.6666666666666667,1,0,0.03248048175596179,Low Risk,Maintain standard engagement
15145,136,2,724.03,438,35,17.659268292682928,1,362.015,219.0,2.0,1,0,0.5958207130414173,Medium Risk,Standard retention email
15146,74,2,1327.16,1473,90,14.584175824175825,2,663.58,736.5,1.0,0,1,0.5033850106802795,Medium Risk,Standard retention email
15147,149,1,623.5,366,28,22.267857142857142,1,623.5,366.0,1.0,0,1,0.7073086910560348,High Risk,Priority reactivation campaign
15149,43,1,520.8000000000001,128,23,22.643478260869568,1,520.8000000000001,128.0,1.0,0,1,0.6662865593830989,High Risk,Priority reactivation campaign
15150,18,5,3569.62,2474,225,15.18987234042553,4,713.924,494.8,1.25,1,0,0.11764749003572005,Low Risk,Maintain standard engagement
15152,22,6,2383.21,1173,110,18.054621212121212,3,397.20166666666665,195.5,2.0,1,0,0.09692595986671945,Low Risk,Maintain standard engagement
15157,63,2,1505.37,1910,89,16.914269662921345,2,752.685,955.0,1.0,1,0,0.492335131613232,Medium Risk,Standard retention email
15159,22,18,8969.97,5666,205,25.41067988668555,8,498.33166666666665,314.77777777777777,2.25,1,0,0.013632776981725325,Low Risk,Maintain standard engagement
15160,266,1,158.16,84,4,39.54,1,158.16,84.0,1.0,0,1,0.760699456185643,High Risk,Low-cost win-back email
15163,101,1,155.0,48,10,15.5,1,155.0,48.0,1.0,1,0,0.6923756723411997,High Risk,Low-cost win-back email
15164,117,2,368.18,143,52,6.574642857142857,2,184.09,71.5,1.0,1,0,0.5718911404581791,Medium Risk,Standard retention email
15165,282,1,487.75,160,27,18.064814814814813,1,487.75,160.0,1.0,0,1,0.7191672616634975,High Risk,Low-cost win-back email
15167,230,1,163.0,67,39,3.975609756097561,1,163.0,67.0,1.0,0,1,0.6252348491304359,Medium Risk,Standard retention email
15171,240,1,1289.5,290,5,257.9,1,1289.5,290.0,1.0,0,1,0.7740125825494637,High Risk,Priority reactivation campaign
15172,45,3,886.74,838,60,14.53672131147541,3,295.58,279.3333333333333,1.0,1,0,0.25377726196923467,Low Risk,Maintain standard engagement
15174,232,1,135.75,145,11,12.340909090909092,1,135.75,145.0,1.0,0,1,0.7321374180124764,High Risk,Low-cost win-back email
15178,169,1,40.5,30,3,13.5,1,40.5,30.0,1.0,0,1,0.7415964608144172,High Risk,Low-cost win-back email
15179,143,3,1455.12,1294,45,31.633043478260866,2,485.03999999999996,431.3333333333333,1.5,1,0,0.4056736394179785,Medium Risk,Loyalty incentive
15180,276,1,87.5,36,6,14.583333333333334,1,87.5,36.0,1.0,0,1,0.7916217368888484,High Risk,Low-cost win-back email
15181,84,2,434.99999999999994,252,10,43.49999999999999,2,217.49999999999997,126.0,1.0,1,0,0.5587605515304985,Medium Risk,Standard retention email
15182,63,2,622.85,253,24,21.477586206896554,2,311.425,126.5,1.0,0,1,0.5137587600125622,Medium Risk,Standard retention email
15184,100,1,235.23000000000002,73,20,11.761500000000002,1,235.23000000000002,73.0,1.0,1,0,0.6857280388714182,High Risk,Low-cost win-back email
15186,77,1,229.26,162,10,22.926,1,229.26,162.0,1.0,1,0,0.6228843449121002,Medium Risk,Standard retention email
15187,1,6,1883.88,801,37,48.30461538461539,5,313.98,133.5,1.2,1,0,0.18238134341017018,Low Risk,Maintain standard engagement
15189,2,32,12537.67,4609,72,71.23676136363636,9,391.8021875,144.03125,3.5555555555555554,1,0,0.027701880719435253,Low Risk,Maintain standard engagement
15192,29,3,1044.32,918,36,20.47686274509804,3,348.1066666666666,306.0,1.0,0,1,0.3682541514268094,Medium Risk,Loyalty incentive
15194,36,11,4469.53,3283,152,21.082688679245283,7,406.3209090909091,298.45454545454544,1.5714285714285714,1,0,0.02326008447204617,Low Risk,Maintain standard engagement
15197,162,2,773.25,202,15,51.55,2,386.625,101.0,1.0,1,0,0.5455904891573031,Medium Risk,Standard retention email
15198,1,2,193.64,120,10,19.363999999999997,2,96.82,60.0,1.0,0,1,0.6898989116351624,High Risk,Low-cost win-back email
15199,4,3,967.75,305,4,96.775,3,322.5833333333333,101.66666666666667,1.0,1,0,0.3400268012357646,Medium Risk,Loyalty incentive
15201,35,4,933.26,914,29,17.947307692307692,3,233.315,228.5,1.3333333333333333,1,0,0.26717995418194945,Low Risk,Maintain standard engagement
15203,15,4,1328.32,1339,73,12.650666666666666,4,332.08,334.75,1.0,1,0,0.23604099580363808,Low Risk,Maintain standard engagement
15204,266,1,316.58,258,9,35.175555555555555,1,316.58,258.0,1.0,0,1,0.7259372756583693,High Risk,Low-cost win-back email
15205,36,1,476.29999999999995,196,24,19.84583333333333,1,476.29999999999995,196.0,1.0,1,0,0.5811637360456553,Medium Risk,Standard retention email
15206,9,3,236.7,90,3,39.449999999999996,3,78.89999999999999,30.0,1.0,1,0,0.500894398854566,Medium Risk,Loyalty incentive
15208,72,2,323.52,154,16,20.22,2,161.76,77.0,1.0,1,0,0.5932773964948356,Medium Risk,Standard retention email
15210,134,1,331.18,228,20,16.559,1,331.18,228.0,1.0,0,1,0.7060776807047933,High Risk,Low-cost win-back email
15211,274,1,383.07,117,23,16.655217391304348,1,383.07,117.0,1.0,1,0,0.7254339373241824,High Risk,Low-cost win-back email
15212,150,1,101.8,36,5,20.36,1,101.8,36.0,1.0,0,1,0.7801866523246656,High Risk,Low-cost win-back email
15213,228,2,328.35,272,22,13.68125,1,164.175,136.0,2.0,0,1,0.6827861942671112,High Risk,Low-cost win-back email
15214,93,2,651.63,556,46,14.165869565217392,2,325.815,278.0,1.0,1,0,0.4148363867382485,Medium Risk,Standard retention email
15215,6,1,300.04,92,16,18.7525,1,300.04,92.0,1.0,1,0,0.6035360919710528,Medium Risk,Standard retention email
15218,26,8,3865.35,2258,68,29.50648854961832,6,483.16875,282.25,1.3333333333333333,1,0,0.03102892814704824,Low Risk,Maintain standard engagement
15219,85,1,305.75,45,9,33.97222222222222,1,305.75,45.0,1.0,0,1,0.7258421321326745,High Risk,Low-cost win-back email
15220,24,5,1284.05,1137,84,14.591477272727273,5,256.81,227.4,1.0,1,0,0.1385673055525993,Low Risk,Maintain standard engagement
15221,275,1,403.25,43,5,80.65,1,403.25,43.0,1.0,0,1,0.818323944378444,High Risk,Low-cost win-back email
15222,228,1,585.0,440,5,117.0,1,585.0,440.0,1.0,0,1,0.7528688369633144,High Risk,Priority reactivation campaign
15223,135,2,755.75,213,14,37.7875,1,377.875,106.5,2.0,0,1,0.6448477175397818,Medium Risk,Standard retention email
15224,267,2,322.08,152,13,23.005714285714284,1,161.04,76.0,2.0,0,1,0.7319834407844623,High Risk,Low-cost win-back email
15225,143,1,409.40000000000003,226,23,17.8,1,409.40000000000003,226.0,1.0,0,1,0.7151508546299988,High Risk,Low-cost win-back email
15226,220,1,154.41,71,8,19.30125,1,154.41,71.0,1.0,0,1,0.7724477825307127,High Risk,Low-cost win-back email
15227,125,3,876.8199999999999,589,36,20.391162790697674,3,292.2733333333333,196.33333333333334,1.0,1,0,0.32861647102223107,Low Risk,Maintain standard engagement
15228,39,3,2224.03,1505,83,24.989101123595507,3,741.3433333333334,501.6666666666667,1.0,1,0,0.2746399250904985,Low Risk,Maintain standard engagement
15230,148,2,429.6,351,23,18.678260869565218,1,214.8,175.5,2.0,0,1,0.7012266085565672,High Risk,Low-cost win-back email
15232,22,2,612.06,686,26,19.743870967741934,2,306.03,343.0,1.0,0,1,0.5326327119074509,Medium Risk,Standard retention email
15234,186,1,197.0,196,14,14.071428571428571,1,197.0,196.0,1.0,0,1,0.682184343963326,High Risk,Low-cost win-back email
15235,127,12,2247.51,1324,132,15.716853146853149,5,187.29250000000002,110.33333333333333,2.4,0,1,0.40433858430108355,Medium Risk,Loyalty incentive
15236,208,1,321.05,269,15,21.403333333333332,1,321.05,269.0,1.0,0,1,0.7070022678990692,High Risk,Low-cost win-back email
15237,112,2,1093.65,798,74,14.39013157894737,2,546.825,399.0,1.0,1,0,0.45449082053304957,Medium Risk,Standard retention email
15238,4,2,772.78,577,37,20.885945945945945,2,386.39,288.5,1.0,1,0,0.45298338868816784,Medium Risk,Standard retention email
15240,101,3,1045.38,755,30,24.890000000000004,3,348.46000000000004,251.66666666666666,1.0,1,0,0.35597081395344277,Medium Risk,Loyalty incentive
15241,36,6,1344.86,1558,73,14.778681318681318,5,224.14333333333332,259.6666666666667,1.2,1,0,0.10341899192699076,Low Risk,Maintain standard engagement
15244,157,1,297.94,240,15,19.862666666666666,1,297.94,240.0,1.0,1,0,0.6752294957136291,High Risk,Low-cost win-back email
15245,43,3,2515.84,1784,55,28.267865168539327,3,838.6133333333333,594.6666666666666,1.0,0,1,0.36323887392977805,Medium Risk,Loyalty incentive
15246,147,2,514.15,247,32,15.58030303030303,2,257.075,123.5,1.0,0,1,0.5228530965306728,Medium Risk,Standard retention email
15247,31,1,356.0,160,6,59.333333333333336,1,356.0,160.0,1.0,0,1,0.6728840526543486,High Risk,Low-cost win-back email
15249,1,11,5639.34,3071,188,19.051824324324325,6,512.6672727272727,279.1818181818182,1.8333333333333333,1,0,0.027613437967593888,Low Risk,Maintain standard engagement
15251,16,7,7452.12,4576,67,96.78077922077922,5,1064.5885714285714,653.7142857142857,1.4,1,0,0.1132985464199439,Low Risk,Maintain standard engagement
15252,92,1,300.55,99,14,21.467857142857145,1,300.55,99.0,1.0,1,0,0.6524749146648825,Medium Risk,Standard retention email
15253,79,1,173.85,211,12,14.487499999999999,1,173.85,211.0,1.0,1,0,0.5907375545370848,Medium Risk,Standard retention email
15254,36,1,300.36,275,18,16.686666666666667,1,300.36,275.0,1.0,0,1,0.588410191589613,Medium Risk,Standard retention email
15256,58,1,98.45,55,6,16.408333333333335,1,98.45,55.0,1.0,0,1,0.6528448796066822,Medium Risk,Standard retention email
15257,192,1,317.15,46,7,45.30714285714286,1,317.15,46.0,1.0,0,1,0.7971449796572665,High Risk,Low-cost win-back email
15258,78,2,623.16,142,32,18.328235294117647,2,311.58,71.0,1.0,0,1,0.6058057594335314,Medium Risk,Standard retention email
15260,9,7,1810.77,885,62,23.516493506493507,6,258.68142857142857,126.42857142857143,1.1666666666666667,0,1,0.14986819159219714,Low Risk,Maintain standard engagement
15261,44,1,254.82,270,19,13.41157894736842,1,254.82,270.0,1.0,0,1,0.5757856546823331,Medium Risk,Standard retention email
15262,233,1,178.95000000000002,73,10,17.895000000000003,1,178.95000000000002,73.0,1.0,0,1,0.7561707872883826,High Risk,Low-cost win-back email
15263,16,1,156.51,89,12,13.042499999999999,1,156.51,89.0,1.0,0,1,0.6172741442673386,Medium Risk,Standard retention email
15265,60,2,1506.1200000000001,612,76,18.36731707317073,2,753.0600000000001,306.0,1.0,0,1,0.4547347873409838,Medium Risk,Standard retention email
15266,247,1,119.3,18,6,19.883333333333333,1,119.3,18.0,1.0,0,1,0.7908816364231757,High Risk,Low-cost win-back email
15267,65,2,1407.76,704,7,201.10857142857142,2,703.88,352.0,1.0,1,0,0.5695877607818787,Medium Risk,Standard retention email
15270,27,5,1850.29,1017,21,52.86542857142857,3,370.058,203.4,1.6666666666666667,1,0,0.19298989373592487,Low Risk,Maintain standard engagement
15271,4,10,1596.62,790,116,10.861360544217685,7,159.66199999999998,79.0,1.4285714285714286,1,0,0.04241801362829397,Low Risk,Maintain standard engagement
15279,264,1,290.51,189,19,15.29,1,290.51,189.0,1.0,0,1,0.6810254289907356,High Risk,Low-cost win-back email
15280,81,1,113.12,154,16,7.07,1,113.12,154.0,1.0,0,1,0.6299606359064004,Medium Risk,Standard retention email
15281,46,8,2191.78,1128,113,16.859846153846156,5,273.9725,141.0,1.6,1,0,0.07174932258484344,Low Risk,Maintain standard engagement
15288,65,4,2006.3600000000001,721,74,25.39696202531646,4,501.59000000000003,180.25,1.0,1,0,0.2663136205276077,Low Risk,Maintain standard engagement
15289,47,2,697.98,768,41,14.54125,2,348.99,384.0,1.0,1,0,0.4290295126683507,Medium Risk,Standard retention email
15290,13,12,3392.5899999999997,1723,51,28.996495726495723,8,282.7158333333333,143.58333333333334,1.5,1,0,0.024307770239226985,Low Risk,Maintain standard engagement
15291,4,12,3685.02,1457,57,42.35655172413793,6,307.085,121.41666666666667,2.0,1,0,0.03926483391582125,Low Risk,Maintain standard engagement
15292,110,1,180.94,56,24,7.2376,1,180.94,56.0,1.0,0,1,0.6847521459087957,High Risk,Low-cost win-back email
15296,18,5,2599.49,1275,118,18.306267605633803,4,519.8979999999999,255.0,1.25,1,0,0.12544815429146836,Low Risk,Maintain standard engagement
15298,2,7,3358.2200000000003,2120,87,27.082419354838713,6,479.7457142857143,302.85714285714283,1.1666666666666667,1,0,0.05485354682473673,Low Risk,Maintain standard engagement
15299,73,5,3035.01,2578,5,607.0020000000001,3,607.0020000000001,515.6,1.6666666666666667,1,0,0.2439258422162839,Low Risk,Maintain standard engagement
15301,23,9,3747.8,2022,130,22.045882352941177,7,416.4222222222222,224.66666666666666,1.2857142857142858,1,0,0.02450422868639383,Low Risk,Maintain standard engagement
15303,199,1,574.02,248,31,18.516774193548386,1,574.02,248.0,1.0,0,1,0.7232129458777098,High Risk,Priority reactivation campaign
15304,74,6,491.90000000000003,74,8,27.32777777777778,5,81.98333333333333,12.333333333333334,1.2,1,0,0.49071347542276944,Medium Risk,Loyalty incentive
15306,1,2,657.07,512,30,21.902333333333335,2,328.535,256.0,1.0,1,0,0.5183703025267083,Medium Risk,Standard retention email
15307,5,1,205.3,37,12,17.108333333333334,1,205.3,37.0,1.0,0,1,0.6234830644924565,Medium Risk,Standard retention email
15308,183,1,310.47,175,19,16.340526315789475,1,310.47,175.0,1.0,0,1,0.7096032918421968,High Risk,Low-cost win-back email
15311,3,65,46155.48,29510,470,26.756800000000002,10,710.0843076923078,454.0,6.5,1,0,0.01515172679170113,Low Risk,Maintain standard engagement
15312,12,3,794.8,410,33,20.91578947368421,3,264.93333333333334,136.66666666666666,1.0,1,0,0.37756435994794,Medium Risk,Loyalty incentive
15313,19,1,52.0,25,1,52.0,1,52.0,25.0,1.0,0,1,0.666841910078662,High Risk,Low-cost win-back email
15314,108,1,327.97,313,24,13.665416666666667,1,327.97,313.0,1.0,0,1,0.6387651062109749,Medium Risk,Standard retention email
15315,25,1,233.54,262,16,14.59625,1,233.54,262.0,1.0,1,0,0.5624097815182183,Medium Risk,Standard retention email
15316,236,1,165.0,100,1,165.0,1,165.0,100.0,1.0,0,1,0.7592403367040478,High Risk,Low-cost win-back email
15319,192,1,204.5,175,16,12.78125,1,204.5,175.0,1.0,0,1,0.6968393244330569,High Risk,Low-cost win-back email
15321,201,1,1159.47,545,38,30.51236842105263,1,1159.47,545.0,1.0,1,0,0.5698929297822662,Medium Risk,Standard retention email
15325,13,1,162.29,232,47,3.3120408163265305,1,162.29,232.0,1.0,0,1,0.5620226952181865,Medium Risk,Standard retention email
15326,243,1,311.71,386,29,10.748620689655171,1,311.71,386.0,1.0,0,1,0.7290897042980018,High Risk,Low-cost win-back email
15329,43,2,754.0,386,42,17.952380952380953,2,377.0,193.0,1.0,1,0,0.4466772914965718,Medium Risk,Standard retention email
15332,275,4,1661.06,652,29,47.45885714285714,1,415.265,163.0,4.0,0,1,0.5879185225688589,Medium Risk,Loyalty incentive
15333,117,1,1028.56,344,16,64.285,1,1028.56,344.0,1.0,0,1,0.7052284552809946,High Risk,Priority reactivation campaign
15334,66,3,351.67,274,67,3.5522222222222224,2,117.22333333333334,91.33333333333333,1.5,0,1,0.5770640408057246,Medium Risk,Loyalty incentive
15339,227,1,257.9,159,40,6.290243902439024,1,257.9,159.0,1.0,1,0,0.6253080535852461,Medium Risk,Standard retention email
15342,39,1,406.09,283,24,16.920416666666664,1,406.09,283.0,1.0,0,1,0.612357704897114,Medium Risk,Standard retention email
15346,242,1,252.42000000000002,144,17,14.848235294117648,1,252.42000000000002,144.0,1.0,0,1,0.7001760450238232,High Risk,Low-cost win-back email
15347,275,1,201.60000000000002,130,5,40.32000000000001,1,201.60000000000002,130.0,1.0,0,1,0.7387966537446636,High Risk,Low-cost win-back email
15349,67,2,473.81,327,65,6.580694444444444,2,236.905,163.5,1.0,0,1,0.47442077909221686,Medium Risk,Standard retention email
15350,282,1,115.65,51,5,23.130000000000003,1,115.65,51.0,1.0,0,1,0.7472222412174182,High Risk,Low-cost win-back email
15351,279,1,274.67,129,49,5.385686274509804,1,274.67,129.0,1.0,1,0,0.6003600446569216,Medium Risk,Standard retention email
15353,164,2,777.02,343,59,12.333650793650794,2,388.51,171.5,1.0,0,1,0.5383083611119306,Medium Risk,Standard retention email
15356,14,8,2279.64,1385,201,5.216567505720824,7,284.955,173.125,1.1428571428571428,1,0,0.06934248972398603,Low Risk,Maintain standard engagement
15358,29,15,5639.81,4933,240,15.160779569892474,9,375.98733333333337,328.8666666666667,1.6666666666666667,1,0,0.012452610424814273,Low Risk,Maintain standard engagement
15361,271,1,418.92,336,7,59.84571428571429,1,418.92,336.0,1.0,0,1,0.7400623254365989,High Risk,Low-cost win-back email
15363,282,1,326.0,144,16,20.375,1,326.0,144.0,1.0,0,1,0.730112296885155,High Risk,Low-cost win-back email
15364,5,2,913.19,493,29,31.489310344827587,2,456.595,246.5,1.0,0,1,0.5365489538876326,Medium Risk,Standard retention email
15365,5,2,961.28,404,44,20.452765957446807,2,480.64,202.0,1.0,1,0,0.47098333834999095,Medium Risk,Standard retention email
15366,267,1,105.54,61,8,13.1925,1,105.54,61.0,1.0,1,0,0.7589515826488608,High Risk,Low-cost win-back email
15367,155,2,1416.18,750,65,21.787384615384617,2,708.09,375.0,1.0,1,0,0.40883584161086595,Medium Risk,Standard retention email
15370,50,4,1513.46,611,54,22.256764705882354,4,378.365,152.75,1.0,1,0,0.25558558482445054,Low Risk,Maintain standard engagement
15372,46,1,2007.3999999999999,2924,27,74.34814814814814,1,2007.3999999999999,2924.0,1.0,0,1,0.6269453521463804,Medium Risk,Standard retention email
15373,25,9,1686.9,354,65,16.869,7,187.43333333333334,39.333333333333336,1.2857142857142858,1,0,0.11161897174098989,Low Risk,Maintain standard engagement
15374,38,1,168.0,126,3,56.0,1,168.0,126.0,1.0,0,1,0.6926364559770264,High Risk,Low-cost win-back email
15376,26,2,989.02,537,94,9.69627450980392,2,494.51,268.5,1.0,1,0,0.43142557489456246,Medium Risk,Standard retention email
15379,78,7,3703.29,2305,145,19.089123711340207,5,529.0414285714286,329.2857142857143,1.4,0,1,0.11046885248742173,Low Risk,Maintain standard engagement
15380,50,2,582.5600000000001,216,17,34.26823529411765,2,291.28000000000003,108.0,1.0,1,0,0.48827781390432023,Medium Risk,Standard retention email
15381,123,2,596.85,171,8,74.60625,2,298.425,85.5,1.0,0,1,0.6716115107653161,High Risk,Priority reactivation campaign
15382,94,4,2127.12,1628,97,16.362461538461538,3,531.78,407.0,1.3333333333333333,1,0,0.22727874730001113,Low Risk,Maintain standard engagement
15384,79,2,642.41,596,34,15.668536585365853,2,321.205,298.0,1.0,0,1,0.4911404765340126,Medium Risk,Standard retention email
15386,95,1,394.14,446,31,12.714193548387096,1,394.14,446.0,1.0,0,1,0.6269765915955675,Medium Risk,Standard retention email
15388,179,1,140.54,88,10,14.053999999999998,1,140.54,88.0,1.0,0,1,0.7644880951736422,High Risk,Low-cost win-back email
15389,81,1,500.0,400,1,500.0,1,500.0,400.0,1.0,0,1,0.7030614295632838,High Risk,Priority reactivation campaign
15392,269,1,338.98,402,19,17.841052631578947,1,338.98,402.0,1.0,1,0,0.7018050517069874,High Risk,Low-cost win-back email
15393,190,1,124.10000000000001,94,8,15.512500000000001,1,124.10000000000001,94.0,1.0,1,0,0.7575888425584217,High Risk,Low-cost win-back email
15394,113,2,1436.44,546,44,26.600740740740743,2,718.22,273.0,1.0,1,0,0.44414239068167005,Medium Risk,Standard retention email
15395,235,1,107.45,17,7,15.35,1,107.45,17.0,1.0,0,1,0.7891796496057784,High Risk,Low-cost win-back email
15396,22,1,288.18,122,14,20.584285714285716,1,288.18,122.0,1.0,0,1,0.6112211749827174,Medium Risk,Standard retention email
15397,199,1,94.0,20,6,15.666666666666666,1,94.0,20.0,1.0,0,1,0.7987990562246253,High Risk,Low-cost win-back email
15400,1,5,716.2,390,10,59.68333333333334,4,143.24,78.0,1.25,0,1,0.4165085507678968,Medium Risk,Loyalty incentive
15402,58,2,626.77,694,35,14.923095238095238,2,313.385,347.0,1.0,0,1,0.5006778759298905,Medium Risk,Standard retention email
15405,98,1,349.1,193,8,43.6375,1,349.1,193.0,1.0,0,1,0.6827549368378052,High Risk,Low-cost win-back email
15406,210,1,252.29,130,42,5.867209302325581,1,252.29,130.0,1.0,1,0,0.6005135174398113,Medium Risk,Standard retention email
15407,93,3,740.73,329,62,11.947258064516129,3,246.91,109.66666666666667,1.0,1,0,0.30609655610438335,Low Risk,Maintain standard engagement
15408,173,1,267.18,106,34,7.858235294117647,1,267.18,106.0,1.0,0,1,0.64998421935368,Medium Risk,Standard retention email
15410,8,7,3089.4100000000003,1049,43,28.872990654205612,6,441.3442857142858,149.85714285714286,1.1666666666666667,1,0,0.07209472153029496,Low Risk,Maintain standard engagement
15411,33,2,382.21,155,22,17.373181818181816,2,191.105,77.5,1.0,1,0,0.43907692621387684,Medium Risk,Standard retention email
15412,80,1,190.53,108,10,19.053,1,190.53,108.0,1.0,0,1,0.686148654328382,High Risk,Low-cost win-back email
15414,151,1,36.2,12,5,7.24,1,36.2,12.0,1.0,1,0,0.6376625123150946,Medium Risk,Standard retention email
15415,222,1,572.8100000000001,575,46,11.933541666666668,1,572.8100000000001,575.0,1.0,0,1,0.6974164590048164,High Risk,Priority reactivation campaign
15416,64,3,3144.33,1698,135,20.823377483443707,3,1048.11,566.0,1.0,1,0,0.3004501254177126,Low Risk,Maintain standard engagement
15421,124,3,739.36,379,35,18.03317073170732,2,246.45333333333335,126.33333333333333,1.5,1,0,0.4162453236241591,Medium Risk,Loyalty incentive
15422,232,2,97.7,38,6,16.283333333333335,1,48.85,19.0,2.0,0,1,0.776519460025106,High Risk,Low-cost win-back email
15424,163,2,383.34,554,17,22.54941176470588,1,191.67,277.0,2.0,0,1,0.6794221526033738,High Risk,Low-cost win-back email
15426,166,2,662.98,265,101,5.5248333333333335,2,331.49,132.5,1.0,1,0,0.3862656408379293,Medium Risk,Standard retention email
15433,123,2,533.3,534,40,13.00731707317073,2,266.65,267.0,1.0,0,1,0.5015981163943694,Medium Risk,Standard retention email
15434,16,3,587.28,479,32,18.3525,2,195.76,159.66666666666666,1.5,1,0,0.4151443799587404,Medium Risk,Loyalty incentive
15436,143,1,489.05,251,124,3.761923076923077,1,489.05,251.0,1.0,1,0,0.5827677550467031,Medium Risk,Standard retention email
15437,171,1,200.16,79,44,4.4479999999999995,1,200.16,79.0,1.0,0,1,0.6157940252314726,Medium Risk,Standard retention email
15438,40,1,156.57999999999998,59,25,6.263199999999999,1,156.57999999999998,59.0,1.0,0,1,0.6235344560832154,Medium Risk,Standard retention email
15440,45,2,237.66,125,25,7.426875,2,118.83,62.5,1.0,1,0,0.4855493851895007,Medium Risk,Standard retention email
15442,158,1,594.0,120,2,297.0,1,594.0,120.0,1.0,0,1,0.8046551305013159,High Risk,Priority reactivation campaign
15443,18,2,684.8,347,72,9.254054054054054,2,342.4,173.5,1.0,1,0,0.4381338287252824,Medium Risk,Standard retention email
15445,173,1,113.5,58,5,22.7,1,113.5,58.0,1.0,0,1,0.7533016889253176,High Risk,Low-cost win-back email
15447,240,1,155.17,85,9,17.24111111111111,1,155.17,85.0,1.0,0,1,0.7674456587072478,High Risk,Low-cost win-back email
15448,222,1,494.64,232,28,17.665714285714284,1,494.64,232.0,1.0,0,1,0.7408936448782383,High Risk,Low-cost win-back email
15449,94,2,647.7,516,30,16.192500000000003,2,323.85,258.0,1.0,1,0,0.4910555509173733,Medium Risk,Standard retention email
15452,173,1,247.25,137,36,5.75,1,247.25,137.0,1.0,1,0,0.5883766846806198,Medium Risk,Standard retention email
15453,1,4,712.8,362,102,4.752,3,178.2,90.5,1.3333333333333333,1,0,0.1976024447331204,Low Risk,Maintain standard engagement
15454,271,1,179.1,86,23,7.164,1,179.1,86.0,1.0,0,1,0.7109322455283973,High Risk,Low-cost win-back email
15456,192,3,447.22,660,48,7.453666666666667,2,149.07333333333335,220.0,1.5,0,1,0.5513685096498943,Medium Risk,Loyalty incentive
15457,171,1,237.07,132,56,4.087413793103448,1,237.07,132.0,1.0,0,1,0.6323398931061537,Medium Risk,Standard retention email
15460,263,1,216.76,109,53,3.7372413793103445,1,216.76,109.0,1.0,0,1,0.6498205464538741,Medium Risk,Standard retention email
15462,3,3,234.6,172,9,21.327272727272728,3,78.2,57.333333333333336,1.0,0,1,0.5701404569906665,Medium Risk,Loyalty incentive
15464,247,1,1048.85,350,155,6.680573248407643,1,1048.85,350.0,1.0,0,1,0.7314089493315037,High Risk,Priority reactivation campaign
15465,48,15,5992.129999999999,906,38,79.89506666666665,7,399.47533333333325,60.4,2.142857142857143,1,0,0.0820450919341724,Low Risk,Maintain standard engagement
15467,54,2,402.56,235,36,10.322051282051282,1,201.28,117.5,2.0,1,0,0.4901715301358077,Medium Risk,Standard retention email
15469,29,1,304.3,128,16,19.01875,1,304.3,128.0,1.0,1,0,0.614001233669839,Medium Risk,Standard retention email
15472,22,1,371.56,251,76,4.888947368421053,1,371.56,251.0,1.0,0,1,0.4972523931406977,Medium Risk,Standard retention email
15480,25,1,905.5,303,45,20.122222222222224,1,905.5,303.0,1.0,0,1,0.6039864454840396,Medium Risk,Standard retention email
15482,75,4,2103.5,691,17,95.61363636363636,3,525.875,172.75,1.3333333333333333,1,0,0.2637062777816898,Low Risk,Maintain standard engagement
15483,70,4,233.81,295,74,2.656931818181818,2,58.4525,73.75,2.0,0,1,0.6944919652409337,High Risk,Low-cost win-back email
15485,245,2,1278.63,603,33,29.73558139534884,2,639.315,301.5,1.0,1,0,0.4953896503165448,Medium Risk,Standard retention email
15488,2,1,91.32000000000001,73,2,45.660000000000004,1,91.32000000000001,73.0,1.0,0,1,0.6931489609476346,High Risk,Low-cost win-back email
15489,120,1,348.26,220,23,15.141739130434782,1,348.26,220.0,1.0,1,0,0.6379996600230411,Medium Risk,Standard retention email
15491,4,6,3100.09,1646,108,20.130454545454548,5,516.6816666666667,274.3333333333333,1.2,0,1,0.1588470567850545,Low Risk,Maintain standard engagement
15493,59,3,1318.75,362,126,6.762820512820513,3,439.5833333333333,120.66666666666667,1.0,1,0,0.33355621196110263,Medium Risk,Loyalty incentive
15494,30,1,1127.38,1077,87,12.811136363636365,1,1127.38,1077.0,1.0,1,0,0.5323858629988519,Medium Risk,Standard retention email
15497,229,1,970.6,528,10,97.06,1,970.6,528.0,1.0,1,0,0.6707261080080668,High Risk,Priority reactivation campaign
15498,30,19,9126.37,4525,288,24.14383597883598,7,480.33526315789476,238.1578947368421,2.7142857142857144,1,0,0.015895034379110246,Low Risk,Maintain standard engagement
15502,33,5,5955.53,3761,148,34.62517441860465,3,1191.106,752.2,1.6666666666666667,1,0,0.10514987808505875,Low Risk,Maintain standard engagement
15503,272,1,147.09,74,66,2.1012857142857144,1,147.09,74.0,1.0,0,1,0.5966867301516234,Medium Risk,Standard retention email
15505,23,3,2091.14,964,36,52.278499999999994,2,697.0466666666666,321.3333333333333,1.5,1,0,0.39235209164240753,Medium Risk,Loyalty incentive
15506,48,1,209.35,146,45,3.9499999999999997,1,209.35,146.0,1.0,1,0,0.517002725396736,Medium Risk,Standard retention email
15507,81,1,492.36,162,41,10.703478260869565,1,492.36,162.0,1.0,0,1,0.5937158969223533,Medium Risk,Standard retention email
15508,98,6,1000.27,440,78,10.8725,3,166.71166666666667,73.33333333333333,2.0,0,1,0.2414851240351699,Low Risk,Maintain standard engagement
15510,240,1,250.0,2,1,250.0,1,250.0,2.0,1.0,0,1,0.7978960480728661,High Risk,Low-cost win-back email
15512,65,2,121.0,68,7,17.285714285714285,2,60.5,34.0,1.0,0,1,0.7385356415314862,High Risk,Low-cost win-back email
15513,4,17,11352.14,4424,160,44.51819607843137,8,667.7729411764706,260.2352941176471,2.125,1,0,0.021839668987182193,Low Risk,Maintain standard engagement
15514,135,6,2561.94,1216,50,23.721666666666668,3,426.99,202.66666666666666,2.0,1,0,0.18313942815147613,Low Risk,Maintain standard engagement
15517,142,1,267.03,293,27,9.889999999999999,1,267.03,293.0,1.0,0,1,0.7133601444102878,High Risk,Low-cost win-back email
15518,33,7,1624.76,1127,125,8.551368421052631,4,232.10857142857142,161.0,1.75,1,0,0.09759771008632008,Low Risk,Maintain standard engagement
15521,4,7,2326.7799999999997,1470,113,14.452049689440992,5,332.3971428571428,210.0,1.4,1,0,0.06625252412770057,Low Risk,Maintain standard engagement
15525,282,1,313.93,124,44,5.507543859649123,1,313.93,124.0,1.0,1,0,0.6158377665868199,Medium Risk,Standard retention email
15527,54,5,1330.79,509,68,16.229146341463416,5,266.158,101.8,1.0,1,0,0.20643473813788768,Low Risk,Maintain standard engagement
15528,163,1,229.33,123,26,8.820384615384615,1,229.33,123.0,1.0,0,1,0.6959626226603705,High Risk,Low-cost win-back email
15529,52,8,2399.08,2038,280,6.215233160621762,6,299.885,254.75,1.3333333333333333,1,0,0.039636750112794814,Low Risk,Maintain standard engagement
15530,59,3,1168.73,666,77,12.433297872340425,3,389.57666666666665,222.0,1.0,1,0,0.28568406493715887,Low Risk,Maintain standard engagement
15532,40,3,1225.79,375,165,6.0383743842364535,3,408.59666666666664,125.0,1.0,1,0,0.3271750038525749,Low Risk,Maintain standard engagement
15535,82,4,536.4,143,55,7.152,3,134.1,35.75,1.3333333333333333,0,1,0.5756503054468621,Medium Risk,Loyalty incentive
15537,72,1,110.92,29,24,4.621666666666667,1,110.92,29.0,1.0,0,1,0.644908748184158,Medium Risk,Standard retention email
15541,23,1,85.13000000000001,49,29,2.9355172413793107,1,85.13000000000001,49.0,1.0,0,1,0.6620660826195154,High Risk,Low-cost win-back email
15543,197,1,127.86,86,26,4.566428571428571,1,127.86,86.0,1.0,0,1,0.692537103645095,High Risk,Low-cost win-back email
15544,29,7,2772.37,2212,95,13.861849999999999,6,396.05285714285714,316.0,1.1666666666666667,1,0,0.03668390326802835,Low Risk,Maintain standard engagement
15545,280,1,135.32999999999998,75,31,4.365483870967742,1,135.32999999999998,75.0,1.0,1,0,0.5922134615810468,Medium Risk,Standard retention email
15547,19,8,2770.71,1846,236,7.6750969529085875,7,346.33875,230.75,1.1428571428571428,1,0,0.046063536835005775,Low Risk,Maintain standard engagement
15549,66,2,1631.68,660,94,15.68923076923077,2,815.84,330.0,1.0,1,0,0.38525503012249607,Medium Risk,Standard retention email
15550,15,3,433.28,252,36,8.842448979591836,3,144.42666666666665,84.0,1.0,1,0,0.4630353072120697,Medium Risk,Loyalty incentive
15552,126,1,90.12,60,17,5.301176470588236,1,90.12,60.0,1.0,0,1,0.7231660440164511,High Risk,Low-cost win-back email
15554,187,1,217.2,74,14,15.514285714285714,1,217.2,74.0,1.0,0,1,0.7319001844716808,High Risk,Low-cost win-back email
15555,13,10,2819.94,2440,260,5.595119047619048,6,281.994,244.0,1.6666666666666667,1,0,0.034694973364082914,Low Risk,Maintain standard engagement
15561,59,3,449.66999999999996,95,16,28.104374999999997,2,149.89,31.666666666666668,1.5,1,0,0.5717458382195971,Medium Risk,Loyalty incentive
15562,261,1,134.55,39,1,134.55,1,134.55,39.0,1.0,0,1,0.789516022399998,High Risk,Low-cost win-back email
15563,110,2,735.62,742,55,11.86483870967742,2,367.81,371.0,1.0,1,0,0.41834099720601664,Medium Risk,Standard retention email
15569,13,5,1375.71,666,27,44.377741935483876,3,275.142,133.2,1.6666666666666667,0,1,0.30239945363228643,Low Risk,Maintain standard engagement
15570,51,9,2826.68,1139,184,11.5374693877551,6,314.0755555555555,126.55555555555556,1.5,1,0,0.04774715672071854,Low Risk,Maintain standard engagement
15572,19,4,1555.29,689,109,11.782499999999999,3,388.8225,172.25,1.3333333333333333,1,0,0.22754522023939008,Low Risk,Maintain standard engagement
15574,87,4,702.25,349,131,4.180059523809524,2,175.5625,87.25,2.0,0,1,0.4865054834545442,Medium Risk,Loyalty incentive
15577,60,3,258.88,89,39,6.637948717948718,2,86.29333333333334,29.666666666666668,1.5,0,1,0.6658481685977375,High Risk,Low-cost win-back email
15578,71,1,127.1,52,13,9.776923076923076,1,127.1,52.0,1.0,0,1,0.6529780961270367,Medium Risk,Standard retention email
15579,223,1,199.6,56,25,7.676923076923076,1,199.6,56.0,1.0,1,0,0.6982003822330692,High Risk,Low-cost win-back email
15581,30,13,3679.9700000000003,286,134,24.69778523489933,6,283.0746153846154,22.0,2.1666666666666665,0,1,0.5056222088314332,Medium Risk,Loyalty incentive
15582,9,2,541.51,407,33,15.041944444444445,2,270.755,203.5,1.0,1,0,0.45322248200164067,Medium Risk,Standard retention email
15584,71,1,154.65,49,35,4.295833333333333,1,154.65,49.0,1.0,1,0,0.610601978850644,Medium Risk,Standard retention email
15585,86,1,455.3,320,31,14.687096774193549,1,455.3,320.0,1.0,0,1,0.5936433861433437,Medium Risk,Standard retention email
15587,52,2,456.84,156,3,91.368,2,228.42,78.0,1.0,1,0,0.5281958351360915,Medium Risk,Standard retention email
15589,165,3,478.53000000000003,243,28,16.501034482758623,2,159.51000000000002,81.0,1.5,0,1,0.5856074790016451,Medium Risk,Loyalty incentive
15594,3,2,788.22,464,43,17.516000000000002,2,394.11,232.0,1.0,1,0,0.457952818986645,Medium Risk,Standard retention email
15596,10,5,1406.59,561,51,18.267402597402597,5,281.318,112.2,1.0,0,1,0.28288884947919113,Low Risk,Maintain standard engagement
15599,113,1,448.83,361,29,15.476896551724137,1,448.83,361.0,1.0,1,0,0.6038677693889454,Medium Risk,Standard retention email
15601,32,11,5585.46,4003,200,16.57406528189911,7,507.7690909090909,363.90909090909093,1.5714285714285714,1,0,0.017056078683757202,Low Risk,Maintain standard engagement
15602,110,5,542.95,345,12,31.93823529411765,3,108.59,69.0,1.6666666666666667,1,0,0.5239556753922895,Medium Risk,Loyalty incentive
15605,161,3,690.1800000000001,266,37,17.696923076923078,3,230.06000000000003,88.66666666666667,1.0,1,0,0.37007262219222636,Medium Risk,Loyalty incentive
15606,28,8,2439.38,762,42,37.52892307692308,6,304.9225,95.25,1.3333333333333333,1,0,0.054684392682927956,Low Risk,Maintain standard engagement
15607,245,1,104.76,202,13,8.05846153846154,1,104.76,202.0,1.0,0,1,0.7077352125180606,High Risk,Low-cost win-back email
15608,30,1,285.68,230,18,15.871111111111112,1,285.68,230.0,1.0,1,0,0.5508897308165961,Medium Risk,Standard retention email
15609,93,1,298.48,148,16,18.655,1,298.48,148.0,1.0,0,1,0.6466414202938868,Medium Risk,Standard retention email
15611,13,8,947.1400000000001,257,17,39.46416666666667,4,118.39250000000001,32.125,2.0,1,0,0.29517514484887725,Low Risk,Maintain standard engagement
15615,15,19,7367.85,3837,153,24.15688524590164,8,387.7815789473684,201.94736842105263,2.375,1,0,0.01374650987947948,Low Risk,Maintain standard engagement
15618,1,3,419.041,215,22,17.460041666666665,2,139.68033333333332,71.66666666666667,1.5,1,0,0.47613537554950586,Medium Risk,Loyalty incentive
15620,130,2,875.01,600,59,14.583499999999999,2,437.505,300.0,1.0,1,0,0.45692096055248443,Medium Risk,Standard retention email
15622,106,5,2602.0,1225,127,18.855072463768117,3,520.4,245.0,1.6666666666666667,1,0,0.14624282178357936,Low Risk,Maintain standard engagement
15623,50,1,301.03,125,19,15.843684210526314,1,301.03,125.0,1.0,0,1,0.5779242053869458,Medium Risk,Standard retention email
15624,26,4,588.13,357,26,17.297941176470587,4,147.0325,89.25,1.0,0,1,0.48707411905193,Medium Risk,Loyalty incentive
15625,13,4,1534.26,1188,44,23.9728125,3,383.565,297.0,1.3333333333333333,0,1,0.25972372875375477,Low Risk,Maintain standard engagement
15626,239,1,281.88,312,20,14.094,1,281.88,312.0,1.0,1,0,0.712869952072257,High Risk,Low-cost win-back email
15628,7,5,1625.4,1058,58,17.47741935483871,5,325.08000000000004,211.6,1.0,1,0,0.14827959460241524,Low Risk,Maintain standard engagement
15630,114,1,396.86,280,21,18.898095238095237,1,396.86,280.0,1.0,1,0,0.6352927932337287,Medium Risk,Standard retention email
15632,31,6,2351.84,1304,76,20.630175438596492,5,391.97333333333336,217.33333333333334,1.2,1,0,0.0929279145496729,Low Risk,Maintain standard engagement
15636,191,1,306.7,82,8,38.3375,1,306.7,82.0,1.0,1,0,0.7640924616176353,High Risk,Low-cost win-back email
15639,43,1,425.32,323,25,17.0128,1,425.32,323.0,1.0,0,1,0.6175903808304958,Medium Risk,Standard retention email
15640,31,11,8919.34,4895,193,26.545654761904764,7,810.8490909090909,445.0,1.5714285714285714,1,0,0.01938047434655549,Low Risk,Maintain standard engagement
15641,14,4,1887.2,1562,102,15.858823529411765,3,471.8,390.5,1.3333333333333333,0,1,0.26254953840557277,Low Risk,Maintain standard engagement
15643,101,3,664.0,246,31,20.12121212121212,2,221.33333333333334,82.0,1.5,0,1,0.5274530048904505,Medium Risk,Loyalty incentive
15644,75,4,813.0,557,166,3.4159663865546217,2,203.25,139.25,2.0,0,1,0.4557846289696489,Medium Risk,Loyalty incentive
15646,67,3,447.64000000000004,394,35,12.789714285714288,3,149.21333333333334,131.33333333333334,1.0,0,1,0.5108710795153353,Medium Risk,Loyalty incentive
15648,113,2,657.35,221,23,26.294,2,328.675,110.5,1.0,0,1,0.5565884397313215,Medium Risk,Standard retention email
15649,245,2,816.0,192,1,408.0,2,408.0,96.0,1.0,0,1,0.7184922536411289,High Risk,Priority reactivation campaign
15651,170,1,227.32,238,16,14.2075,1,227.32,238.0,1.0,1,0,0.6804300197497981,High Risk,Low-cost win-back email
15653,2,2,877.4399999999999,1200,4,146.23999999999998,2,438.71999999999997,600.0,1.0,0,1,0.6979121214262796,High Risk,Priority reactivation campaign
15655,152,1,560.67,324,34,16.490294117647057,1,560.67,324.0,1.0,0,1,0.6962015188215204,High Risk,Priority reactivation campaign
15656,87,3,563.63,202,34,16.103714285714286,3,187.87666666666667,67.33333333333333,1.0,1,0,0.4258117520053716,Medium Risk,Loyalty incentive
15658,99,5,1024.1000000000001,242,40,21.33541666666667,5,204.82000000000002,48.4,1.0,0,1,0.5370321613924457,Medium Risk,Loyalty incentive
15660,45,6,884.34,578,35,17.00653846153846,4,147.39000000000001,96.33333333333333,1.5,1,0,0.17825197250281402,Low Risk,Maintain standard engagement
15661,226,2,309.8,236,4,61.96,1,154.9,118.0,2.0,0,1,0.7250849709400696,High Risk,Low-cost win-back email
15663,15,1,138.14,106,9,15.348888888888887,1,138.14,106.0,1.0,0,1,0.6275377354920761,Medium Risk,Standard retention email
15665,77,2,2242.01,1666,92,19.327672413793106,2,1121.005,833.0,1.0,0,1,0.419982198261111,Medium Risk,Standard retention email
15668,127,1,76.32000000000001,72,1,76.32000000000001,1,76.32000000000001,72.0,1.0,0,1,0.7917875651196636,High Risk,Low-cost win-back email
15669,13,3,565.54,262,29,18.851333333333333,3,188.51333333333332,87.33333333333333,1.0,1,0,0.4149111695223162,Medium Risk,Loyalty incentive
15670,206,1,173.05,91,12,14.420833333333334,1,173.05,91.0,1.0,0,1,0.7347548197365356,High Risk,Low-cost win-back email
15671,4,5,1972.89,1185,47,30.82640625,4,394.57800000000003,237.0,1.25,1,0,0.13832919276814692,Low Risk,Maintain standard engagement
15673,66,3,2104.39,1064,82,18.6229203539823,3,701.4633333333333,354.6666666666667,1.0,1,0,0.25060928522301473,Low Risk,Maintain standard engagement
15674,123,4,1379.66,626,39,22.994333333333334,3,344.915,156.5,1.3333333333333333,1,0,0.24171667853138767,Low Risk,Maintain standard engagement
15675,64,2,225.39,485,16,14.086875,2,112.695,242.5,1.0,1,0,0.4875510640935648,Medium Risk,Standard retention email
15676,193,1,897.8,555,61,14.718032786885246,1,897.8,555.0,1.0,1,0,0.557016968283084,Medium Risk,Standard retention email
15679,63,2,260.26,398,18,11.83,2,130.13,199.0,1.0,1,0,0.4670772915942857,Medium Risk,Standard retention email
15680,275,1,478.89,331,30,15.963,1,478.89,331.0,1.0,1,0,0.6849433107118759,High Risk,Low-cost win-back email
15681,92,3,703.22,450,22,21.975625,2,234.40666666666667,150.0,1.5,1,0,0.4713751971823825,Medium Risk,Loyalty incentive
15683,26,1,193.75,131,10,19.375,1,193.75,131.0,1.0,0,1,0.6677772457846817,High Risk,Low-cost win-back email
15687,96,5,1679.45,657,69,17.313917525773196,4,335.89,131.4,1.25,1,0,0.19709052474658836,Low Risk,Maintain standard engagement
15689,29,2,254.1,84,8,28.233333333333334,2,127.05,42.0,1.0,0,1,0.6275217570932288,Medium Risk,Standard retention email
15690,10,1,111.0,204,8,13.875,1,111.0,204.0,1.0,1,0,0.5311684399268658,Medium Risk,Standard retention email
15691,161,1,136.8,72,2,68.4,1,136.8,72.0,1.0,0,1,0.7678313136225864,High Risk,Low-cost win-back email
15694,85,9,3305.78,739,23,82.64450000000001,6,367.30888888888893,82.11111111111111,1.5,1,0,0.12370678649764211,Low Risk,Maintain standard engagement
15695,176,2,409.98,212,22,18.635454545454547,1,204.99,106.0,2.0,0,1,0.6970481681682008,High Risk,Low-cost win-back email
15696,130,6,1637.9,718,89,15.749038461538463,3,272.98333333333335,119.66666666666667,2.0,1,0,0.18508814242484742,Low Risk,Maintain standard engagement
15700,81,2,696.68,357,85,8.10093023255814,1,348.34,178.5,2.0,0,1,0.5301601068945275,Medium Risk,Standard retention email
15701,20,1,857.0,479,119,6.748031496062992,1,857.0,479.0,1.0,1,0,0.5409512081662506,Medium Risk,Standard retention email
15703,174,1,211.5,66,5,42.3,1,211.5,66.0,1.0,0,1,0.7549152777977347,High Risk,Low-cost win-back email
15704,49,4,2293.62,1028,79,19.603589743589744,3,573.405,257.0,1.3333333333333333,0,1,0.22981975781224495,Low Risk,Maintain standard engagement
15705,110,1,143.1,62,6,23.849999999999998,1,143.1,62.0,1.0,0,1,0.7110932259802633,High Risk,Low-cost win-back email
15706,25,1,450.05,160,29,15.51896551724138,1,450.05,160.0,1.0,1,0,0.5659304172998805,Medium Risk,Standard retention email
15708,48,6,2700.43,1037,103,11.491191489361702,5,450.07166666666666,172.83333333333334,1.2,1,0,0.11809593998351235,Low Risk,Maintain standard engagement
15709,193,1,133.25,121,6,22.208333333333332,1,133.25,121.0,1.0,0,1,0.7500039732106669,High Risk,Low-cost win-back email
15712,19,3,766.3100000000001,371,32,18.69048780487805,3,255.4366666666667,123.66666666666667,1.0,1,0,0.3543867878557033,Medium Risk,Loyalty incentive
15713,52,2,356.7,150,18,18.773684210526316,2,178.35,75.0,1.0,0,1,0.533132696526667,Medium Risk,Standard retention email
15716,55,4,1118.81,744,101,9.481440677966102,4,279.7025,186.0,1.0,0,1,0.27891846578856944,Low Risk,Maintain standard engagement
15717,143,1,150.3,70,7,21.47142857142857,1,150.3,70.0,1.0,0,1,0.770528200003165,High Risk,Low-cost win-back email
15719,9,11,4068.67,2178,260,5.2162435897435895,9,369.8790909090909,198.0,1.2222222222222223,1,0,0.024247234911888477,Low Risk,Maintain standard engagement
15722,18,3,1424.8,593,32,29.683333333333334,3,474.93333333333334,197.66666666666666,1.0,1,0,0.34180259120982226,Medium Risk,Loyalty incentive
15723,274,1,203.1,87,37,4.953658536585365,1,203.1,87.0,1.0,0,1,0.6150128873338695,Medium Risk,Standard retention email
15724,110,2,218.25,73,11,19.84090909090909,2,109.125,36.5,1.0,0,1,0.7491002193398539,High Risk,Low-cost win-back email
15727,16,6,4609.29,2627,191,17.525817490494298,6,768.215,437.8333333333333,1.0,1,0,0.06023207917049973,Low Risk,Maintain standard engagement
15729,122,1,85.0,28,5,17.0,1,85.0,28.0,1.0,0,1,0.7377427837998684,High Risk,Low-cost win-back email
15730,1,2,777.22,489,46,16.536595744680852,2,388.61,244.5,1.0,1,0,0.4721219402952512,Medium Risk,Standard retention email
15732,121,2,294.12,215,13,21.00857142857143,2,147.06,107.5,1.0,0,1,0.6184196213179349,Medium Risk,Standard retention email
15733,192,1,162.3,62,10,16.23,1,162.3,62.0,1.0,0,1,0.7548528614256739,High Risk,Low-cost win-back email
15734,24,2,1339.45,346,25,51.517307692307696,2,669.725,173.0,1.0,0,1,0.555112443746566,Medium Risk,Standard retention email
15737,57,5,897.9300000000001,445,43,16.628333333333334,3,179.586,89.0,1.6666666666666667,1,0,0.20932945950772022,Low Risk,Maintain standard engagement
15738,6,13,3853.4500000000003,2357,45,28.757089552238806,10,296.4192307692308,181.30769230769232,1.3,1,0,0.014772824781968818,Low Risk,Maintain standard engagement
15743,22,2,434.05,119,31,12.766176470588235,2,217.025,59.5,1.0,1,0,0.48649987813008577,Medium Risk,Standard retention email
15745,145,1,302.85,127,18,16.825000000000003,1,302.85,127.0,1.0,1,0,0.6993915334982931,High Risk,Low-cost win-back email
15746,43,1,196.88,178,28,7.031428571428571,1,196.88,178.0,1.0,0,1,0.5938236031522479,Medium Risk,Standard retention email
15747,29,2,549.47,293,26,12.210444444444445,2,274.735,146.5,1.0,1,0,0.44829793128270645,Medium Risk,Standard retention email
15749,144,3,44534.3,18028,5,4453.43,2,14844.766666666668,6009.333333333333,1.5,0,1,0.6552645804730121,Medium Risk,Loyalty incentive
15750,80,4,1109.83,1054,125,8.344586466165413,3,277.4575,263.5,1.3333333333333333,1,0,0.19454329841884796,Low Risk,Maintain standard engagement
15752,2,6,2104.15,1675,207,6.098985507246377,6,350.69166666666666,279.1666666666667,1.0,1,0,0.07733449823557231,Low Risk,Maintain standard engagement
15753,214,1,79.2,144,1,79.2,1,79.2,144.0,1.0,0,1,0.7847056892811586,High Risk,Low-cost win-back email
15754,156,1,91.8,36,6,15.299999999999999,1,91.8,36.0,1.0,1,0,0.7839890065025052,High Risk,Low-cost win-back email
15755,17,3,1144.83,624,65,17.34590909090909,3,381.60999999999996,208.0,1.0,1,0,0.31607954014593476,Low Risk,Maintain standard engagement
15756,62,3,364.84,167,118,2.6826470588235294,3,121.61333333333333,55.666666666666664,1.0,1,0,0.2780856935563632,Low Risk,Maintain standard engagement
15757,127,1,261.36,167,16,16.335,1,261.36,167.0,1.0,1,0,0.6612181907408363,High Risk,Low-cost win-back email
15759,127,3,253.04,60,5,36.14857142857143,3,84.34666666666666,20.0,1.0,0,1,0.572715653049965,Medium Risk,Loyalty incentive
15764,16,5,3276.62,2048,150,18.407977528089887,3,655.324,409.6,1.6666666666666667,1,0,0.11392392747748735,Low Risk,Maintain standard engagement
15768,25,3,621.8299999999999,244,23,23.03074074074074,3,207.27666666666664,81.33333333333333,1.0,0,1,0.4621127170239951,Medium Risk,Loyalty incentive
15769,11,19,41863.72,22140,19,486.78744186046515,9,2203.3536842105264,1165.2631578947369,2.111111111111111,1,0,0.03710223884950427,Low Risk,Maintain standard engagement
15775,154,1,104.9,68,7,14.985714285714286,1,104.9,68.0,1.0,0,1,0.7669531483572463,High Risk,Low-cost win-back email
15776,42,1,241.62,138,18,13.423333333333334,1,241.62,138.0,1.0,0,1,0.5870145193802856,Medium Risk,Standard retention email
15777,150,4,1047.11,378,18,49.862380952380946,3,261.7775,94.5,1.3333333333333333,0,1,0.34394933278314527,Medium Risk,Loyalty incentive
15780,93,3,475.28000000000003,220,26,16.38896551724138,3,158.42666666666668,73.33333333333333,1.0,0,1,0.5108340126775339,Medium Risk,Loyalty incentive
15781,47,2,211.3,66,11,19.20909090909091,2,105.65,33.0,1.0,1,0,0.6320327187139253,Medium Risk,Standard retention email
15785,67,4,1665.83,1011,41,30.28781818181818,3,416.4575,252.75,1.3333333333333333,1,0,0.24563412641900834,Low Risk,Maintain standard engagement
15786,23,1,3160.84,2310,165,19.04120481927711,1,3160.84,2310.0,1.0,1,0,0.454006495645808,Medium Risk,Standard retention email
15789,267,1,351.3,438,25,14.052,1,351.3,438.0,1.0,0,1,0.733839189270173,High Risk,Low-cost win-back email
15791,113,1,1223.24,558,54,22.652592592592594,1,1223.24,558.0,1.0,1,0,0.5086942702657219,Medium Risk,Standard retention email
15793,178,1,306.64,192,3,102.21333333333332,1,306.64,192.0,1.0,1,0,0.7152336379311196,High Risk,Low-cost win-back email
15795,59,1,610.01,581,42,14.524047619047618,1,610.01,581.0,1.0,0,1,0.5810717562563797,Medium Risk,Standard retention email
15796,18,5,1575.72,529,59,18.53788235294118,4,315.144,105.8,1.25,1,0,0.16805274168261777,Low Risk,Maintain standard engagement
15797,22,4,2207.4,873,8,275.925,4,551.85,218.25,1.0,0,1,0.4228268780327981,Medium Risk,Loyalty incentive
15799,94,2,481.24,539,37,13.006486486486487,2,240.62,269.5,1.0,1,0,0.4690953235364188,Medium Risk,Standard retention email
15800,16,2,699.08,335,116,5.874621848739496,2,349.54,167.5,1.0,0,1,0.49068462124514167,Medium Risk,Standard retention email
15801,19,1,137.22,70,9,15.246666666666666,1,137.22,70.0,1.0,1,0,0.6310733612999946,Medium Risk,Standard retention email
15802,52,1,451.42,1,1,451.42,1,451.42,1.0,1.0,0,1,0.7305746976975096,High Risk,Low-cost win-back email
15804,3,5,2554.84,1492,130,16.37717948717949,5,510.968,298.4,1.0,1,0,0.1304288596438819,Low Risk,Maintain standard engagement
15805,15,11,3568.0,2283,150,18.111675126903553,6,324.3636363636364,207.54545454545453,1.8333333333333333,1,0,0.027975756296292165,Low Risk,Maintain standard engagement
15806,67,2,521.88,413,19,22.690434782608694,2,260.94,206.5,1.0,1,0,0.5168336252501778,Medium Risk,Standard retention email
15808,215,4,3734.9700000000003,1343,142,17.95658653846154,3,933.7425000000001,335.75,1.3333333333333333,0,1,0.4235479118906126,Medium Risk,Loyalty incentive
15809,93,4,399.21,251,24,14.785555555555554,4,99.8025,62.75,1.0,1,0,0.5081900634556046,Medium Risk,Loyalty incentive
15810,79,3,1361.19,856,64,15.645862068965517,3,453.73,285.3333333333333,1.0,1,0,0.28724399847505705,Low Risk,Maintain standard engagement
15811,15,5,1773.8,760,89,16.893333333333334,4,354.76,152.0,1.25,1,0,0.1546505021804002,Low Risk,Maintain standard engagement
15812,16,5,1801.14,922,36,43.930243902439024,5,360.228,184.4,1.0,0,1,0.2586786432523552,Low Risk,Maintain standard engagement
15813,117,2,1303.9099999999999,603,40,32.59775,2,651.9549999999999,301.5,1.0,0,1,0.4564475793109412,Medium Risk,Standard retention email
15815,50,4,1874.7,1514,24,46.8675,4,468.675,378.5,1.0,1,0,0.25619034369484855,Low Risk,Maintain standard engagement
15819,40,3,1585.47,1139,83,15.697722772277228,3,528.49,379.6666666666667,1.0,1,0,0.26896592416106674,Low Risk,Maintain standard engagement
15820,229,1,206.98,128,17,12.175294117647057,1,206.98,128.0,1.0,0,1,0.7148495006658003,High Risk,Low-cost win-back email
15822,268,1,440.2,160,16,27.5125,1,440.2,160.0,1.0,1,0,0.6844154134402698,High Risk,Low-cost win-back email
15823,281,1,15.0,1,1,15.0,1,15.0,1.0,1.0,0,1,0.7348457324552132,High Risk,Low-cost win-back email
15825,81,1,532.94,220,20,26.647000000000002,1,532.94,220.0,1.0,0,1,0.6487516571424365,Medium Risk,Standard retention email
15826,120,1,720.0,488,28,25.714285714285715,1,720.0,488.0,1.0,1,0,0.6317824309703097,Medium Risk,Standard retention email
15827,23,13,1598.16,749,60,16.143030303030304,9,122.93538461538462,57.61538461538461,1.4444444444444444,1,0,0.05541664994889591,Low Risk,Maintain standard engagement
15829,8,2,636.14,996,44,12.473333333333333,2,318.07,498.0,1.0,0,1,0.47998647073033285,Medium Risk,Standard retention email
15831,33,2,451.11,687,22,19.613478260869567,2,225.555,343.5,1.0,1,0,0.505705002111671,Medium Risk,Standard retention email
15832,163,1,836.79,465,54,15.49611111111111,1,836.79,465.0,1.0,0,1,0.6408293637059844,Medium Risk,Standard retention email
15834,75,3,1791.82,681,176,9.141938775510203,2,597.2733333333333,227.0,1.5,1,0,0.33382373589801834,Medium Risk,Loyalty incentive
15835,46,3,675.51,333,32,19.300285714285714,3,225.17,111.0,1.0,1,0,0.3800007940188827,Medium Risk,Loyalty incentive
15838,18,12,14153.5,7998,51,137.4126213592233,7,1179.4583333333333,666.5,1.7142857142857142,1,0,0.04132425073084423,Low Risk,Maintain standard engagement
15839,57,1,299.18,234,20,14.959,1,299.18,234.0,1.0,1,0,0.5601804092733736,Medium Risk,Standard retention email
15840,82,1,241.74,256,17,14.22,1,241.74,256.0,1.0,1,0,0.6155925340421959,Medium Risk,Standard retention email
15841,127,2,613.26,366,19,25.5525,2,306.63,183.0,1.0,1,0,0.5779891293343111,Medium Risk,Standard retention email
15843,213,1,118.95000000000002,27,8,14.868750000000002,1,118.95000000000002,27.0,1.0,0,1,0.7788758110302059,High Risk,Low-cost win-back email
15845,54,5,2526.76,1378,73,27.1694623655914,5,505.35200000000003,275.6,1.0,1,0,0.12598481668489656,Low Risk,Maintain standard engagement
15847,197,1,180.68,348,9,20.075555555555557,1,180.68,348.0,1.0,1,0,0.6745941398472126,High Risk,Low-cost win-back email
15850,77,1,118.88,242,41,2.5293617021276593,1,118.88,242.0,1.0,1,0,0.49459144007297584,Medium Risk,Standard retention email
15852,96,2,160.71,48,22,7.305000000000001,2,80.355,24.0,1.0,0,1,0.766233919915768,High Risk,Low-cost win-back email
15854,49,9,2393.69,744,70,24.67721649484536,7,265.96555555555557,82.66666666666667,1.2857142857142858,1,0,0.053633670568084664,Low Risk,Maintain standard engagement
15855,46,5,712.24,470,59,8.903,5,142.448,94.0,1.0,0,1,0.32113876315844786,Low Risk,Maintain standard engagement
15856,4,17,11441.94,7556,254,24.29286624203822,9,673.0552941176471,444.47058823529414,1.8888888888888888,1,0,0.015658783277901697,Low Risk,Maintain standard engagement
15858,198,2,816.22,725,91,8.002156862745098,2,408.11,362.5,1.0,1,0,0.42676018070848004,Medium Risk,Standard retention email
15860,8,6,767.14,345,87,6.911171171171171,5,127.85666666666667,57.5,1.2,1,0,0.1557547844948393,Low Risk,Maintain standard engagement
15861,44,3,1130.0,876,174,5.53921568627451,2,376.6666666666667,292.0,1.5,1,0,0.35764684204595826,Medium Risk,Loyalty incentive
15862,21,3,659.73,499,98,6.597300000000001,3,219.91,166.33333333333334,1.0,1,0,0.27652120480715725,Low Risk,Maintain standard engagement
15863,102,1,9.2,2,2,4.6,1,9.2,2.0,1.0,1,0,0.3402778963576339,Medium Risk,Standard retention email
15864,8,3,957.8600000000001,558,11,79.82166666666667,3,319.2866666666667,186.0,1.0,1,0,0.3547604117805963,Medium Risk,Loyalty incentive
15865,123,1,313.93,178,16,19.620625,1,313.93,178.0,1.0,1,0,0.6759930957962336,High Risk,Low-cost win-back email
15866,10,1,230.53,126,43,5.122888888888889,1,230.53,126.0,1.0,0,1,0.526265459762743,Medium Risk,Standard retention email
15867,22,12,2949.91,1487,253,8.1489226519337,9,245.82583333333332,123.91666666666667,1.3333333333333333,1,0,0.02602040289046491,Low Risk,Maintain standard engagement
15869,186,2,149.64,175,13,9.975999999999999,1,74.82,87.5,2.0,0,1,0.7348233142137133,High Risk,Low-cost win-back email
15874,87,6,2207.75,1065,79,25.376436781609197,5,367.9583333333333,177.5,1.2,1,0,0.12773239818113294,Low Risk,Maintain standard engagement
15880,278,1,343.28000000000003,211,95,3.2693333333333334,1,343.28000000000003,211.0,1.0,0,1,0.6413676177058747,Medium Risk,Standard retention email
15881,221,5,501.39000000000004,260,26,17.289310344827587,2,100.278,52.0,2.5,0,1,0.7429004137912049,High Risk,Priority reactivation campaign
15882,108,4,516.36,276,23,22.450434782608696,2,129.09,69.0,2.0,0,1,0.6686948852951106,High Risk,Priority reactivation campaign
15885,2,3,379.35,111,18,21.075000000000003,2,126.45,37.0,1.5,0,1,0.5879245511392324,Medium Risk,Loyalty incentive
15889,66,2,446.87,215,79,4.80505376344086,2,223.435,107.5,1.0,0,1,0.47059159903058295,Medium Risk,Standard retention email
15891,136,1,524.52,442,60,8.459999999999999,1,524.52,442.0,1.0,0,1,0.6893371791423086,High Risk,Priority reactivation campaign
15894,162,2,263.55,168,35,6.4280487804878055,2,131.775,84.0,1.0,0,1,0.5520346131939067,Medium Risk,Standard retention email
15895,59,1,179.17,94,11,16.288181818181815,1,179.17,94.0,1.0,0,1,0.6324818509172756,Medium Risk,Standard retention email
15897,103,2,222.05,261,17,9.252083333333333,1,111.025,130.5,2.0,0,1,0.6414691122929832,Medium Risk,Standard retention email
15898,136,4,1002.99,424,67,13.553918918918919,3,250.7475,106.0,1.3333333333333333,1,0,0.2468670639114272,Low Risk,Maintain standard engagement
15899,278,1,56.25,39,4,14.0625,1,56.25,39.0,1.0,0,1,0.7839261183276185,High Risk,Low-cost win-back email
15901,64,1,110.49,209,24,4.60375,1,110.49,209.0,1.0,1,0,0.5536760172387699,Medium Risk,Standard retention email
15903,137,2,641.6400000000001,676,19,24.67846153846154,2,320.82000000000005,338.0,1.0,1,0,0.5775923906523077,Medium Risk,Standard retention email
15906,54,4,797.71,242,56,11.395857142857144,3,199.4275,60.5,1.3333333333333333,1,0,0.28207399298626173,Low Risk,Maintain standard engagement
15907,85,2,529.52,256,93,4.305040650406504,2,264.76,128.0,1.0,1,0,0.41264843582388666,Medium Risk,Standard retention email
15909,83,1,191.94,98,7,27.419999999999998,1,191.94,98.0,1.0,0,1,0.7015769468445805,High Risk,Low-cost win-back email
15910,8,5,663.36,510,143,4.020363636363636,5,132.672,102.0,1.0,1,0,0.19511693013554215,Low Risk,Maintain standard engagement
15912,87,2,264.62,185,19,13.927368421052632,2,132.31,92.5,1.0,0,1,0.5379582645536907,Medium Risk,Standard retention email
15916,101,5,848.53,395,64,12.121857142857143,4,169.706,79.0,1.25,1,0,0.19806952731854147,Low Risk,Maintain standard engagement
15917,157,1,123.1,42,12,10.258333333333333,1,123.1,42.0,1.0,0,1,0.7373703954647568,High Risk,Low-cost win-back email
15918,100,2,334.23,153,33,8.35575,2,167.115,76.5,1.0,0,1,0.6008795337206961,Medium Risk,Standard retention email
15919,278,1,270.72,242,38,5.524897959183674,1,270.72,242.0,1.0,1,0,0.60371760099004,Medium Risk,Standard retention email
15920,63,4,167.5,99,53,2.7916666666666665,1,41.875,24.75,4.0,0,1,0.7278186214140849,High Risk,Low-cost win-back email
15921,82,1,336.03000000000003,166,24,13.441200000000002,1,336.03000000000003,166.0,1.0,0,1,0.6098328523282824,Medium Risk,Standard retention email
15922,282,1,369.5,138,11,33.59090909090909,1,369.5,138.0,1.0,0,1,0.7587405290983211,High Risk,Low-cost win-back email
15923,282,1,127.08,122,21,6.051428571428572,1,127.08,122.0,1.0,0,1,0.6917128228264433,High Risk,Low-cost win-back email
15925,103,1,207.15,93,12,17.2625,1,207.15,93.0,1.0,0,1,0.6701152595211256,High Risk,Low-cost win-back email
15932,17,6,1885.95,1509,65,24.492857142857144,6,314.325,251.5,1.0,1,0,0.0821592253910389,Low Risk,Maintain standard engagement
15935,148,2,416.86,115,12,34.73833333333334,1,208.43,57.5,2.0,0,1,0.7250501930105867,High Risk,Low-cost win-back email
15938,21,5,404.58,240,13,22.476666666666667,5,80.916,48.0,1.0,0,1,0.7025919227305402,High Risk,Low-cost win-back email
15939,16,14,5860.25,4572,28,79.19256756756756,8,418.5892857142857,326.57142857142856,1.75,1,0,0.0349741098407066,Low Risk,Maintain standard engagement
15940,220,1,35.8,4,1,35.8,1,35.8,4.0,1.0,0,1,0.811116359868305,High Risk,Low-cost win-back email
15942,43,1,337.44,232,14,24.102857142857143,1,337.44,232.0,1.0,0,1,0.6324245869610077,Medium Risk,Standard retention email
15944,186,1,325.1,50,6,54.18333333333334,1,325.1,50.0,1.0,0,1,0.7985058711199071,High Risk,Low-cost win-back email
15945,274,1,181.0,52,2,90.5,1,181.0,52.0,1.0,0,1,0.7491771486873635,High Risk,Low-cost win-back email
15950,15,2,1091.38,445,66,16.049705882352942,2,545.69,222.5,1.0,1,0,0.47023687399976827,Medium Risk,Standard retention email
15951,195,1,375.16999999999996,174,22,17.053181818181816,1,375.16999999999996,174.0,1.0,1,0,0.7159211677747188,High Risk,Low-cost win-back email
15952,68,2,327.8,144,25,10.926666666666668,2,163.9,72.0,1.0,1,0,0.5654909798355326,Medium Risk,Standard retention email
15953,121,4,826.14,451,29,21.18307692307692,4,206.535,112.75,1.0,1,0,0.2931979510725167,Low Risk,Maintain standard engagement
15955,16,8,2463.65,1103,68,27.681460674157304,4,307.95625,137.875,2.0,1,0,0.10066592975153886,Low Risk,Maintain standard engagement
15965,276,1,156.19,74,16,9.761875,1,156.19,74.0,1.0,1,0,0.7265780040216389,High Risk,Low-cost win-back email
15967,228,1,173.8,62,32,4.965714285714286,1,173.8,62.0,1.0,1,0,0.592733360917929,Medium Risk,Standard retention email
15969,95,1,308.7,44,10,30.869999999999997,1,308.7,44.0,1.0,1,0,0.7559192437426825,High Risk,Low-cost win-back email
15970,213,1,314.1,116,11,28.55454545454546,1,314.1,116.0,1.0,0,1,0.7565521090436369,High Risk,Low-cost win-back email
15971,18,7,2109.45,912,9,105.4725,5,301.34999999999997,130.28571428571428,1.4,1,0,0.1847974950569827,Low Risk,Maintain standard engagement
15973,276,1,307.82000000000005,106,4,76.95500000000001,1,307.82000000000005,106.0,1.0,0,1,0.7724258327356516,High Risk,Low-cost win-back email
15974,4,6,2895.0099999999998,1864,119,19.42959731543624,6,482.5016666666666,310.6666666666667,1.0,1,0,0.07459294336190393,Low Risk,Maintain standard engagement
15976,74,2,430.94,277,83,4.39734693877551,2,215.47,138.5,1.0,0,1,0.4775878495876258,Medium Risk,Standard retention email
15980,163,1,760.18,592,20,38.009,1,760.18,592.0,1.0,1,0,0.579938404605626,Medium Risk,Standard retention email
15981,47,6,2458.2,1296,31,39.648387096774194,6,409.7,216.0,1.0,1,0,0.09151281762999204,Low Risk,Maintain standard engagement
15983,270,3,1148.27,700,57,14.176172839506172,1,382.75666666666666,233.33333333333334,3.0,1,0,0.3851283660815188,Medium Risk,Loyalty incentive
15984,10,7,1848.76,958,176,8.639065420560748,6,264.10857142857145,136.85714285714286,1.1666666666666667,1,0,0.07553016317012162,Low Risk,Maintain standard engagement
15985,32,2,1142.42,1086,29,30.876216216216218,2,571.21,543.0,1.0,0,1,0.5760769000012674,Medium Risk,Standard retention email
15987,30,6,1206.42,1374,64,14.028139534883723,4,201.07000000000002,229.0,1.5,1,0,0.1283203786057389,Low Risk,Maintain standard engagement
15990,196,1,401.37,171,23,17.450869565217392,1,401.37,171.0,1.0,1,0,0.727635169064981,High Risk,Low-cost win-back email
15996,25,5,907.86,340,91,8.105892857142857,5,181.572,68.0,1.0,1,0,0.2397136565628279,Low Risk,Maintain standard engagement
15998,81,3,2112.06,1378,280,6.175614035087719,3,704.02,459.3333333333333,1.0,1,0,0.2507120141776772,Low Risk,Maintain standard engagement
16003,44,3,1793.9,595,56,30.929310344827588,3,597.9666666666667,198.33333333333334,1.0,1,0,0.2869768762940727,Low Risk,Maintain standard engagement
16005,92,2,298.08,127,77,3.2051612903225806,2,149.04,63.5,1.0,1,0,0.5305386178591633,Medium Risk,Standard retention email
16006,120,1,101.4,84,8,12.675,1,101.4,84.0,1.0,0,1,0.7326405983608304,High Risk,Low-cost win-back email
16007,90,2,733.45,583,128,4.5840625,2,366.725,291.5,1.0,1,0,0.40450868629512454,Medium Risk,Standard retention email
16008,114,1,139.15,75,6,23.191666666666666,1,139.15,75.0,1.0,1,0,0.6921592233400339,High Risk,Low-cost win-back email
16009,69,1,462.19,208,55,7.002878787878788,1,462.19,208.0,1.0,1,0,0.5181990798679954,Medium Risk,Standard retention email
16010,155,3,407.5,210,62,4.738372093023256,2,135.83333333333334,70.0,1.5,0,1,0.610234177600701,Medium Risk,Loyalty incentive
16011,1,12,2195.41,1426,85,13.468773006134969,8,182.95083333333332,118.83333333333333,1.5,1,0,0.026703924384407045,Low Risk,Maintain standard engagement
16012,38,2,1132.12,551,49,21.77153846153846,2,566.06,275.5,1.0,1,0,0.4490830975487359,Medium Risk,Standard retention email
16013,8,35,23409.34,8878,27,339.26579710144927,10,668.8382857142857,253.65714285714284,3.5,1,0,0.029398140219728516,Low Risk,Maintain standard engagement
16014,61,2,529.9300000000001,229,115,3.8681021897810224,2,264.96500000000003,114.5,1.0,1,0,0.4020641907704727,Medium Risk,Standard retention email
16016,105,4,817.57,311,99,6.488650793650794,3,204.3925,77.75,1.3333333333333333,1,0,0.21518249152521918,Low Risk,Maintain standard engagement
16018,89,1,161.9,44,15,10.793333333333333,1,161.9,44.0,1.0,1,0,0.6879204302465887,High Risk,Low-cost win-back email
16019,45,7,2952.25,1193,85,27.5911214953271,6,421.75,170.42857142857142,1.1666666666666667,1,0,0.05713200890762684,Low Risk,Maintain standard engagement
16022,169,1,628.28,261,68,8.266842105263157,1,628.28,261.0,1.0,0,1,0.7043112096862223,High Risk,Priority reactivation campaign
16023,101,2,500.69,227,59,7.702923076923077,2,250.345,113.5,1.0,1,0,0.42757035201764115,Medium Risk,Standard retention email
16027,1,6,934.62,1147,11,58.41375,5,155.77,191.16666666666666,1.2,0,1,0.4377999474295487,Medium Risk,Loyalty incentive
16029,3,52,54304.14,25526,43,290.3964705882353,10,1044.3103846153847,490.88461538461536,5.2,1,0,0.029731499321263666,Low Risk,Maintain standard engagement
16030,219,1,331.24,283,28,11.422068965517242,1,331.24,283.0,1.0,0,1,0.7439032618694867,High Risk,Low-cost win-back email
16031,1,2,548.94,423,91,5.489400000000001,2,274.47,211.5,1.0,0,1,0.48083276463061236,Medium Risk,Standard retention email
16033,17,16,5878.3,2155,367,8.164305555555556,9,367.39375,134.6875,1.7777777777777777,1,0,0.011795355411694478,Low Risk,Maintain standard engagement
16034,105,3,437.7,242,18,19.895454545454545,2,145.9,80.66666666666667,1.5,0,1,0.6461285621311522,Medium Risk,Loyalty incentive
16036,172,1,188.73,127,11,17.157272727272726,1,188.73,127.0,1.0,1,0,0.7076958760284837,High Risk,Low-cost win-back email
16037,179,3,855.02,428,37,21.923589743589744,3,285.00666666666666,142.66666666666666,1.0,0,1,0.4573883886264011,Medium Risk,Loyalty incentive
16038,86,2,393.33,229,23,17.101304347826087,2,196.665,114.5,1.0,1,0,0.5021970384605612,Medium Risk,Standard retention email
16040,57,2,876.1800000000001,509,42,19.047391304347826,2,438.09000000000003,254.5,1.0,1,0,0.4499154235210448,Medium Risk,Standard retention email
16041,50,2,2739.8,1044,5,547.96,1,1369.9,522.0,2.0,1,0,0.6678856547394902,High Risk,Priority reactivation campaign
16042,17,2,460.28,272,26,17.047407407407405,2,230.14,136.0,1.0,1,0,0.46046401403986453,Medium Risk,Standard retention email
16043,120,3,676.49,342,22,21.82225806451613,3,225.49666666666667,114.0,1.0,1,0,0.39950142418488027,Medium Risk,Loyalty incentive
16045,29,4,1340.7,897,71,16.15301204819277,4,335.175,224.25,1.0,0,1,0.2968672829963538,Low Risk,Maintain standard engagement
16048,282,2,256.44,144,8,32.055,1,128.22,72.0,2.0,0,1,0.7223203215334421,High Risk,Low-cost win-back email
16050,83,1,137.9,278,10,13.790000000000001,1,137.9,278.0,1.0,0,1,0.6433683745902227,Medium Risk,Standard retention email
16053,31,1,1124.19,1003,62,18.13209677419355,1,1124.19,1003.0,1.0,1,0,0.5316742667265422,Medium Risk,Standard retention email
16054,54,1,783.9,380,70,11.198571428571428,1,783.9,380.0,1.0,0,1,0.5829580579343634,Medium Risk,Standard retention email
16055,130,1,134.8,22,8,16.85,1,134.8,22.0,1.0,0,1,0.7688015348168691,High Risk,Low-cost win-back email
16057,5,6,1544.23,620,79,18.605180722891568,3,257.37166666666667,103.33333333333333,2.0,1,0,0.12146087053729353,Low Risk,Maintain standard engagement
16059,73,4,951.3000000000001,392,99,7.099253731343284,4,237.82500000000002,98.0,1.0,1,0,0.2356086216386407,Low Risk,Maintain standard engagement
16062,42,3,778.14,650,37,16.21125,3,259.38,216.66666666666666,1.0,1,0,0.33716567893733906,Medium Risk,Loyalty incentive
16063,169,1,335.32,262,23,14.57913043478261,1,335.32,262.0,1.0,0,1,0.7102404309667059,High Risk,Low-cost win-back email
16065,274,1,372.09,231,71,5.028243243243243,1,372.09,231.0,1.0,0,1,0.6343505132279317,Medium Risk,Standard retention email
16066,33,1,316.38,186,6,52.73,1,316.38,186.0,1.0,1,0,0.6429646695991679,Medium Risk,Standard retention email
16072,197,1,584.3199999999999,140,23,25.405217391304344,1,584.3199999999999,140.0,1.0,0,1,0.7491708886057372,High Risk,Priority reactivation campaign
16073,206,1,122.39999999999999,48,1,122.39999999999999,1,122.39999999999999,48.0,1.0,0,1,0.7550301816273702,High Risk,Low-cost win-back email
16076,2,5,1357.98,1012,69,14.922857142857143,4,271.596,202.4,1.25,1,0,0.15391302717495983,Low Risk,Maintain standard engagement
16078,193,1,79.2,16,1,79.2,1,79.2,16.0,1.0,0,1,0.8228197061563484,High Risk,Low-cost win-back email
16080,183,1,130.26,66,5,26.052,1,130.26,66.0,1.0,1,0,0.7542590011474601,High Risk,Low-cost win-back email
16081,94,3,992.37,476,57,15.751904761904761,3,330.79,158.66666666666666,1.0,1,0,0.3294232056800599,Low Risk,Maintain standard engagement
16083,10,2,1317.62,908,31,42.50387096774193,2,658.81,454.0,1.0,0,1,0.5442528430463802,Medium Risk,Standard retention email
16084,208,1,436.18,216,38,11.47842105263158,1,436.18,216.0,1.0,0,1,0.698250583767091,High Risk,Low-cost win-back email
16085,146,2,325.04,224,48,5.702456140350877,2,162.52,112.0,1.0,1,0,0.4434896867309909,Medium Risk,Standard retention email
16086,7,4,899.7,388,21,29.02258064516129,4,224.925,97.0,1.0,1,0,0.2913258742906563,Low Risk,Maintain standard engagement
16091,64,2,315.06,154,16,17.503333333333334,2,157.53,77.0,1.0,0,1,0.5600527118890868,Medium Risk,Standard retention email
16092,24,3,817.86,628,37,16.036470588235293,3,272.62,209.33333333333334,1.0,0,1,0.3580974730243157,Medium Risk,Loyalty incentive
16093,16,1,17.0,20,1,17.0,1,17.0,20.0,1.0,0,1,0.5131683653278016,Medium Risk,Standard retention email
16094,128,1,252.1,164,16,15.75625,1,252.1,164.0,1.0,1,0,0.669583484008283,High Risk,Low-cost win-back email
16096,173,1,320.62,155,12,26.718333333333334,1,320.62,155.0,1.0,0,1,0.7123649654304831,High Risk,Low-cost win-back email
16097,149,1,185.04999999999998,87,10,18.505,1,185.04999999999998,87.0,1.0,0,1,0.7579488353042783,High Risk,Low-cost win-back email
16098,37,6,1712.49,501,31,31.712777777777777,6,285.415,83.5,1.0,1,0,0.14402978176776127,Low Risk,Maintain standard engagement
16099,47,2,592.1,362,26,18.503125,2,296.05,181.0,1.0,1,0,0.482826266241461,Medium Risk,Standard retention email
16102,8,2,1392.8400000000001,776,41,28.425306122448983,2,696.4200000000001,388.0,1.0,1,0,0.45247563794821444,Medium Risk,Standard retention email
16103,67,4,1156.4,388,24,31.254054054054055,3,289.1,97.0,1.3333333333333333,1,0,0.2720634300439891,Low Risk,Maintain standard engagement
16105,158,1,336.96,330,13,25.919999999999998,1,336.96,330.0,1.0,0,1,0.7069060368262629,High Risk,Low-cost win-back email
16107,12,3,1494.1200000000001,500,16,83.00666666666667,3,498.04,166.66666666666666,1.0,1,0,0.37236326224582017,Medium Risk,Loyalty incentive
16109,128,2,611.88,612,18,33.99333333333333,2,305.94,306.0,1.0,0,1,0.5997678778878361,Medium Risk,Standard retention email
16110,171,2,693.93,353,173,3.4696499999999997,2,346.965,176.5,1.0,1,0,0.4167253929636748,Medium Risk,Standard retention email
16112,52,4,195.73999999999998,574,15,12.233749999999999,2,48.934999999999995,143.5,2.0,0,1,0.6659922672863641,High Risk,Low-cost win-back email
16113,92,1,161.38,176,30,5.379333333333333,1,161.38,176.0,1.0,0,1,0.6203294128788748,Medium Risk,Standard retention email
16114,80,1,135.75000000000003,43,8,16.968750000000004,1,135.75000000000003,43.0,1.0,0,1,0.6768929209804748,High Risk,Low-cost win-back email
16115,26,5,931.68,599,125,5.448421052631579,5,186.33599999999998,119.8,1.0,1,0,0.1626894978692703,Low Risk,Maintain standard engagement
16116,121,1,612.78,248,34,18.02294117647059,1,612.78,248.0,1.0,0,1,0.6590711966143961,Medium Risk,Standard retention email
16117,99,1,232.21,130,30,7.740333333333334,1,232.21,130.0,1.0,0,1,0.6420219434832724,Medium Risk,Standard retention email
16121,125,1,287.89,142,60,3.890405405405405,1,287.89,142.0,1.0,1,0,0.569105270931709,Medium Risk,Standard retention email
16122,22,3,550.26,912,24,15.285,3,183.42,304.0,1.0,1,0,0.38896164838396324,Medium Risk,Loyalty incentive
16124,226,1,249.0,48,11,22.636363636363637,1,249.0,48.0,1.0,0,1,0.7387058290141075,High Risk,Low-cost win-back email
16125,276,1,289.35,124,13,22.25769230769231,1,289.35,124.0,1.0,0,1,0.7038105612817892,High Risk,Low-cost win-back email
16126,11,3,3706.7000000000003,1084,41,50.776712328767125,3,1235.5666666666668,361.3333333333333,1.0,1,0,0.33058286623500405,Medium Risk,Loyalty incentive
16128,53,2,694.7,366,34,18.281578947368423,2,347.35,183.0,1.0,1,0,0.47447969681277735,Medium Risk,Standard retention email
16131,25,4,2278.5,1244,46,42.19444444444444,3,569.625,311.0,1.3333333333333333,1,0,0.193255705955101,Low Risk,Maintain standard engagement
16133,10,23,10619.27,6223,139,51.54985436893204,7,461.7073913043478,270.5652173913044,3.2857142857142856,1,0,0.03050524969386275,Low Risk,Maintain standard engagement
16134,268,1,283.53000000000003,158,16,17.720625000000002,1,283.53000000000003,158.0,1.0,1,0,0.6612891149147514,High Risk,Low-cost win-back email
16135,172,1,517.55,209,21,24.645238095238092,1,517.55,209.0,1.0,0,1,0.7209546911390724,High Risk,Priority reactivation campaign
16136,187,1,159.3,66,8,19.9125,1,159.3,66.0,1.0,1,0,0.7586897455492437,High Risk,Low-cost win-back email
16139,21,2,306.37,155,13,20.424666666666667,2,153.185,77.5,1.0,1,0,0.47050272863271836,Medium Risk,Standard retention email
16140,280,1,124.14,104,7,17.734285714285715,1,124.14,104.0,1.0,1,0,0.7245221224145514,High Risk,Low-cost win-back email
16142,159,1,535.34,422,37,14.46864864864865,1,535.34,422.0,1.0,0,1,0.6792110573832411,High Risk,Priority reactivation campaign
16143,17,5,1949.3600000000001,715,70,20.737872340425533,4,389.872,143.0,1.25,1,0,0.1458090852605724,Low Risk,Maintain standard engagement
16144,156,1,175.2,16,1,175.2,1,175.2,16.0,1.0,0,1,0.7863487085804529,High Risk,Low-cost win-back email
16145,9,8,2600.31,2248,102,16.668653846153845,8,325.03875,281.0,1.0,1,0,0.03278430030519897,Low Risk,Maintain standard engagement
16146,66,3,734.13,427,26,25.314827586206896,3,244.71,142.33333333333334,1.0,0,1,0.4191925998503328,Medium Risk,Loyalty incentive
16147,43,1,375.0,246,22,17.045454545454547,1,375.0,246.0,1.0,0,1,0.6002221526334431,Medium Risk,Standard retention email
16148,205,1,76.32000000000001,72,1,76.32000000000001,1,76.32000000000001,72.0,1.0,0,1,0.7943471529500463,High Risk,Low-cost win-back email
16149,51,1,163.68,168,11,14.88,1,163.68,168.0,1.0,1,0,0.5704992452428573,Medium Risk,Standard retention email
16150,38,3,1408.7,774,66,17.60875,3,469.56666666666666,258.0,1.0,1,0,0.3111902505017074,Low Risk,Maintain standard engagement
16152,178,1,1829.04,642,29,63.070344827586204,1,1829.04,642.0,1.0,0,1,0.7459651171383268,High Risk,Priority reactivation campaign
16153,25,4,1023.54,530,50,18.2775,4,255.885,132.5,1.0,1,0,0.31860666325659165,Low Risk,Maintain standard engagement
16156,61,5,1445.17,689,62,20.94449275362319,4,289.034,137.8,1.25,1,0,0.15328812159486416,Low Risk,Maintain standard engagement
16159,191,1,348.2,236,14,24.87142857142857,1,348.2,236.0,1.0,0,1,0.7077231614115385,High Risk,Low-cost win-back email
16161,49,12,3063.7,1488,172,10.98100358422939,7,255.3083333333333,124.0,1.7142857142857142,1,0,0.03205854482146108,Low Risk,Maintain standard engagement
16162,161,1,37.4,4,2,18.7,1,37.4,4.0,1.0,0,1,0.7597001929215789,High Risk,Low-cost win-back email
16163,141,2,856.6,192,5,142.76666666666668,2,428.3,96.0,1.0,0,1,0.7068159071910113,High Risk,Priority reactivation campaign
16168,4,18,2632.12,1392,42,37.072112676056335,9,146.2288888888889,77.33333333333333,2.0,1,0,0.023355040521530267,Low Risk,Maintain standard engagement
16170,22,5,1560.6599999999999,1483,91,15.300588235294116,4,312.13199999999995,296.6,1.25,1,0,0.11645781647204081,Low Risk,Maintain standard engagement
16172,4,5,1140.21,787,52,16.524782608695652,4,228.042,157.4,1.25,0,1,0.27291899024937094,Low Risk,Maintain standard engagement
16173,1,2,635.05,242,39,16.28333333333333,1,317.525,121.0,2.0,1,0,0.4441985408460265,Medium Risk,Standard retention email
16174,35,3,1009.5500000000001,651,19,43.89347826086957,2,336.5166666666667,217.0,1.5,0,1,0.44095423533591704,Medium Risk,Loyalty incentive
16175,3,4,1037.59,533,45,17.889482758620687,4,259.3975,133.25,1.0,0,1,0.4121116291390268,Medium Risk,Loyalty incentive
16178,47,1,197.9,94,8,24.7375,1,197.9,94.0,1.0,0,1,0.6824396647701675,High Risk,Low-cost win-back email
16180,9,8,10254.18,5867,90,63.29740740740741,5,1281.7725,733.375,1.6,0,1,0.2368287313513858,Low Risk,Maintain standard engagement
16182,39,3,4844.0,2800,8,284.94117647058823,3,1614.6666666666667,933.3333333333334,1.0,1,0,0.40019852019540986,Medium Risk,Loyalty incentive
16184,15,5,985.8000000000001,470,22,26.643243243243244,4,197.16000000000003,94.0,1.25,1,0,0.2479804850424227,Low Risk,Maintain standard engagement
16185,142,1,335.0,153,19,17.63157894736842,1,335.0,153.0,1.0,1,0,0.7197351013466324,High Risk,Low-cost win-back email
16186,12,9,2696.53,2242,67,17.857814569536426,6,299.6144444444445,249.11111111111111,1.5,1,0,0.030868903905342495,Low Risk,Maintain standard engagement
16187,8,12,5395.7,3925,140,23.257327586206895,6,449.64166666666665,327.0833333333333,2.0,1,0,0.027282498045426363,Low Risk,Maintain standard engagement
16188,50,3,755.03,645,51,14.519807692307692,2,251.67666666666665,215.0,1.5,1,0,0.3435867297522243,Medium Risk,Loyalty incentive
16191,172,8,2615.68,1612,25,55.6527659574468,4,326.96,201.5,2.0,1,0,0.19771079058015348,Low Risk,Maintain standard engagement
16193,146,1,314.45,219,19,16.55,1,314.45,219.0,1.0,0,1,0.7104525628517918,High Risk,Low-cost win-back email
16200,73,1,550.57,231,58,9.492586206896553,1,550.57,231.0,1.0,1,0,0.5505208549972528,Medium Risk,Standard retention email
16201,19,1,303.8,208,19,15.989473684210527,1,303.8,208.0,1.0,1,0,0.5187738504854215,Medium Risk,Standard retention email
16202,270,1,365.27,191,18,20.292777777777776,1,365.27,191.0,1.0,0,1,0.6918102247442568,High Risk,Low-cost win-back email
16203,56,3,378.3,158,19,15.762500000000001,3,126.10000000000001,52.666666666666664,1.0,1,0,0.42046925934315205,Medium Risk,Loyalty incentive
16205,89,1,112.35,64,27,4.1611111111111105,1,112.35,64.0,1.0,1,0,0.6464163347364674,Medium Risk,Standard retention email
16206,34,3,409.86,203,48,7.452,3,136.62,67.66666666666667,1.0,1,0,0.39255309682228373,Medium Risk,Loyalty incentive
16208,198,1,497.59,243,40,12.43975,1,497.59,243.0,1.0,1,0,0.6842482543295408,High Risk,Low-cost win-back email
16209,28,4,2116.9,1103,35,51.63170731707317,3,529.225,275.75,1.3333333333333333,1,0,0.22716282762863665,Low Risk,Maintain standard engagement
16210,8,11,11248.960000000001,4381,47,156.23555555555558,6,1022.6327272727274,398.27272727272725,1.8333333333333333,1,0,0.05626981229327304,Low Risk,Maintain standard engagement
16212,192,1,498.15000000000003,151,30,16.605,1,498.15000000000003,151.0,1.0,1,0,0.7128171542871448,High Risk,Low-cost win-back email
16214,80,3,1062.75,420,36,24.15340909090909,3,354.25,140.0,1.0,0,1,0.3932450025442091,Medium Risk,Loyalty incentive
16216,176,1,914.9300000000001,254,37,24.72783783783784,1,914.9300000000001,254.0,1.0,0,1,0.6903317361331347,High Risk,Priority reactivation campaign
16217,144,2,304.25,91,13,20.283333333333335,2,152.125,45.5,1.0,0,1,0.6908300106765601,High Risk,Low-cost win-back email
16218,24,6,2635.48,1752,51,36.60388888888889,5,439.24666666666667,292.0,1.2,1,0,0.10146491058372503,Low Risk,Maintain standard engagement
16221,185,2,315.37,267,29,9.8553125,2,157.685,133.5,1.0,1,0,0.5318538946084671,Medium Risk,Standard retention email
16222,227,1,846.72,365,120,6.18043795620438,1,846.72,365.0,1.0,0,1,0.7143505694319023,High Risk,Priority reactivation campaign
16224,50,3,865.88,798,63,13.11939393939394,2,288.62666666666667,266.0,1.5,1,0,0.3236906486976416,Low Risk,Maintain standard engagement
16225,59,4,953.64,451,108,7.392558139534883,3,238.41,112.75,1.3333333333333333,1,0,0.20557796169979212,Low Risk,Maintain standard engagement
16226,112,3,255.12,192,6,31.89,2,85.04,64.0,1.5,0,1,0.7133597114983925,High Risk,Low-cost win-back email
16227,134,1,314.22,90,6,52.370000000000005,1,314.22,90.0,1.0,0,1,0.8025997061455967,High Risk,Low-cost win-back email
16229,122,1,358.2,92,12,29.849999999999998,1,358.2,92.0,1.0,1,0,0.7193604202126415,High Risk,Low-cost win-back email
16230,99,2,542.03,365,32,15.486571428571429,2,271.015,182.5,1.0,0,1,0.4983254535010614,Medium Risk,Standard retention email
16232,52,3,725.04,438,23,23.388387096774192,2,241.67999999999998,146.0,1.5,1,0,0.4657731878534145,Medium Risk,Loyalty incentive
16233,239,2,326.5,90,9,36.27777777777778,2,163.25,45.0,1.0,1,0,0.6958010351902594,High Risk,Low-cost win-back email
16235,96,3,665.29,251,34,18.480277777777776,3,221.76333333333332,83.66666666666667,1.0,1,0,0.39562879846672566,Medium Risk,Loyalty incentive
16239,99,1,347.9,182,15,23.19333333333333,1,347.9,182.0,1.0,1,0,0.6425904998386223,Medium Risk,Standard retention email
16241,5,10,1786.14,958,273,3.5509741550695826,8,178.614,95.8,1.25,1,0,0.060860625071902735,Low Risk,Maintain standard engagement
16242,74,3,846.59,375,60,10.582375,3,282.19666666666666,125.0,1.0,1,0,0.30441401764976755,Low Risk,Maintain standard engagement
16244,121,2,1522.75,855,88,16.733516483516482,2,761.375,427.5,1.0,0,1,0.4787247405442513,Medium Risk,Standard retention email
16245,31,2,769.7,430,49,15.0921568627451,2,384.85,215.0,1.0,1,0,0.4339980959335274,Medium Risk,Standard retention email
16247,79,1,114.56,182,16,7.16,1,114.56,182.0,1.0,0,1,0.6045493069556397,Medium Risk,Standard retention email
16249,22,4,1440.77,762,48,29.403469387755102,4,360.1925,190.5,1.0,1,0,0.2730115622634429,Low Risk,Maintain standard engagement
16250,170,2,389.44,208,22,16.226666666666667,2,194.72,104.0,1.0,0,1,0.6081078883586459,Medium Risk,Standard retention email
16253,164,1,1700.4,1340,53,32.08301886792453,1,1700.4,1340.0,1.0,1,0,0.5016395825486408,Medium Risk,Standard retention email
16255,5,7,2182.79,1461,132,9.408577586206896,6,311.82714285714286,208.71428571428572,1.1666666666666667,1,0,0.05487377891035134,Low Risk,Maintain standard engagement
16256,176,1,752.4300000000001,581,13,57.87923076923077,1,752.4300000000001,581.0,1.0,0,1,0.6796565787436913,High Risk,Priority reactivation campaign
16257,86,1,46.95,2,2,23.475,1,46.95,2.0,1.0,0,1,0.5842983689610846,Medium Risk,Standard retention email
16258,36,4,3741.06,2345,72,42.03438202247191,4,935.265,586.25,1.0,1,0,0.2441588784994236,Low Risk,Maintain standard engagement
16261,22,2,418.38,197,66,5.505,2,209.19,98.5,1.0,1,0,0.4118397067943859,Medium Risk,Standard retention email
16265,20,7,4062.02,1871,132,20.938247422680412,5,580.2885714285715,267.2857142857143,1.4,1,0,0.07069600350059727,Low Risk,Maintain standard engagement
16266,25,6,761.12,353,37,15.2224,4,126.85333333333334,58.833333333333336,1.5,1,0,0.23083568516574762,Low Risk,Maintain standard engagement
16270,262,1,1141.24,688,54,21.134074074074075,1,1141.24,688.0,1.0,0,1,0.5920994563548206,Medium Risk,Standard retention email
16271,35,3,893.03,686,51,11.449102564102564,3,297.6766666666667,228.66666666666666,1.0,1,0,0.27881026837270906,Low Risk,Maintain standard engagement
16272,26,1,411.7,224,25,16.468,1,411.7,224.0,1.0,0,1,0.5850970410090496,Medium Risk,Standard retention email
16274,282,1,357.95,155,64,5.342537313432835,1,357.95,155.0,1.0,0,1,0.6309426716041351,Medium Risk,Standard retention email
16275,106,1,559.87,336,33,16.965757575757575,1,559.87,336.0,1.0,0,1,0.6211985533440593,Medium Risk,Standard retention email
16276,86,1,810.6000000000001,420,6,135.10000000000002,1,810.6000000000001,420.0,1.0,0,1,0.6489733324937665,Medium Risk,Standard retention email
16278,9,1,566.38,114,23,24.625217391304346,1,566.38,114.0,1.0,0,1,0.6578998184051545,Medium Risk,Standard retention email
16279,86,1,359.08000000000004,156,16,22.442500000000003,1,359.08000000000004,156.0,1.0,1,0,0.620398763639526,Medium Risk,Standard retention email
16282,249,1,168.3,114,11,15.3,1,168.3,114.0,1.0,0,1,0.7218095722266603,High Risk,Low-cost win-back email
16283,30,3,586.35,441,59,7.923648648648649,3,195.45000000000002,147.0,1.0,1,0,0.30318752310316993,Low Risk,Maintain standard engagement
16287,79,1,142.5,298,8,17.8125,1,142.5,298.0,1.0,0,1,0.6530517713036885,Medium Risk,Standard retention email
16292,31,1,302.25,191,17,17.779411764705884,1,302.25,191.0,1.0,0,1,0.5559105043478103,Medium Risk,Standard retention email
16293,1,6,1454.3300000000002,643,74,18.179125000000003,4,242.38833333333335,107.16666666666667,1.5,1,0,0.12377005966929763,Low Risk,Maintain standard engagement
16297,178,1,301.9,206,20,15.094999999999999,1,301.9,206.0,1.0,0,1,0.6872284934753327,High Risk,Low-cost win-back email
16298,96,1,114.3,50,7,16.32857142857143,1,114.3,50.0,1.0,1,0,0.6676196603468377,High Risk,Low-cost win-back email
16302,36,1,233.22,158,11,21.201818181818183,1,233.22,158.0,1.0,0,1,0.6041025599367251,Medium Risk,Standard retention email
16303,25,2,4036.33,2025,112,31.28937984496124,2,2018.165,1012.5,1.0,1,0,0.31414395060290456,Low Risk,Maintain standard engagement
16305,48,1,361.21999999999997,256,22,16.419090909090908,1,361.21999999999997,256.0,1.0,0,1,0.5892229233206224,Medium Risk,Standard retention email
16306,123,6,632.27,487,36,15.42121951219512,4,105.37833333333333,81.16666666666667,1.5,0,1,0.38207746831203515,Medium Risk,Loyalty incentive
16308,17,3,1600.0,5000,1,533.3333333333334,3,533.3333333333334,1666.6666666666667,1.0,1,0,0.5347974770672699,Medium Risk,Loyalty incentive
16309,15,2,706.57,467,39,16.823095238095238,2,353.285,233.5,1.0,0,1,0.5144171562337101,Medium Risk,Standard retention email
16315,240,1,226.37,75,14,16.169285714285714,1,226.37,75.0,1.0,0,1,0.7328715344526008,High Risk,Low-cost win-back email
16316,66,7,2212.81,1185,103,19.24182608695652,5,316.11571428571426,169.28571428571428,1.4,1,0,0.07439691868784755,Low Risk,Maintain standard engagement
16317,28,3,1341.65,890,64,19.444202898550724,3,447.2166666666667,296.6666666666667,1.0,0,1,0.30622792390551634,Low Risk,Maintain standard engagement
16319,127,1,404.40000000000003,72,3,134.8,1,404.40000000000003,72.0,1.0,0,1,0.8029939157203667,High Risk,Low-cost win-back email
16320,81,2,1038.46,732,56,18.543928571428573,2,519.23,366.0,1.0,0,1,0.4505762753620643,Medium Risk,Standard retention email
16321,214,3,223.65,63,5,27.95625,2,74.55,21.0,1.5,1,0,0.6337814802756845,Medium Risk,Loyalty incentive
16323,105,1,207.50000000000003,50,1,207.50000000000003,1,207.50000000000003,50.0,1.0,0,1,0.7342447994601194,High Risk,Low-cost win-back email
16324,37,3,428.68,282,100,3.6328813559322035,2,142.89333333333335,94.0,1.5,0,1,0.5431482578425021,Medium Risk,Loyalty incentive
16325,64,2,416.02000000000004,120,11,32.001538461538466,2,208.01000000000002,60.0,1.0,1,0,0.6141738453172331,Medium Risk,Standard retention email
16326,6,8,1537.97,321,92,10.606689655172413,6,192.24625,40.125,1.3333333333333333,1,0,0.12599780446107306,Low Risk,Maintain standard engagement
16327,108,4,2469.64,1618,119,11.760190476190475,4,617.41,404.5,1.0,1,0,0.26802381753331905,Low Risk,Maintain standard engagement
16330,21,2,48.96,23,17,2.88,1,24.48,11.5,2.0,1,0,0.3873795770223017,Medium Risk,Standard retention email
16332,39,3,659.27,271,43,12.208703703703703,3,219.75666666666666,90.33333333333333,1.0,1,0,0.3051065261725814,Low Risk,Maintain standard engagement
16333,8,18,15619.6,24352,8,422.15135135135137,6,867.7555555555556,1352.888888888889,3.0,1,0,0.09295674165844553,Low Risk,Maintain standard engagement
16338,66,1,214.79999999999998,94,11,19.527272727272727,1,214.79999999999998,94.0,1.0,0,1,0.6701866470421417,High Risk,Low-cost win-back email
16339,193,1,109.95,23,17,5.4975000000000005,1,109.95,23.0,1.0,0,1,0.7223850500051431,High Risk,Low-cost win-back email
16340,16,1,549.07,501,124,3.5886928104575166,1,549.07,501.0,1.0,0,1,0.5835942098185639,Medium Risk,Standard retention email
16341,110,1,797.65,534,29,27.5051724137931,1,797.65,534.0,1.0,1,0,0.5794186207925369,Medium Risk,Standard retention email
16342,17,3,283.71,145,10,21.82384615384615,3,94.57,48.333333333333336,1.0,1,0,0.5279420072807888,Medium Risk,Loyalty incentive
16344,67,1,101.10000000000001,18,1,50.550000000000004,1,101.10000000000001,18.0,1.0,0,1,0.7200609727513174,High Risk,Low-cost win-back email
16348,37,4,775.14,413,116,4.697818181818182,3,193.785,103.25,1.3333333333333333,1,0,0.17614070109423993,Low Risk,Maintain standard engagement
16349,200,1,53.5,9,9,5.944444444444445,1,53.5,9.0,1.0,0,1,0.7311332492823048,High Risk,Low-cost win-back email
16350,243,1,376.7,196,22,17.12272727272727,1,376.7,196.0,1.0,1,0,0.7043004799739664,High Risk,Low-cost win-back email
16351,242,1,153.9,90,8,19.2375,1,153.9,90.0,1.0,0,1,0.7748845869388502,High Risk,Low-cost win-back email
16353,1,14,3467.81,1260,46,49.540142857142854,8,247.70071428571427,90.0,1.75,1,0,0.04121905345004786,Low Risk,Maintain standard engagement
16356,107,3,211.77,93,20,6.831290322580646,3,70.59,31.0,1.0,0,1,0.6882204937208173,High Risk,Low-cost win-back email
16357,71,2,257.95,55,9,21.495833333333334,2,128.975,27.5,1.0,1,0,0.6512276219331341,Medium Risk,Standard retention email
16358,93,1,462.15000000000003,221,22,21.006818181818183,1,462.15000000000003,221.0,1.0,1,0,0.6178126025459414,Medium Risk,Standard retention email
16359,4,7,1411.23,876,38,25.658727272727273,7,201.6042857142857,125.14285714285714,1.0,1,0,0.13067329929280264,Low Risk,Maintain standard engagement
16364,46,1,347.55,115,28,11.98448275862069,1,347.55,115.0,1.0,1,0,0.6063840229681966,Medium Risk,Standard retention email
16365,32,7,862.56,325,34,23.959999999999997,4,123.22285714285714,46.42857142857143,1.75,1,0,0.2379861080509382,Low Risk,Maintain standard engagement
16367,272,1,170.91,91,33,4.619189189189189,1,170.91,91.0,1.0,1,0,0.5934558841587587,Medium Risk,Standard retention email
16369,106,1,354.45,199,15,23.63,1,354.45,199.0,1.0,1,0,0.6331949831279772,Medium Risk,Standard retention email
16370,26,3,953.11,524,133,5.295055555555556,3,317.7033333333333,174.66666666666666,1.0,1,0,0.2750251447285895,Low Risk,Maintain standard engagement
16374,171,1,156.3,52,26,5.78888888888889,1,156.3,52.0,1.0,1,0,0.6828061876684252,High Risk,Low-cost win-back email
16377,176,1,676.2,1500,5,135.24,1,676.2,1500.0,1.0,0,1,0.6943313776710599,High Risk,Priority reactivation campaign
16378,156,3,362.95,267,22,15.780434782608696,2,120.98333333333333,89.0,1.5,0,1,0.6178411595107741,Medium Risk,Loyalty incentive
16383,177,1,309.46,298,48,5.8388679245283015,1,309.46,298.0,1.0,1,0,0.6315842062549767,Medium Risk,Standard retention email
16384,173,1,409.1,200,24,17.045833333333334,1,409.1,200.0,1.0,1,0,0.7245560987450106,High Risk,Low-cost win-back email
16385,67,2,274.85,155,36,7.047435897435898,2,137.425,77.5,1.0,1,0,0.4921647992423099,Medium Risk,Standard retention email
16386,163,1,61.10000000000001,26,4,15.275000000000002,1,61.10000000000001,26.0,1.0,1,0,0.7681095906555446,High Risk,Low-cost win-back email
16387,232,1,94.36,44,4,23.59,1,94.36,44.0,1.0,0,1,0.7811207940066724,High Risk,Low-cost win-back email
16389,114,2,670.17,307,16,41.885625,2,335.085,153.5,1.0,1,0,0.5112229070593386,Medium Risk,Standard retention email
16392,179,1,221.19,203,41,4.915333333333333,1,221.19,203.0,1.0,0,1,0.6188501884811921,Medium Risk,Standard retention email
16393,3,9,1765.27,1015,96,8.24892523364486,7,196.14111111111112,112.77777777777777,1.2857142857142858,1,0,0.0437242147035944,Low Risk,Maintain standard engagement
16394,80,3,933.1,1404,49,15.551666666666668,3,311.03333333333336,468.0,1.0,1,0,0.24345859930534966,Low Risk,Maintain standard engagement
16395,77,3,967.25,897,87,8.873853211009175,2,322.4166666666667,299.0,1.5,1,0,0.3506551372751018,Medium Risk,Loyalty incentive
16398,63,2,1705.8,758,75,20.802439024390242,2,852.9,379.0,1.0,0,1,0.41727242480693777,Medium Risk,Standard retention email
16399,144,1,178.41,159,31,5.75516129032258,1,178.41,159.0,1.0,1,0,0.5895016848817177,Medium Risk,Standard retention email
16400,4,1,303.93,172,28,10.480344827586206,1,303.93,172.0,1.0,0,1,0.5324347163066153,Medium Risk,Standard retention email
16401,41,7,2455.42,2320,52,22.94785046728972,6,350.7742857142857,331.42857142857144,1.1666666666666667,1,0,0.04676265710315057,Low Risk,Maintain standard engagement
16402,174,2,299.6,149,55,4.993333333333334,2,149.8,74.5,1.0,0,1,0.5601518375682587,Medium Risk,Standard retention email
16403,221,1,177.5,114,10,17.75,1,177.5,114.0,1.0,0,1,0.7295038184636231,High Risk,Low-cost win-back email
16405,211,2,167.25,187,3,33.45,1,83.625,93.5,2.0,0,1,0.7701349580456571,High Risk,Low-cost win-back email
16407,19,8,1529.62,777,76,12.335645161290321,6,191.2025,97.125,1.3333333333333333,1,0,0.05356104545820557,Low Risk,Maintain standard engagement
16409,59,3,1039.27,677,106,6.4954374999999995,3,346.42333333333335,225.66666666666666,1.0,1,0,0.2573746284819273,Low Risk,Maintain standard engagement
16411,278,1,131.5,70,19,6.261904761904762,1,131.5,70.0,1.0,1,0,0.7101206014949681,High Risk,Low-cost win-back email
16414,189,1,50.8,16,3,16.933333333333334,1,50.8,16.0,1.0,1,0,0.7655700702610587,High Risk,Low-cost win-back email
16418,2,2,368.36,174,44,7.222745098039216,2,184.18,87.0,1.0,1,0,0.4128012264582513,Medium Risk,Standard retention email
16419,22,6,972.23,436,36,19.063333333333333,4,162.03833333333333,72.66666666666667,1.5,0,1,0.30337117681063547,Low Risk,Maintain standard engagement
16422,8,39,29117.7,27606,68,100.06082474226804,10,746.6076923076923,707.8461538461538,3.9,1,0,0.024224578672305083,Low Risk,Maintain standard engagement
16424,100,1,133.56,88,5,26.712,1,133.56,88.0,1.0,0,1,0.7151145462716081,High Risk,Low-cost win-back email
16425,211,1,302.7,199,21,14.414285714285715,1,302.7,199.0,1.0,0,1,0.6966851484126289,High Risk,Low-cost win-back email
16426,2,4,689.83,414,64,8.732025316455697,2,172.4575,103.5,2.0,1,0,0.35746518364957086,Medium Risk,Loyalty incentive
16427,172,2,241.06,156,8,26.784444444444446,2,120.53,78.0,1.0,0,1,0.6852800016192253,High Risk,Low-cost win-back email
16429,15,1,284.55,9,2,142.275,1,284.55,9.0,1.0,0,1,0.7059204847528823,High Risk,Low-cost win-back email
16431,122,3,642.81,453,51,7.744698795180722,2,214.26999999999998,151.0,1.5,0,1,0.42590974945015236,Medium Risk,Loyalty incentive
16434,5,4,906.34,448,49,16.47890909090909,4,226.585,112.0,1.0,1,0,0.34883897159143823,Medium Risk,Loyalty incentive
16440,124,1,272.46,115,35,7.784571428571428,1,272.46,115.0,1.0,1,0,0.5876904070473469,Medium Risk,Standard retention email
16441,200,1,211.0,110,12,16.23076923076923,1,211.0,110.0,1.0,1,0,0.700694101126324,High Risk,Low-cost win-back email
16442,137,2,437.03,354,99,4.2846078431372545,2,218.515,177.0,1.0,1,0,0.4556131510890066,Medium Risk,Standard retention email
16444,4,3,541.4,337,58,7.734285714285714,3,180.46666666666667,112.33333333333333,1.0,1,0,0.2916799768964058,Low Risk,Maintain standard engagement
16446,115,1,2.9,2,2,1.45,1,2.9,2.0,1.0,1,0,0.3372008127404774,Medium Risk,Standard retention email
16447,44,1,259.01,223,34,7.194722222222222,1,259.01,223.0,1.0,0,1,0.5513950078378935,Medium Risk,Standard retention email
16448,107,1,188.89000000000001,78,19,9.444500000000001,1,188.89000000000001,78.0,1.0,0,1,0.6921585416627464,High Risk,Low-cost win-back email
16449,107,2,707.69,367,40,17.69225,2,353.845,183.5,1.0,0,1,0.49561329123125974,Medium Risk,Standard retention email
16450,59,1,311.92,200,11,28.35636363636364,1,311.92,200.0,1.0,0,1,0.6179313564024657,Medium Risk,Standard retention email
16455,4,6,1323.3799999999999,756,48,18.63915492957746,4,220.5633333333333,126.0,1.5,1,0,0.15339523894794738,Low Risk,Maintain standard engagement
16456,8,5,2158.37,1148,80,19.444774774774775,5,431.674,229.6,1.0,0,1,0.13589810756508647,Low Risk,Maintain standard engagement
16457,127,1,208.36,140,9,23.151111111111113,1,208.36,140.0,1.0,0,1,0.7285966592026785,High Risk,Low-cost win-back email
16458,15,11,2151.5,1360,43,16.17669172932331,8,195.5909090909091,123.63636363636364,1.375,1,0,0.032464993289260405,Low Risk,Maintain standard engagement
16461,87,1,151.42,49,31,4.588484848484848,1,151.42,49.0,1.0,0,1,0.6327759293316766,Medium Risk,Standard retention email
16462,95,2,68.0,8,1,34.0,2,34.0,4.0,1.0,1,0,0.46603033460601734,Medium Risk,Standard retention email
16463,113,1,319.37,179,19,16.80894736842105,1,319.37,179.0,1.0,1,0,0.627094691471887,Medium Risk,Standard retention email
16464,51,1,385.0,316,88,4.052631578947368,1,385.0,316.0,1.0,1,0,0.49207967834579175,Medium Risk,Standard retention email
16466,12,5,1002.1800000000001,532,68,11.012967032967033,4,200.436,106.4,1.25,1,0,0.17594707304293908,Low Risk,Maintain standard engagement
16469,155,2,276.88,114,52,4.012753623188406,1,138.44,57.0,2.0,1,0,0.5802102125559915,Medium Risk,Standard retention email
16470,25,3,539.13,358,83,5.675052631578947,3,179.71,119.33333333333333,1.0,1,0,0.2140817487759135,Low Risk,Maintain standard engagement
16471,184,1,223.95000000000002,141,13,17.22692307692308,1,223.95000000000002,141.0,1.0,0,1,0.699260337051511,High Risk,Low-cost win-back email
16473,74,3,316.11,196,18,17.561666666666667,3,105.37,65.33333333333333,1.0,0,1,0.5051255021732719,Medium Risk,Loyalty incentive
16474,54,1,355.57,204,82,3.3863809523809523,1,355.57,204.0,1.0,1,0,0.49761769327257005,Medium Risk,Standard retention email
16475,53,3,459.3,318,22,17.011111111111113,3,153.1,106.0,1.0,1,0,0.4478406650414535,Medium Risk,Loyalty incentive
16477,40,6,1999.26,1099,96,16.52280991735537,5,333.21,183.16666666666666,1.2,1,0,0.09638272905460117,Low Risk,Maintain standard engagement
16483,101,1,139.35,44,19,7.334210526315789,1,139.35,44.0,1.0,0,1,0.6884678777306669,High Risk,Low-cost win-back email
16484,83,2,404.3,200,25,16.172,1,202.15,100.0,2.0,0,1,0.6029260144899805,Medium Risk,Standard retention email
16488,24,2,354.57,619,22,16.116818181818182,2,177.285,309.5,1.0,1,0,0.4931425593617797,Medium Risk,Standard retention email
16493,82,3,782.29,706,25,23.008529411764705,3,260.7633333333333,235.33333333333334,1.0,1,0,0.3603015146830036,Medium Risk,Loyalty incentive
16494,205,1,826.53,675,47,16.5306,1,826.53,675.0,1.0,0,1,0.6162510833574572,Medium Risk,Standard retention email
16495,185,2,246.51,166,32,7.47,1,123.255,83.0,2.0,1,0,0.5606660036951597,Medium Risk,Standard retention email
16496,117,2,1185.04,784,71,16.69070422535211,2,592.52,392.0,1.0,1,0,0.4384497579121784,Medium Risk,Standard retention email
16497,112,5,1550.7,789,82,17.824137931034482,3,310.14,157.8,1.6666666666666667,1,0,0.18878043153249288,Low Risk,Maintain standard engagement
16498,70,2,100.97,45,15,6.731333333333334,2,50.485,22.5,1.0,0,1,0.6477347123502196,Medium Risk,Standard retention email
16499,269,2,365.45,127,18,19.23421052631579,1,182.725,63.5,2.0,0,1,0.7259313821777186,High Risk,Low-cost win-back email
16500,240,1,165.0,1,1,165.0,1,165.0,1.0,1.0,1,0,0.6785004086708984,High Risk,Low-cost win-back email
16503,16,4,1431.93,569,71,17.046785714285715,4,357.9825,142.25,1.0,0,1,0.33621375764132794,Medium Risk,Loyalty incentive
16509,206,1,363.7,64,13,27.976923076923075,1,363.7,64.0,1.0,0,1,0.7668417240724769,High Risk,Low-cost win-back email
16510,281,1,248.1,92,13,19.084615384615383,1,248.1,92.0,1.0,0,1,0.7333552347537478,High Risk,Low-cost win-back email
16511,54,2,582.7,275,83,5.657281553398058,2,291.35,137.5,1.0,1,0,0.4220929636285176,Medium Risk,Standard retention email
16515,1,4,1250.3500000000001,695,79,13.024479166666667,4,312.58750000000003,173.75,1.0,1,0,0.29465095335699465,Low Risk,Maintain standard engagement
16517,186,1,162.7,96,17,9.570588235294117,1,162.7,96.0,1.0,0,1,0.7215802349347533,High Risk,Low-cost win-back email
16518,193,1,190.7,124,11,17.336363636363636,1,190.7,124.0,1.0,1,0,0.70872848255316,High Risk,Low-cost win-back email
16519,274,1,103.7,24,5,20.740000000000002,1,103.7,24.0,1.0,1,0,0.7889778696561416,High Risk,Low-cost win-back email
16520,95,3,1046.57,558,129,6.708782051282051,3,348.8566666666666,186.0,1.0,0,1,0.3331068468059626,Medium Risk,Loyalty incentive
16523,5,13,5245.95,2325,88,31.412874251497005,8,403.5346153846154,178.84615384615384,1.625,1,0,0.012990049333888682,Low Risk,Maintain standard engagement
16525,8,21,10372.35,5825,67,71.04349315068494,10,493.9214285714286,277.3809523809524,2.1,1,0,0.030896061008385534,Low Risk,Maintain standard engagement
16526,81,1,290.36,106,15,19.357333333333333,1,290.36,106.0,1.0,0,1,0.6624950773186671,High Risk,Low-cost win-back email
16529,99,1,455.25,198,30,15.175,1,455.25,198.0,1.0,0,1,0.6154216499240992,Medium Risk,Standard retention email
16531,36,4,684.53,567,41,15.211777777777778,4,171.1325,141.75,1.0,1,0,0.32230410854832536,Low Risk,Maintain standard engagement
16532,45,2,4516.8,1536,2,1505.6000000000001,2,2258.4,768.0,1.0,1,0,0.7324593097506064,High Risk,Priority reactivation campaign
16536,19,1,548.97,251,49,9.981272727272728,1,548.97,251.0,1.0,0,1,0.5586860162884253,Medium Risk,Standard retention email
16539,129,3,1053.61,421,34,27.72657894736842,2,351.2033333333333,140.33333333333334,1.5,1,0,0.4256384056830441,Medium Risk,Loyalty incentive
16545,74,1,339.3,78,3,113.10000000000001,1,339.3,78.0,1.0,0,1,0.742072033500793,High Risk,Low-cost win-back email
16546,200,2,787.15,549,25,31.486,2,393.575,274.5,1.0,0,1,0.5203631993162448,Medium Risk,Standard retention email
16549,33,2,781.52,517,131,5.465174825174825,2,390.76,258.5,1.0,1,0,0.44553638918394767,Medium Risk,Standard retention email
16550,18,5,2298.97,1540,162,9.159243027888445,4,459.794,308.0,1.25,0,1,0.18671837730375396,Low Risk,Maintain standard engagement
16551,5,3,922.12,970,26,28.81625,3,307.37333333333333,323.3333333333333,1.0,0,1,0.38824538751655646,Medium Risk,Loyalty incentive
16552,152,2,379.73,219,17,22.337058823529414,2,189.865,109.5,1.0,0,1,0.6395747414272062,Medium Risk,Standard retention email
16553,72,12,5719.82,4600,62,68.09309523809523,6,476.65166666666664,383.3333333333333,2.0,0,1,0.2526093871083769,Low Risk,Maintain standard engagement
16554,131,2,314.11,129,21,14.957619047619048,2,157.055,64.5,1.0,1,0,0.6372172014077923,Medium Risk,Standard retention email
16555,19,1,151.98,90,9,16.886666666666667,1,151.98,90.0,1.0,1,0,0.6314708220439067,Medium Risk,Standard retention email
16556,15,6,2556.37,1342,111,15.9773125,6,426.06166666666667,223.66666666666666,1.0,1,0,0.08407266863982304,Low Risk,Maintain standard engagement
16557,46,1,101.15,13,6,16.858333333333334,1,101.15,13.0,1.0,1,0,0.5893776085396946,Medium Risk,Standard retention email
16558,1,14,4685.17,3252,171,16.10024054982818,10,334.65500000000003,232.28571428571428,1.4,1,0,0.01108908859662865,Low Risk,Maintain standard engagement
16560,267,1,332.18,169,20,16.609,1,332.18,169.0,1.0,1,0,0.698195461551728,High Risk,Low-cost win-back email
16565,273,1,173.7,46,3,57.9,1,173.7,46.0,1.0,0,1,0.7498472294651436,High Risk,Low-cost win-back email
16566,79,3,463.88,216,9,51.54222222222222,3,154.62666666666667,72.0,1.0,1,0,0.4683448370752179,Medium Risk,Loyalty incentive
16567,103,2,865.6,996,34,24.731428571428573,2,432.8,498.0,1.0,0,1,0.5205681899854151,Medium Risk,Standard retention email
16570,36,6,2134.07,1427,52,27.359871794871797,5,355.67833333333334,237.83333333333334,1.2,1,0,0.09378341586255011,Low Risk,Maintain standard engagement
16571,85,2,896.79,891,54,15.199830508474575,2,448.395,445.5,1.0,1,0,0.4374420078121215,Medium Risk,Standard retention email
16572,36,3,1009.6,532,40,17.712280701754388,3,336.53333333333336,177.33333333333334,1.0,0,1,0.354063427430451,Medium Risk,Loyalty incentive
16573,199,1,292.63,111,16,18.289375,1,292.63,111.0,1.0,1,0,0.6833657779450023,High Risk,Low-cost win-back email
16581,92,1,105.84,134,9,11.76,1,105.84,134.0,1.0,0,1,0.6965479119674615,High Risk,Low-cost win-back email
16582,22,1,313.62,164,6,52.27,1,313.62,164.0,1.0,0,1,0.6539405451842077,Medium Risk,Standard retention email
16583,283,1,233.45,111,14,16.675,1,233.45,111.0,1.0,0,1,0.6916279732922699,High Risk,Low-cost win-back email
16584,163,1,611.94,488,14,43.71,1,611.94,488.0,1.0,1,0,0.6772476158872499,High Risk,Priority reactivation campaign
16586,158,1,463.95,95,8,57.99375,1,463.95,95.0,1.0,0,1,0.7900755265399418,High Risk,Low-cost win-back email
16587,141,1,225.15,71,13,17.31923076923077,1,225.15,71.0,1.0,0,1,0.7416855500910167,High Risk,Low-cost win-back email
16589,16,2,214.68,156,13,14.312000000000001,2,107.34,78.0,1.0,1,0,0.47641463064288425,Medium Risk,Standard retention email
16592,46,10,2214.33,1785,102,17.299453125,5,221.433,178.5,2.0,1,0,0.07031669800976892,Low Risk,Maintain standard engagement
16593,99,2,255.5,85,20,12.166666666666666,2,127.75,42.5,1.0,1,0,0.6334171877293815,Medium Risk,Standard retention email
16596,275,1,120.65,47,6,20.108333333333334,1,120.65,47.0,1.0,1,0,0.7388354210718118,High Risk,Low-cost win-back email
16598,195,1,145.04999999999998,73,10,14.504999999999999,1,145.04999999999998,73.0,1.0,0,1,0.7662910214210492,High Risk,Low-cost win-back email
16600,162,2,237.46,368,18,13.192222222222222,2,118.73,184.0,1.0,1,0,0.5527107348653232,Medium Risk,Standard retention email
16607,37,10,2267.58,2070,94,20.428648648648647,7,226.75799999999998,207.0,1.4285714285714286,1,0,0.024565353029789464,Low Risk,Maintain standard engagement
16609,44,5,2710.04,1245,103,17.59766233766234,3,542.008,249.0,1.6666666666666667,1,0,0.11164041884320373,Low Risk,Maintain standard engagement
16610,128,1,75.66,66,6,12.61,1,75.66,66.0,1.0,0,1,0.7750554444572412,High Risk,Low-cost win-back email
16611,95,1,129.49,47,9,12.949000000000002,1,129.49,47.0,1.0,0,1,0.6768595278092752,High Risk,Low-cost win-back email
16612,28,3,870.3000000000001,394,42,17.064705882352943,3,290.1,131.33333333333334,1.0,1,0,0.35316882284050666,Medium Risk,Loyalty incentive
16614,92,1,506.19,223,26,19.468846153846155,1,506.19,223.0,1.0,0,1,0.6385006348124309,Medium Risk,Standard retention email
16616,66,1,210.10000000000002,110,11,19.1,1,210.10000000000002,110.0,1.0,1,0,0.6504723598698905,Medium Risk,Standard retention email
16617,145,1,151.85,91,5,30.369999999999997,1,151.85,91.0,1.0,0,1,0.7681309396217109,High Risk,Low-cost win-back email
16618,120,4,1441.29,771,44,26.690555555555555,3,360.3225,192.75,1.3333333333333333,1,0,0.23737018186195855,Low Risk,Maintain standard engagement
16619,173,1,226.21,133,14,16.157857142857143,1,226.21,133.0,1.0,0,1,0.7006778382085831,High Risk,Low-cost win-back email
16620,170,1,95.75999999999999,48,5,19.151999999999997,1,95.75999999999999,48.0,1.0,1,0,0.7512596233791758,High Risk,Low-cost win-back email
16621,57,3,609.41,187,17,27.700454545454544,3,203.13666666666666,62.333333333333336,1.0,1,0,0.43606300723888863,Medium Risk,Loyalty incentive
16623,155,1,129.45,39,5,25.889999999999997,1,129.45,39.0,1.0,0,1,0.7696626714797619,High Risk,Low-cost win-back email
16624,106,1,426.43,196,21,20.306190476190476,1,426.43,196.0,1.0,1,0,0.6271357279873029,Medium Risk,Standard retention email
16625,183,1,333.08,164,23,14.481739130434782,1,333.08,164.0,1.0,0,1,0.7224761616628493,High Risk,Low-cost win-back email
16626,22,7,2165.34,1108,74,21.228823529411766,4,309.3342857142857,158.28571428571428,1.75,1,0,0.08181615076027088,Low Risk,Maintain standard engagement
16628,16,4,1619.8400000000001,844,64,18.618850574712646,4,404.96000000000004,211.0,1.0,1,0,0.3097982928039036,Low Risk,Maintain standard engagement
16629,5,1,236.78,216,46,4.7356,1,236.78,216.0,1.0,1,0,0.49933046159133054,Medium Risk,Standard retention email
16633,23,3,1168.26,463,51,18.842903225806452,3,389.42,154.33333333333334,1.0,1,0,0.358875094173388,Medium Risk,Loyalty incentive
16634,132,2,217.9,82,9,24.211111111111112,2,108.95,41.0,1.0,0,1,0.7736871115475054,High Risk,Low-cost win-back email
16637,33,2,530.55,351,29,16.5796875,2,265.275,175.5,1.0,1,0,0.4857902113110013,Medium Risk,Standard retention email
16638,8,9,1550.94,1199,85,17.82689655172414,6,172.32666666666668,133.22222222222223,1.5,1,0,0.052404078015389,Low Risk,Maintain standard engagement
16639,116,2,471.15000000000003,159,19,23.5575,2,235.57500000000002,79.5,1.0,1,0,0.5875041320074657,Medium Risk,Standard retention email
16641,14,1,231.10000000000002,256,12,19.258333333333336,1,231.10000000000002,256.0,1.0,0,1,0.6134057600206884,Medium Risk,Standard retention email
16642,117,1,307.73,131,15,20.515333333333334,1,307.73,131.0,1.0,1,0,0.6895040428459505,High Risk,Low-cost win-back email
16643,155,1,487.51,269,27,18.055925925925926,1,487.51,269.0,1.0,0,1,0.7246584714820585,High Risk,Low-cost win-back email
16644,87,2,833.78,826,62,13.448064516129032,2,416.89,413.0,1.0,0,1,0.4463511190630188,Medium Risk,Standard retention email
16647,79,2,214.06,146,12,15.290000000000001,2,107.03,73.0,1.0,0,1,0.665994526945335,High Risk,Low-cost win-back email
16652,19,5,4525.87,2077,53,56.573375,4,905.174,415.4,1.25,1,0,0.14826219493174744,Low Risk,Maintain standard engagement
16654,50,4,601.27,282,29,20.733448275862067,4,150.3175,70.5,1.0,0,1,0.5515076988547101,Medium Risk,Loyalty incentive
16655,40,3,1868.89,1035,125,13.445251798561152,3,622.9633333333334,345.0,1.0,1,0,0.23882886674002435,Low Risk,Maintain standard engagement
16656,5,11,7116.68,7142,13,124.8540350877193,9,646.9709090909091,649.2727272727273,1.2222222222222223,1,0,0.04371680712727756,Low Risk,Maintain standard engagement
16657,58,2,446.11,668,111,3.280220588235294,2,223.055,334.0,1.0,1,0,0.40041883286476854,Medium Risk,Standard retention email
16658,277,1,123.24,40,8,15.405,1,123.24,40.0,1.0,0,1,0.768428736703166,High Risk,Low-cost win-back email
16659,98,1,39.12,72,2,19.56,1,39.12,72.0,1.0,0,1,0.6667035622329474,High Risk,Low-cost win-back email
16660,120,2,384.36,228,5,76.872,2,192.18,114.0,1.0,1,0,0.5911018437429651,Medium Risk,Standard retention email
16665,271,1,135.39999999999998,59,9,15.044444444444443,1,135.39999999999998,59.0,1.0,0,1,0.7542584316604228,High Risk,Low-cost win-back email
16667,193,1,203.35,78,20,9.683333333333334,1,203.35,78.0,1.0,1,0,0.723574177059763,High Risk,Low-cost win-back email
16668,26,5,266.52,258,9,15.677647058823528,5,53.303999999999995,51.6,1.0,1,0,0.5920050469262641,Medium Risk,Loyalty incentive
16670,15,8,3239.9700000000003,2152,150,15.882205882352942,6,404.99625000000003,269.0,1.3333333333333333,1,0,0.03544251740844933,Low Risk,Maintain standard engagement
16671,74,1,1382.88,656,3,460.96000000000004,1,1382.88,656.0,1.0,1,0,0.7506796280512641,High Risk,Priority reactivation campaign
16672,8,17,6911.84,2474,22,69.11840000000001,7,406.57882352941175,145.52941176470588,2.4285714285714284,1,0,0.04033272920513167,Low Risk,Maintain standard engagement
16674,7,1,122.2,63,33,3.4914285714285715,1,122.2,63.0,1.0,1,0,0.5193897411839453,Medium Risk,Standard retention email
16676,122,3,1098.5,412,58,17.1640625,3,366.1666666666667,137.33333333333334,1.0,1,0,0.3663016876199496,Medium Risk,Loyalty incentive
16678,8,8,2137.3,1638,76,18.74824561403509,6,267.1625,204.75,1.3333333333333333,1,0,0.04606028941297245,Low Risk,Maintain standard engagement
16679,275,1,129.75,29,3,43.25,1,129.75,29.0,1.0,0,1,0.7740996996746486,High Risk,Low-cost win-back email
16681,54,4,1332.68,1050,15,39.19647058823529,4,333.17,262.5,1.0,1,0,0.26073901166108776,Low Risk,Maintain standard engagement
16682,1,3,810.22,762,15,40.511,3,270.0733333333333,254.0,1.0,1,0,0.41759335118782626,Medium Risk,Loyalty incentive
16684,42,18,33883.5,24485,88,201.6875,6,1882.4166666666667,1360.2777777777778,3.0,1,0,0.06976558504078549,Low Risk,Maintain standard engagement
16686,7,6,2479.71,1680,327,5.4379605263157895,6,413.285,280.0,1.0,1,0,0.08165122638405532,Low Risk,Maintain standard engagement
16690,111,1,86.5,46,5,17.3,1,86.5,46.0,1.0,1,0,0.6736761973385558,High Risk,Low-cost win-back email
16692,165,2,1276.0,152,2,425.3333333333333,2,638.0,76.0,1.0,0,1,0.7821450868484728,High Risk,Priority reactivation campaign
16693,181,1,157.56,51,21,7.161818181818182,1,157.56,51.0,1.0,1,0,0.7009390378957301,High Risk,Low-cost win-back email
16696,44,4,657.9000000000001,146,7,65.79,3,164.47500000000002,36.5,1.3333333333333333,0,1,0.5450655006022083,Medium Risk,Loyalty incentive
16697,150,1,112.75,27,20,5.369047619047619,1,112.75,27.0,1.0,0,1,0.7158105292412293,High Risk,Low-cost win-back email
16698,136,2,1998.0,840,4,399.6,2,999.0,420.0,1.0,0,1,0.6903425221375654,High Risk,Priority reactivation campaign
16700,31,10,4095.95,3240,142,16.062549019607843,9,409.59499999999997,324.0,1.1111111111111112,1,0,0.02161449554753409,Low Risk,Maintain standard engagement
16701,39,10,4050.42,4958,80,36.822,8,405.04200000000003,495.8,1.25,1,0,0.031701202614839455,Low Risk,Maintain standard engagement
16705,8,10,9780.35,3926,88,57.531470588235294,6,978.0350000000001,392.6,1.6666666666666667,1,0,0.05920848747037425,Low Risk,Maintain standard engagement
16706,7,2,411.55,220,98,3.9572115384615385,2,205.775,110.0,1.0,1,0,0.39823484384389135,Medium Risk,Standard retention email
16709,109,4,1984.5900000000001,521,42,39.6918,3,496.14750000000004,130.25,1.3333333333333333,1,0,0.2673875232332001,Low Risk,Maintain standard engagement
16710,47,7,1843.89,1395,215,6.006156351791531,4,263.41285714285715,199.28571428571428,1.75,1,0,0.09288318024299577,Low Risk,Maintain standard engagement
16711,49,3,909.87,253,9,90.987,3,303.29,84.33333333333333,1.0,1,0,0.299252238240405,Low Risk,Maintain standard engagement
16712,4,8,2499.86,1162,170,8.417037037037037,5,312.4825,145.25,1.6,1,0,0.07714877494457135,Low Risk,Maintain standard engagement
16713,25,11,3970.77,2144,237,9.951804511278196,7,360.9790909090909,194.9090909090909,1.5714285714285714,1,0,0.015141718170475806,Low Risk,Maintain standard engagement
16714,128,3,1161.53,610,77,12.489569892473117,2,387.1766666666667,203.33333333333334,1.5,0,1,0.42394115085791334,Medium Risk,Loyalty incentive
16716,176,2,901.2,120,1,450.6,2,450.6,60.0,1.0,0,1,0.7813631501311257,High Risk,Priority reactivation campaign
16717,5,4,1559.66,756,78,17.329555555555558,3,389.915,189.0,1.3333333333333333,1,0,0.253114311866824,Low Risk,Maintain standard engagement
16718,278,1,623.75,413,41,13.86111111111111,1,623.75,413.0,1.0,0,1,0.7110015173246044,High Risk,Priority reactivation campaign
16719,58,5,1286.43,738,85,9.254892086330935,5,257.286,147.6,1.0,1,0,0.17802492920871746,Low Risk,Maintain standard engagement
16721,171,1,292.47,172,37,7.904594594594595,1,292.47,172.0,1.0,0,1,0.6350725876604901,Medium Risk,Standard retention email
16722,9,10,3656.58,3724,89,21.76535714285714,8,365.658,372.4,1.25,1,0,0.022800715679701003,Low Risk,Maintain standard engagement
16723,17,1,424.15,398,36,10.098809523809523,1,424.15,398.0,1.0,1,0,0.5054241767620369,Medium Risk,Standard retention email
16725,211,7,781.02,294,110,5.172317880794702,3,111.57428571428571,42.0,2.3333333333333335,0,1,0.646979023430081,Medium Risk,Loyalty incentive
16726,105,4,795.19,541,71,7.795980392156864,3,198.7975,135.25,1.3333333333333333,1,0,0.23170241631905913,Low Risk,Maintain standard engagement
16727,273,1,272.82,177,41,5.9308695652173915,1,272.82,177.0,1.0,0,1,0.6287012607586613,Medium Risk,Standard retention email
16728,76,3,550.0,321,113,3.8461538461538463,3,183.33333333333334,107.0,1.0,1,0,0.23259967748584573,Low Risk,Maintain standard engagement
16729,8,17,5363.43,4037,140,12.161972789115646,6,315.4958823529412,237.47058823529412,2.8333333333333335,1,0,0.03522692296729,Low Risk,Maintain standard engagement
16730,144,2,480.94,750,35,12.998378378378378,2,240.47,375.0,1.0,1,0,0.5381081217892983,Medium Risk,Standard retention email
16734,23,2,306.15999999999997,109,27,9.277575757575757,1,153.07999999999998,54.5,2.0,1,0,0.5983327737733708,Medium Risk,Standard retention email
16735,8,4,1994.3,1367,71,18.465740740740742,3,498.575,341.75,1.3333333333333333,1,0,0.24262267255889322,Low Risk,Maintain standard engagement
16738,207,1,3.75,3,1,3.75,1,3.75,3.0,1.0,0,1,0.6396834240455143,Medium Risk,Standard retention email
16739,86,1,323.0,172,13,24.846153846153847,1,323.0,172.0,1.0,0,1,0.6403823108456723,Medium Risk,Standard retention email
16743,22,6,1885.8600000000001,1678,82,11.292574850299403,5,314.31,279.6666666666667,1.2,1,0,0.0889782319785015,Low Risk,Maintain standard engagement
16744,6,3,403.51,244,74,4.159896907216495,3,134.50333333333333,81.33333333333333,1.0,1,0,0.2912104707785685,Low Risk,Maintain standard engagement
16745,7,16,6372.7,5787,144,19.07994011976048,8,398.29375,361.6875,2.0,1,0,0.013694722226148603,Low Risk,Maintain standard engagement
16746,10,12,4421.08,2580,174,13.772834890965731,8,368.42333333333335,215.0,1.5,1,0,0.012264376763421488,Low Risk,Maintain standard engagement
16748,127,3,910.2,492,27,26.77058823529412,3,303.40000000000003,164.0,1.0,1,0,0.34379714145969664,Medium Risk,Loyalty incentive
16750,30,3,416.12,138,44,8.853617021276596,3,138.70666666666668,46.0,1.0,1,0,0.4877155577543551,Medium Risk,Loyalty incentive
16752,282,1,207.5,54,9,23.055555555555557,1,207.5,54.0,1.0,0,1,0.7579476283543374,High Risk,Low-cost win-back email
16754,281,1,2002.4,4280,2,1001.2,1,2002.4,4280.0,1.0,0,1,0.7869884143796776,High Risk,Priority reactivation campaign
16755,23,3,1496.83,1064,133,8.804882352941176,3,498.9433333333333,354.6666666666667,1.0,0,1,0.31422141728782693,Low Risk,Maintain standard engagement
16756,124,1,239.4,106,13,18.415384615384617,1,239.4,106.0,1.0,0,1,0.6975548579082891,High Risk,Low-cost win-back email
16757,228,1,106.83000000000001,81,7,15.261428571428572,1,106.83000000000001,81.0,1.0,0,1,0.7742440733018711,High Risk,Low-cost win-back email
16761,6,1,316.62,341,13,24.355384615384615,1,316.62,341.0,1.0,0,1,0.597269306809599,Medium Risk,Standard retention email
16762,53,1,314.15000000000003,143,13,24.165384615384617,1,314.15000000000003,143.0,1.0,1,0,0.6443593565912299,Medium Risk,Standard retention email
16763,108,1,611.85,319,23,26.60217391304348,1,611.85,319.0,1.0,0,1,0.6506755545807879,Medium Risk,Standard retention email
16764,8,4,782.5500000000001,363,110,3.992602040816327,3,195.63750000000002,90.75,1.3333333333333333,1,0,0.19790623343466004,Low Risk,Maintain standard engagement
16765,203,1,34.0,4,1,34.0,1,34.0,4.0,1.0,0,1,0.8068278246915122,High Risk,Low-cost win-back email
16766,182,2,1145.6,536,17,33.69411764705882,1,572.8,268.0,2.0,0,1,0.6628881039832838,High Risk,Priority reactivation campaign
16767,3,7,4825.5,3925,137,25.66755319148936,7,689.3571428571429,560.7142857142857,1.0,1,0,0.04088048747659038,Low Risk,Maintain standard engagement
16768,13,2,286.49,88,40,6.662558139534884,2,143.245,44.0,1.0,1,0,0.48925865381077815,Medium Risk,Standard retention email
16769,169,1,380.39,83,33,9.50975,1,380.39,83.0,1.0,0,1,0.7123132152153238,High Risk,Low-cost win-back email
16770,145,4,656.48,371,82,6.312307692307693,3,164.12,92.75,1.3333333333333333,1,0,0.21007501707077508,Low Risk,Maintain standard engagement
16771,184,3,1655.95,1052,154,9.408806818181818,3,551.9833333333333,350.6666666666667,1.0,1,0,0.3501406726634498,Medium Risk,Loyalty incentive
16774,25,3,542.2,226,20,16.94375,3,180.73333333333335,75.33333333333333,1.0,1,0,0.4208239216991277,Medium Risk,Loyalty incentive
16775,31,8,1174.55,283,65,11.515196078431373,7,146.81875,35.375,1.1428571428571428,1,0,0.23854147119212002,Low Risk,Maintain standard engagement
16777,166,1,177.25,50,35,4.544871794871795,1,177.25,50.0,1.0,1,0,0.5688762261104882,Medium Risk,Standard retention email
16778,183,1,93.18,66,5,18.636000000000003,1,93.18,66.0,1.0,1,0,0.7620186758936408,High Risk,Low-cost win-back email
16779,16,15,6394.7300000000005,3614,130,27.445193133047212,9,426.31533333333334,240.93333333333334,1.6666666666666667,1,0,0.01538797766458858,Low Risk,Maintain standard engagement
16780,9,2,425.19,271,51,7.0865,2,212.595,135.5,1.0,0,1,0.45950032528808826,Medium Risk,Standard retention email
16781,281,1,311.25,113,17,18.308823529411764,1,311.25,113.0,1.0,0,1,0.73632262311395,High Risk,Low-cost win-back email
16782,47,9,1642.3500000000001,508,89,10.394620253164558,6,182.48333333333335,56.44444444444444,1.5,1,0,0.10672576697262606,Low Risk,Maintain standard engagement
16788,32,2,597.48,311,138,3.854709677419355,2,298.74,155.5,1.0,0,1,0.5001380628790971,Medium Risk,Standard retention email
16791,31,5,800.27,339,111,5.335133333333333,4,160.054,67.8,1.25,1,0,0.1573922833987934,Low Risk,Maintain standard engagement
16792,191,2,110.38000000000001,44,11,9.198333333333334,1,55.190000000000005,22.0,2.0,0,1,0.7753847825452274,High Risk,Low-cost win-back email
16794,17,4,628.5,626,100,4.107843137254902,3,157.125,156.5,1.3333333333333333,1,0,0.22453199996714404,Low Risk,Maintain standard engagement
16795,274,1,414.88,239,64,6.286060606060606,1,414.88,239.0,1.0,0,1,0.6890017988406141,High Risk,Low-cost win-back email
16801,72,4,1619.73,499,72,21.312236842105264,3,404.9325,124.75,1.3333333333333333,0,1,0.29976783579692684,Low Risk,Maintain standard engagement
16804,179,1,118.05,34,19,6.213157894736842,1,118.05,34.0,1.0,1,0,0.699582714594239,High Risk,Low-cost win-back email
16805,83,2,460.59,539,94,4.699897959183673,2,230.295,269.5,1.0,0,1,0.42230139861345706,Medium Risk,Standard retention email
16806,12,4,801.49,378,68,7.781456310679611,4,200.3725,94.5,1.0,0,1,0.2937467728192512,Low Risk,Maintain standard engagement
16807,52,3,1121.59,778,57,16.740149253731342,3,373.8633333333333,259.3333333333333,1.0,0,1,0.32568866642971017,Low Risk,Maintain standard engagement
16808,8,2,288.42,196,21,12.540000000000001,2,144.21,98.0,1.0,0,1,0.44492147120791903,Medium Risk,Standard retention email
16809,45,3,470.69,371,61,5.172417582417582,3,156.89666666666668,123.66666666666667,1.0,1,0,0.3074278477375121,Low Risk,Maintain standard engagement
16810,101,1,309.54,114,15,20.636000000000003,1,309.54,114.0,1.0,0,1,0.6935352525619002,High Risk,Low-cost win-back email
16812,270,1,479.35,81,15,31.956666666666667,1,479.35,81.0,1.0,0,1,0.7608828797061711,High Risk,Low-cost win-back email
16813,6,7,1187.64,1187,200,3.336067415730337,5,169.66285714285715,169.57142857142858,1.4,1,0,0.14773056002845703,Low Risk,Maintain standard engagement
16814,18,16,5206.69,2189,110,19.42794776119403,9,325.418125,136.8125,1.7777777777777777,1,0,0.010991897852312827,Low Risk,Maintain standard engagement
16816,12,4,417.06,274,28,14.895,4,104.265,68.5,1.0,0,1,0.5515558027090021,Medium Risk,Loyalty incentive
16817,95,7,1179.43,574,52,19.65716666666667,5,168.49,82.0,1.4,1,0,0.13566879883547714,Low Risk,Maintain standard engagement
16818,2,9,2528.47,1582,132,17.80612676056338,5,280.94111111111107,175.77777777777777,1.8,1,0,0.07247863077510594,Low Risk,Maintain standard engagement
16820,5,1,497.61,307,26,19.138846153846153,1,497.61,307.0,1.0,0,1,0.6001794419650073,Medium Risk,Standard retention email
16823,136,1,358.38,136,34,9.431052631578947,1,358.38,136.0,1.0,0,1,0.699426964765607,High Risk,Low-cost win-back email
16824,73,1,222.9,134,13,17.146153846153847,1,222.9,134.0,1.0,1,0,0.6128847559464053,Medium Risk,Standard retention email
16825,95,1,318.7,358,11,28.972727272727273,1,318.7,358.0,1.0,1,0,0.627303409412492,Medium Risk,Standard retention email
16828,2,2,128.5,59,8,16.0625,2,64.25,29.5,1.0,0,1,0.6549935319809306,Medium Risk,Standard retention email
16829,66,1,197.22,99,11,17.92909090909091,1,197.22,99.0,1.0,0,1,0.6275460601645342,Medium Risk,Standard retention email
16832,93,3,199.15,33,11,16.595833333333335,2,66.38333333333334,11.0,1.5,0,1,0.695341661093331,High Risk,Low-cost win-back email
16833,169,3,671.29,306,32,20.9778125,2,223.76333333333332,102.0,1.5,1,0,0.4779524355102263,Medium Risk,Loyalty incentive
16834,137,1,413.46,358,24,17.2275,1,413.46,358.0,1.0,0,1,0.721043645445453,High Risk,Low-cost win-back email
16835,37,2,180.85,61,10,18.085,2,90.425,30.5,1.0,0,1,0.7133026034256583,High Risk,Low-cost win-back email
16836,26,1,91.32000000000001,84,2,45.660000000000004,1,91.32000000000001,84.0,1.0,1,0,0.6989464648091414,High Risk,Low-cost win-back email
16837,67,9,1911.74,727,77,21.241555555555557,3,212.41555555555556,80.77777777777777,3.0,1,0,0.13834449255799258,Low Risk,Maintain standard engagement
16838,106,2,588.85,185,24,23.554000000000002,2,294.425,92.5,1.0,0,1,0.5904719881782715,Medium Risk,Standard retention email
16839,19,22,10869.28,5724,97,57.206736842105265,8,494.0581818181818,260.1818181818182,2.75,1,0,0.025820644846653754,Low Risk,Maintain standard engagement
16841,46,5,1561.06,1878,89,15.768282828282828,4,312.212,375.6,1.25,1,0,0.10670508980461349,Low Risk,Maintain standard engagement
16842,10,3,1264.19,693,45,20.066507936507936,3,421.3966666666667,231.0,1.0,0,1,0.42723681314517836,Medium Risk,Loyalty incentive
16843,3,13,8809.24,9034,188,27.615172413793104,7,677.6338461538461,694.9230769230769,1.8571428571428572,1,0,0.021469805232248246,Low Risk,Maintain standard engagement
16849,96,1,124.57,33,8,15.57125,1,124.57,33.0,1.0,0,1,0.6808604264430368,High Risk,Low-cost win-back email
16850,243,1,332.41,249,19,17.495263157894737,1,332.41,249.0,1.0,0,1,0.712373711430723,High Risk,Low-cost win-back email
16852,85,1,113.06,51,7,16.15142857142857,1,113.06,51.0,1.0,1,0,0.6537155818335774,Medium Risk,Standard retention email
16858,278,1,375.69000000000005,91,9,37.569,1,375.69000000000005,91.0,1.0,0,1,0.7923955518747862,High Risk,Low-cost win-back email
16859,54,2,747.81,827,50,14.380961538461538,2,373.905,413.5,1.0,0,1,0.4472035991278377,Medium Risk,Standard retention email
16861,67,1,70.80000000000001,24,2,35.400000000000006,1,70.80000000000001,24.0,1.0,1,0,0.6823586719214554,High Risk,Low-cost win-back email
16863,276,1,164.25,105,9,18.25,1,164.25,105.0,1.0,1,0,0.7076561825361322,High Risk,Low-cost win-back email
16866,50,3,207.73999999999998,60,10,18.885454545454543,1,69.24666666666666,20.0,3.0,0,1,0.6850711038209858,High Risk,Low-cost win-back email
16869,75,2,387.68,242,56,6.80140350877193,1,193.84,121.0,2.0,1,0,0.4922542578973295,Medium Risk,Standard retention email
16871,120,4,2037.82,861,104,19.224716981132076,2,509.455,215.25,2.0,1,0,0.353931009130328,Medium Risk,Loyalty incentive
16872,14,2,464.68000000000006,454,3,116.17000000000002,2,232.34000000000003,227.0,1.0,1,0,0.6044029973350071,Medium Risk,Standard retention email
16873,36,4,3871.4700000000003,2055,97,25.63887417218543,4,967.8675000000001,513.75,1.0,1,0,0.23540695064217998,Low Risk,Maintain standard engagement
16875,54,4,1138.2,488,53,19.291525423728814,3,284.55,122.0,1.3333333333333333,1,0,0.26295988704762463,Low Risk,Maintain standard engagement
16877,61,2,188.98,104,46,3.7796,2,94.49,52.0,1.0,1,0,0.6420916959228374,Medium Risk,Standard retention email
16880,9,6,1109.02,607,92,7.921571428571428,4,184.83666666666667,101.16666666666667,1.5,1,0,0.11741257358668046,Low Risk,Maintain standard engagement
16882,148,2,215.70000000000002,102,15,14.38,2,107.85000000000001,51.0,1.0,1,0,0.715370480548311,High Risk,Low-cost win-back email
16883,96,2,276.73,104,33,7.282368421052632,2,138.365,52.0,1.0,0,1,0.6166666990843667,Medium Risk,Standard retention email
16885,266,1,190.65,37,27,6.355,1,190.65,37.0,1.0,1,0,0.7102454045933524,High Risk,Low-cost win-back email
16889,104,3,1578.67,925,112,11.693851851851852,3,526.2233333333334,308.3333333333333,1.0,0,1,0.35187452903289745,Medium Risk,Loyalty incentive
16891,5,3,560.14,190,111,4.2758778625954195,3,186.71333333333334,63.333333333333336,1.0,1,0,0.22323526285400813,Low Risk,Maintain standard engagement
16892,93,1,102.97999999999999,77,20,5.148999999999999,1,102.97999999999999,77.0,1.0,1,0,0.663185672983011,High Risk,Low-cost win-back email
16893,276,1,145.93,62,44,3.242888888888889,1,145.93,62.0,1.0,0,1,0.6504317136137786,Medium Risk,Standard retention email
16897,208,2,289.78,73,37,7.831891891891891,2,144.89,36.5,1.0,0,1,0.6168291287525768,Medium Risk,Standard retention email
16898,86,2,319.46999999999997,250,99,3.1016504854368927,2,159.73499999999999,125.0,1.0,1,0,0.4361888996079627,Medium Risk,Standard retention email
16899,59,3,510.18,225,58,7.50264705882353,3,170.06,75.0,1.0,1,0,0.29968017121561885,Low Risk,Maintain standard engagement
16902,25,1,1706.88,629,43,38.79272727272728,1,1706.88,629.0,1.0,0,1,0.6001055708121825,Medium Risk,Standard retention email
16904,4,14,3049.07,1652,335,5.014917763157895,9,217.7907142857143,118.0,1.5555555555555556,1,0,0.028377306227689456,Low Risk,Maintain standard engagement
16905,146,3,853.93,267,44,13.554444444444444,3,284.6433333333333,89.0,1.0,1,0,0.3367672600101455,Medium Risk,Loyalty incentive
16906,96,3,394.94,184,33,9.403333333333332,3,131.64666666666668,61.333333333333336,1.0,1,0,0.4369234187741476,Medium Risk,Loyalty incentive
16907,57,4,711.88,229,74,5.932333333333333,4,177.97,57.25,1.0,1,0,0.3032427215277193,Low Risk,Maintain standard engagement
16912,43,7,1558.38,589,50,24.73619047619048,4,222.6257142857143,84.14285714285714,1.75,1,0,0.09799944725505012,Low Risk,Maintain standard engagement
16913,199,1,113.44,82,8,14.18,1,113.44,82.0,1.0,0,1,0.7675901784454573,High Risk,Low-cost win-back email
16915,36,4,382.39000000000004,59,29,12.335161290322581,4,95.59750000000001,14.75,1.0,1,0,0.5326270286861589,Medium Risk,Loyalty incentive
16916,281,1,198.08,103,48,3.9616000000000002,1,198.08,103.0,1.0,1,0,0.5992457088286794,Medium Risk,Standard retention email
16917,186,1,391.52,232,9,43.50222222222222,1,391.52,232.0,1.0,0,1,0.7447171702807162,High Risk,Low-cost win-back email
16918,4,3,822.7,562,78,8.752127659574468,3,274.23333333333335,187.33333333333334,1.0,1,0,0.2939071913843981,Low Risk,Maintain standard engagement
16919,65,11,2596.45,1413,141,7.940214067278287,5,236.04090909090908,128.45454545454547,2.2,0,1,0.2210224681096981,Low Risk,Maintain standard engagement
16923,8,14,4921.51,2225,221,11.236324200913243,8,351.5364285714286,158.92857142857142,1.75,1,0,0.010993197416440394,Low Risk,Maintain standard engagement
16926,280,1,230.25,35,14,16.446428571428573,1,230.25,35.0,1.0,0,1,0.7399489849237428,High Risk,Low-cost win-back email
16927,25,3,543.05,993,5,90.50833333333333,3,181.01666666666665,331.0,1.0,0,1,0.5050128120163095,Medium Risk,Loyalty incentive
16928,3,15,2403.55,1773,66,12.92231182795699,9,160.23666666666668,118.2,1.6666666666666667,1,0,0.021606982107792938,Low Risk,Maintain standard engagement
16929,37,2,428.88,326,23,15.317142857142857,2,214.44,163.0,1.0,1,0,0.47387985658381626,Medium Risk,Standard retention email
16931,12,14,2918.8,1978,345,4.856572379367721,9,208.4857142857143,141.28571428571428,1.5555555555555556,1,0,0.02382051993447626,Low Risk,Maintain standard engagement
16933,148,1,224.73,127,19,11.2365,1,224.73,127.0,1.0,1,0,0.7104779706407235,High Risk,Low-cost win-back email
16938,89,3,2410.75,2325,205,10.957954545454545,2,803.5833333333334,775.0,1.5,1,0,0.32136149069508496,Low Risk,Maintain standard engagement
16940,78,2,1868.36,1236,162,10.04494623655914,2,934.18,618.0,1.0,1,0,0.36616123293085867,Medium Risk,Standard retention email
16942,45,7,1449.14,597,115,7.3560406091370565,4,207.02,85.28571428571429,1.75,1,0,0.08398975045425629,Low Risk,Maintain standard engagement
16943,121,3,816.73,145,23,24.74939393939394,3,272.24333333333334,48.333333333333336,1.0,0,1,0.5232836685133889,Medium Risk,Loyalty incentive
16945,8,13,3007.06,1921,102,17.1832,8,231.31230769230768,147.76923076923077,1.625,1,0,0.02022848845804141,Low Risk,Maintain standard engagement
16947,145,1,406.48,312,21,19.356190476190477,1,406.48,312.0,1.0,0,1,0.7284634207729832,High Risk,Low-cost win-back email
16948,47,3,435.02,1614,15,22.89578947368421,3,145.00666666666666,538.0,1.0,0,1,0.6160082451748394,Medium Risk,Loyalty incentive
16949,95,4,893.75,386,32,27.9296875,4,223.4375,96.5,1.0,1,0,0.27848496557753094,Low Risk,Maintain standard engagement
16950,33,2,778.41,337,26,28.83,2,389.205,168.5,1.0,1,0,0.48796216385806634,Medium Risk,Standard retention email
16951,44,3,1277.75,1318,73,14.857558139534884,2,425.9166666666667,439.3333333333333,1.5,0,1,0.4365054568890215,Medium Risk,Loyalty incentive
16952,18,2,167.61,92,16,10.475625,1,83.805,46.0,2.0,0,1,0.7045875384429774,High Risk,Low-cost win-back email
16954,34,4,1245.3799999999999,744,34,31.134499999999996,3,311.34499999999997,186.0,1.3333333333333333,1,0,0.2559413032130507,Low Risk,Maintain standard engagement
16955,94,4,518.67,266,18,20.746799999999997,3,129.6675,66.5,1.3333333333333333,0,1,0.650149476320718,Medium Risk,Loyalty incentive
16957,148,2,416.64,172,15,26.04,2,208.32,86.0,1.0,0,1,0.6618257445112778,High Risk,Low-cost win-back email
16960,162,1,201.53,95,45,4.4784444444444444,1,201.53,95.0,1.0,1,0,0.5966069021910558,Medium Risk,Standard retention email
16961,25,1,234.17,125,14,16.72642857142857,1,234.17,125.0,1.0,0,1,0.5839099741680167,Medium Risk,Standard retention email
16963,96,1,110.55000000000001,35,7,15.792857142857144,1,110.55000000000001,35.0,1.0,0,1,0.6888344623945416,High Risk,Low-cost win-back email
16965,136,1,201.19,291,26,7.738076923076923,1,201.19,291.0,1.0,0,1,0.7122683816159943,High Risk,Low-cost win-back email
16966,79,4,1486.56,1320,8,67.57090909090908,3,371.64,330.0,1.3333333333333333,1,0,0.24903715947783836,Low Risk,Maintain standard engagement
16967,98,1,319.02,333,21,15.19142857142857,1,319.02,333.0,1.0,0,1,0.637257275732222,Medium Risk,Standard retention email
16968,17,1,253.31,98,15,16.887333333333334,1,253.31,98.0,1.0,1,0,0.5691846861097192,Medium Risk,Standard retention email
16969,43,2,478.96000000000004,740,32,14.967500000000001,2,239.48000000000002,370.0,1.0,1,0,0.48066599741355237,Medium Risk,Standard retention email
16976,176,1,251.51999999999998,88,2,125.75999999999999,1,251.51999999999998,88.0,1.0,0,1,0.7565744548102369,High Risk,Low-cost win-back email
16979,57,2,555.65,135,19,29.24473684210526,2,277.825,67.5,1.0,1,0,0.5473097727458491,Medium Risk,Standard retention email
16980,164,2,1078.96,788,71,12.401839080459771,2,539.48,394.0,1.0,0,1,0.47616872487710576,Medium Risk,Standard retention email
16983,6,5,1190.3,732,87,11.336190476190476,5,238.06,146.4,1.0,1,0,0.2060091342675579,Low Risk,Maintain standard engagement
16984,39,1,3226.13,1632,262,11.646678700361011,1,3226.13,1632.0,1.0,1,0,0.43468598262057706,Medium Risk,Standard retention email
16985,67,7,3578.54,1287,50,45.87871794871795,5,511.21999999999997,183.85714285714286,1.4,1,0,0.10076638157653856,Low Risk,Maintain standard engagement
16987,79,3,629.45,103,29,14.986904761904762,2,209.8166666666667,34.333333333333336,1.5,1,0,0.5116596815396991,Medium Risk,Loyalty incentive
16989,7,2,890.7,1086,7,111.3375,2,445.35,543.0,1.0,1,0,0.5988520792832899,Medium Risk,Standard retention email
16990,128,1,179.0,100,1,179.0,1,179.0,100.0,1.0,0,1,0.7651103155132546,High Risk,Low-cost win-back email
16992,8,3,972.35,630,57,16.205833333333334,3,324.1166666666667,210.0,1.0,1,0,0.321289252846098,Low Risk,Maintain standard engagement
16996,30,5,1041.78,390,11,40.068461538461534,4,208.356,78.0,1.25,1,0,0.24489968548948393,Low Risk,Maintain standard engagement
16997,197,3,702.0,360,7,58.5,2,234.0,120.0,1.5,0,1,0.6059233947571459,Medium Risk,Loyalty incentive
16998,59,4,295.0,76,1,73.75,3,73.75,19.0,1.3333333333333333,0,1,0.6654194008503627,High Risk,Low-cost win-back email
17001,1,8,2793.49,1566,60,22.89745901639344,8,349.18625,195.75,1.0,1,0,0.05253256233149103,Low Risk,Maintain standard engagement
17002,125,2,993.52,422,24,33.117333333333335,2,496.76,211.0,1.0,1,0,0.5330905041855709,Medium Risk,Standard retention email
17004,2,1,1006.4,602,25,38.707692307692305,1,1006.4,602.0,1.0,1,0,0.5440862826206816,Medium Risk,Standard retention email
17007,64,5,575.44,346,33,17.437575757575758,3,115.08800000000001,69.2,1.6666666666666667,1,0,0.3834162857008122,Medium Risk,Loyalty incentive
17015,94,1,524.5,549,116,4.3347107438016526,1,524.5,549.0,1.0,1,0,0.5115412599851672,Medium Risk,Standard retention email
17017,71,14,5431.28,4311,81,29.51782608695652,6,387.9485714285714,307.92857142857144,2.3333333333333335,1,0,0.14565376652624445,Low Risk,Maintain standard engagement
17018,235,1,405.0,60,6,67.5,1,405.0,60.0,1.0,1,0,0.8144173297918178,High Risk,Low-cost win-back email
17019,171,3,995.93,658,114,6.303354430379747,3,331.97666666666663,219.33333333333334,1.0,1,0,0.2994389825965343,Low Risk,Maintain standard engagement
17024,8,2,56.25,45,1,28.125,2,28.125,22.5,1.0,1,0,0.40927910757688085,Medium Risk,Standard retention email
17025,282,2,160.97,139,5,32.194,1,80.485,69.5,2.0,1,0,0.7155365727188703,High Risk,Low-cost win-back email
17026,94,2,154.82999999999998,97,4,38.707499999999996,2,77.41499999999999,48.5,1.0,0,1,0.7586091826367765,High Risk,Low-cost win-back email
17027,88,4,655.88,288,95,5.1240625,4,163.97,72.0,1.0,1,0,0.26158869255354794,Low Risk,Maintain standard engagement
17029,20,2,716.0,400,1,358.0,2,358.0,200.0,1.0,0,1,0.649591485569119,Medium Risk,Standard retention email
17031,64,1,225.95,125,13,17.38076923076923,1,225.95,125.0,1.0,1,0,0.6041447659450612,Medium Risk,Standard retention email
17033,123,2,608.1,190,12,43.43571428571429,2,304.05,95.0,1.0,1,0,0.6118729444872661,Medium Risk,Standard retention email
17034,197,1,141.79999999999998,98,6,23.63333333333333,1,141.79999999999998,98.0,1.0,1,0,0.7520495303233582,High Risk,Low-cost win-back email
17035,155,2,433.53000000000003,229,27,15.483214285714286,2,216.76500000000001,114.5,1.0,0,1,0.584526758923128,Medium Risk,Standard retention email
17040,47,1,449.73,181,15,29.982000000000003,1,449.73,181.0,1.0,0,1,0.6139025312046958,Medium Risk,Standard retention email
17041,18,2,750.89,539,45,16.323695652173914,2,375.445,269.5,1.0,1,0,0.4158359560731327,Medium Risk,Standard retention email
17042,30,4,922.8199999999999,892,69,10.36876404494382,4,230.70499999999998,223.0,1.0,1,0,0.26015493738733697,Low Risk,Maintain standard engagement
17043,87,2,324.96999999999997,357,27,12.035925925925925,2,162.48499999999999,178.5,1.0,1,0,0.48738318933806624,Medium Risk,Standard retention email
17045,22,3,339.44,106,20,15.42909090909091,3,113.14666666666666,35.333333333333336,1.0,0,1,0.5402329624327235,Medium Risk,Loyalty incentive
17046,66,1,642.02,510,22,29.182727272727274,1,642.02,510.0,1.0,0,1,0.6442216189207904,Medium Risk,Standard retention email
17047,114,2,749.4300000000001,352,40,17.428604651162793,1,374.71500000000003,176.0,2.0,1,0,0.5061037042018102,Medium Risk,Standard retention email
17048,27,3,925.35,485,41,21.519767441860466,3,308.45,161.66666666666666,1.0,0,1,0.3689521899588386,Medium Risk,Loyalty incentive
17049,27,5,2606.65,1083,105,19.308518518518518,4,521.33,216.6,1.25,1,0,0.13828826524338012,Low Risk,Maintain standard engagement
17050,5,6,3228.84,1614,169,10.217848101265822,5,538.14,269.0,1.2,0,1,0.19097872794048162,Low Risk,Maintain standard engagement
17051,103,1,247.14000000000001,184,40,5.747441860465116,1,247.14000000000001,184.0,1.0,0,1,0.5581336266656446,Medium Risk,Standard retention email
17053,40,1,498.48,122,13,38.34461538461539,1,498.48,122.0,1.0,0,1,0.6675471427468275,High Risk,Low-cost win-back email
17054,47,4,1207.32,739,58,16.5386301369863,3,301.83,184.75,1.3333333333333333,1,0,0.21790223172045245,Low Risk,Maintain standard engagement
17058,108,2,819.66,455,42,16.727755102040817,2,409.83,227.5,1.0,1,0,0.4757621396178969,Medium Risk,Standard retention email
17059,19,4,2250.1,1283,232,6.097831978319783,4,562.525,320.75,1.0,1,0,0.24946152846796793,Low Risk,Maintain standard engagement
17060,175,1,234.24,216,5,46.848,1,234.24,216.0,1.0,0,1,0.7165035255682514,High Risk,Low-cost win-back email
17061,20,10,4658.83,1408,48,58.97253164556962,5,465.883,140.8,2.0,1,0,0.10834063680227957,Low Risk,Maintain standard engagement
17062,223,4,538.37,430,52,7.691,2,134.5925,107.5,2.0,0,1,0.5487867727264227,Medium Risk,Loyalty incentive
17063,72,4,671.87,309,35,17.68078947368421,2,167.9675,77.25,2.0,1,0,0.44576909485935073,Medium Risk,Loyalty incentive
17064,92,2,461.3,189,36,10.727906976744187,2,230.65,94.5,1.0,1,0,0.45225078722786455,Medium Risk,Standard retention email
17068,4,16,3539.29,1648,89,15.942747747747747,9,221.205625,103.0,1.7777777777777777,1,0,0.0244925277707131,Low Risk,Maintain standard engagement
17069,64,5,1495.79,712,68,18.934050632911394,3,299.158,142.4,1.6666666666666667,1,0,0.1362011240488246,Low Risk,Maintain standard engagement
17070,23,1,312.14,133,62,4.8771875,1,312.14,133.0,1.0,0,1,0.5310782853518144,Medium Risk,Standard retention email
17071,43,6,1402.42,622,65,15.93659090909091,5,233.73666666666668,103.66666666666667,1.2,1,0,0.11435091546497372,Low Risk,Maintain standard engagement
17073,18,1,453.79,307,56,8.103392857142858,1,453.79,307.0,1.0,1,0,0.49322889848315715,Medium Risk,Standard retention email
17075,162,3,696.07,241,49,11.22693548387097,3,232.02333333333334,80.33333333333333,1.0,1,0,0.33272754046298075,Medium Risk,Loyalty incentive
17076,183,2,334.2,112,11,23.87142857142857,2,167.1,56.0,1.0,1,0,0.6949656238080968,High Risk,Low-cost win-back email
17080,179,1,76.32000000000001,72,1,76.32000000000001,1,76.32000000000001,72.0,1.0,1,0,0.786905395599467,High Risk,Low-cost win-back email
17082,227,1,636.94,316,24,26.53916666666667,1,636.94,316.0,1.0,1,0,0.6869742844399788,High Risk,Priority reactivation campaign
17083,18,3,1405.78,772,24,27.034230769230767,2,468.5933333333333,257.3333333333333,1.5,0,1,0.5119675347274765,Medium Risk,Loyalty incentive
17085,32,5,1566.65,786,115,8.377807486631017,4,313.33000000000004,157.2,1.25,0,1,0.15912352354521953,Low Risk,Maintain standard engagement
17088,92,2,1399.1100000000001,525,72,18.17025974025974,2,699.5550000000001,262.5,1.0,1,0,0.42091694866930957,Medium Risk,Standard retention email
17090,7,4,811.77,361,14,45.09833333333333,4,202.9425,90.25,1.0,1,0,0.3037062771975517,Low Risk,Maintain standard engagement
17091,7,7,2692.0,1290,108,18.06711409395973,5,384.57142857142856,184.28571428571428,1.4,1,0,0.06859823672011424,Low Risk,Maintain standard engagement
17092,35,2,633.07,391,42,12.413137254901962,2,316.535,195.5,1.0,1,0,0.43754385425434367,Medium Risk,Standard retention email
17094,231,1,302.0,152,14,21.571428571428573,1,302.0,152.0,1.0,0,1,0.7050231277533805,High Risk,Low-cost win-back email
17095,208,2,543.96,234,33,15.998823529411766,2,271.98,117.0,1.0,1,0,0.5194304651388825,Medium Risk,Standard retention email
17096,52,2,443.94,178,22,19.301739130434783,2,221.97,89.0,1.0,1,0,0.45879826820472774,Medium Risk,Standard retention email
17097,9,6,639.53,250,103,5.035669291338582,3,106.58833333333332,41.666666666666664,2.0,1,0,0.2728502444417479,Low Risk,Maintain standard engagement
17101,87,1,230.57999999999998,158,17,13.563529411764705,1,230.57999999999998,158.0,1.0,1,0,0.5945947893835859,Medium Risk,Standard retention email
17102,171,1,25.5,2,1,25.5,1,25.5,2.0,1.0,0,1,0.7715677596320709,High Risk,Low-cost win-back email
17105,68,2,665.78,693,80,7.397555555555555,2,332.89,346.5,1.0,0,1,0.41056628091043346,Medium Risk,Standard retention email
17107,64,3,6334.06,2432,179,27.18480686695279,3,2111.3533333333335,810.6666666666666,1.0,1,0,0.2395575757708955,Low Risk,Maintain standard engagement
17109,141,2,464.59000000000003,248,52,8.765849056603773,1,232.29500000000002,124.0,2.0,1,0,0.5422313141787389,Medium Risk,Standard retention email
17110,74,1,163.29999999999998,50,12,13.608333333333333,1,163.29999999999998,50.0,1.0,0,1,0.6567529720256824,Medium Risk,Standard retention email
17114,48,6,603.59,157,66,6.781910112359551,6,100.59833333333334,26.166666666666668,1.0,1,0,0.45619625047684326,Medium Risk,Loyalty incentive
17115,92,2,612.82,260,28,19.150625,2,306.41,130.0,1.0,1,0,0.5056051910473884,Medium Risk,Standard retention email
17117,197,1,116.19999999999999,68,9,12.91111111111111,1,116.19999999999999,68.0,1.0,0,1,0.7588092069000808,High Risk,Low-cost win-back email
17118,227,1,157.02,154,10,15.702000000000002,1,157.02,154.0,1.0,0,1,0.7274643154225668,High Risk,Low-cost win-back email
17120,142,1,307.46,120,18,17.08111111111111,1,307.46,120.0,1.0,0,1,0.7347411759472969,High Risk,Low-cost win-back email
17122,28,1,138.32,80,7,19.759999999999998,1,138.32,80.0,1.0,0,1,0.6769165897019621,High Risk,Low-cost win-back email
17123,71,1,345.29999999999995,246,9,38.36666666666666,1,345.29999999999995,246.0,1.0,0,1,0.6827225490019087,High Risk,Low-cost win-back email
17124,94,1,298.89,130,31,9.3403125,1,298.89,130.0,1.0,0,1,0.6227251822827009,Medium Risk,Standard retention email
17126,61,5,1004.75,792,187,3.8644230769230767,3,200.95,158.4,1.6666666666666667,0,1,0.3026677793850482,Low Risk,Maintain standard engagement
17128,244,1,157.09,76,14,11.220714285714285,1,157.09,76.0,1.0,0,1,0.7371315212850522,High Risk,Low-cost win-back email
17133,99,3,2478.79,1125,9,177.05642857142857,3,826.2633333333333,375.0,1.0,1,0,0.3154337552553281,Low Risk,Maintain standard engagement
17134,16,2,425.0,102,21,17.708333333333332,2,212.5,51.0,1.0,0,1,0.5205550987776455,Medium Risk,Standard retention email
17135,199,2,500.55,420,19,23.835714285714285,2,250.275,210.0,1.0,1,0,0.6013884757970833,Medium Risk,Standard retention email
17138,185,1,380.5,126,24,15.854166666666666,1,380.5,126.0,1.0,0,1,0.7478185958484616,High Risk,Low-cost win-back email
17139,32,7,6851.82,3200,208,23.957412587412588,5,978.8314285714285,457.14285714285717,1.4,1,0,0.06524592144242565,Low Risk,Maintain standard engagement
17140,156,1,465.32,302,16,23.266,1,465.32,302.0,1.0,0,1,0.6961356382816353,High Risk,Low-cost win-back email
17142,148,1,579.0,81,15,38.6,1,579.0,81.0,1.0,0,1,0.7811026789916001,High Risk,Priority reactivation campaign
17146,14,3,749.78,212,33,21.422285714285714,3,249.92666666666665,70.66666666666667,1.0,0,1,0.46982376693048034,Medium Risk,Loyalty incentive
17147,116,2,973.11,517,42,21.154565217391305,2,486.555,258.5,1.0,1,0,0.4804039360104254,Medium Risk,Standard retention email
17152,104,3,1689.5,517,9,120.67857142857143,2,563.1666666666666,172.33333333333334,1.5,0,1,0.6173583291371,Medium Risk,Loyalty incentive
17155,87,1,143.3,154,9,15.922222222222224,1,143.3,154.0,1.0,1,0,0.6415368710544332,Medium Risk,Standard retention email
17157,85,1,161.46,102,8,20.1825,1,161.46,102.0,1.0,1,0,0.6901610324031521,High Risk,Low-cost win-back email
17158,142,2,698.55,461,36,17.91153846153846,2,349.275,230.5,1.0,1,0,0.5233596299899075,Medium Risk,Standard retention email
17159,81,1,528.45,305,30,17.615000000000002,1,528.45,305.0,1.0,1,0,0.6159060071212331,Medium Risk,Standard retention email
17160,18,5,3001.18,2417,85,15.712984293193717,3,600.236,483.4,1.6666666666666667,1,0,0.10819006305297556,Low Risk,Maintain standard engagement
17162,40,9,1463.66,865,75,16.44561797752809,5,162.6288888888889,96.11111111111111,1.8,1,0,0.09326564639143463,Low Risk,Maintain standard engagement
17164,60,3,1270.42,802,53,16.49896103896104,3,423.47333333333336,267.3333333333333,1.0,1,0,0.36046016650494733,Medium Risk,Loyalty incentive
17165,193,1,158.68,100,10,15.868,1,158.68,100.0,1.0,0,1,0.7451134250693048,High Risk,Low-cost win-back email
17166,113,1,127.59,57,10,12.759,1,127.59,57.0,1.0,1,0,0.66058411531847,High Risk,Low-cost win-back email
17169,92,1,308.68,102,18,17.14888888888889,1,308.68,102.0,1.0,1,0,0.6682991048127395,High Risk,Low-cost win-back email
17171,198,1,224.91,185,16,14.056875,1,224.91,185.0,1.0,0,1,0.6936984950037993,High Risk,Low-cost win-back email
17173,26,2,961.26,238,13,38.4504,2,480.63,119.0,1.0,1,0,0.48789391887484423,Medium Risk,Standard retention email
17174,127,1,59.9,41,4,14.975,1,59.9,41.0,1.0,0,1,0.771831988472632,High Risk,Low-cost win-back email
17175,50,3,1132.6299999999999,644,42,20.225535714285712,3,377.5433333333333,214.66666666666666,1.0,1,0,0.32641787683927354,Low Risk,Maintain standard engagement
17176,111,1,306.13,170,15,20.408666666666665,1,306.13,170.0,1.0,0,1,0.6268337098926724,Medium Risk,Standard retention email
17179,87,3,711.79,290,56,8.897375,3,237.26333333333332,96.66666666666667,1.0,0,1,0.309547494007862,Low Risk,Maintain standard engagement
17180,150,3,564.86,529,77,5.823298969072165,2,188.28666666666666,176.33333333333334,1.5,1,0,0.3875557679221741,Medium Risk,Loyalty incentive
17181,283,1,155.52,216,2,77.76,1,155.52,216.0,1.0,1,0,0.6660772265266912,High Risk,Low-cost win-back email
17183,14,1,329.67,141,9,36.63,1,329.67,141.0,1.0,1,0,0.6836457073194091,High Risk,Low-cost win-back email
17187,136,1,203.95,144,10,20.395,1,203.95,144.0,1.0,0,1,0.7290401475265332,High Risk,Low-cost win-back email
17188,73,5,1815.09,971,51,32.412321428571424,3,363.018,194.2,1.6666666666666667,1,0,0.13892001178781987,Low Risk,Maintain standard engagement
17189,15,2,384.40000000000003,227,52,6.301639344262296,2,192.20000000000002,113.5,1.0,0,1,0.44802212074863357,Medium Risk,Standard retention email
17190,116,1,195.0,1,1,195.0,1,195.0,1.0,1.0,1,0,0.634113369638544,Medium Risk,Standard retention email
17191,4,6,1562.96,860,130,8.587692307692308,4,260.49333333333334,143.33333333333334,1.5,1,0,0.12812323793743882,Low Risk,Maintain standard engagement
17193,86,2,448.56000000000006,144,4,56.07000000000001,1,224.28000000000003,72.0,2.0,1,0,0.6632026671277126,High Risk,Low-cost win-back email
17194,183,2,262.62,119,26,9.055862068965517,2,131.31,59.5,1.0,0,1,0.6401671582283379,Medium Risk,Standard retention email
17198,274,2,521.66,242,73,6.774805194805195,1,260.83,121.0,2.0,1,0,0.5516309009442933,Medium Risk,Standard retention email
17204,84,4,1564.56,646,44,27.448421052631577,3,391.14,161.5,1.3333333333333333,0,1,0.254327828684581,Low Risk,Maintain standard engagement
17211,89,6,1464.89,793,106,10.389290780141845,4,244.14833333333334,132.16666666666666,1.5,1,0,0.138808338002574,Low Risk,Maintain standard engagement
17212,162,1,226.85,147,4,56.7125,1,226.85,147.0,1.0,0,1,0.7402865289853602,High Risk,Low-cost win-back email
17213,50,5,1780.01,758,67,17.979898989898988,3,356.002,151.6,1.6666666666666667,1,0,0.13683885416039826,Low Risk,Maintain standard engagement
17214,158,4,613.67,179,56,9.02455882352941,3,153.4175,44.75,1.3333333333333333,1,0,0.3956962547915363,Medium Risk,Loyalty incentive
17217,143,1,113.5,24,9,12.61111111111111,1,113.5,24.0,1.0,0,1,0.7874835668604971,High Risk,Low-cost win-back email
17218,123,5,948.58,396,85,6.873768115942029,3,189.716,79.2,1.6666666666666667,1,0,0.24296906953725472,Low Risk,Maintain standard engagement
17220,8,10,2294.98,1345,233,7.061476923076923,7,229.498,134.5,1.4285714285714286,1,0,0.038121818726835247,Low Risk,Maintain standard engagement
17223,219,2,426.79,112,43,8.71,2,213.395,56.0,1.0,0,1,0.6460131328136934,Medium Risk,Standard retention email
17226,218,1,393.49,406,21,18.73761904761905,1,393.49,406.0,1.0,0,1,0.7296765306364956,High Risk,Low-cost win-back email
17227,82,3,473.75,296,17,21.53409090909091,3,157.91666666666666,98.66666666666667,1.0,1,0,0.4974346467326946,Medium Risk,Loyalty incentive
17228,117,4,687.58,611,69,8.385121951219512,3,171.895,152.75,1.3333333333333333,1,0,0.2199143130191148,Low Risk,Maintain standard engagement
17229,5,2,318.76,185,39,6.782127659574468,2,159.38,92.5,1.0,0,1,0.45152570755192584,Medium Risk,Standard retention email
17230,173,8,3638.41,1651,51,52.73057971014492,3,454.80125,206.375,2.6666666666666665,0,1,0.2567809483366601,Low Risk,Maintain standard engagement
17231,35,7,1938.72,1047,209,5.619478260869565,7,276.96,149.57142857142858,1.0,1,0,0.11702245166582662,Low Risk,Maintain standard engagement
17234,92,1,149.89000000000001,55,14,10.706428571428573,1,149.89000000000001,55.0,1.0,0,1,0.6876685006212035,High Risk,Low-cost win-back email
17235,281,1,341.9,126,10,34.19,1,341.9,126.0,1.0,1,0,0.7693318720461484,High Risk,Low-cost win-back email
17236,88,5,697.73,400,62,9.557945205479452,5,139.546,80.0,1.0,1,0,0.30172737673079125,Low Risk,Maintain standard engagement
17238,45,11,1959.92,909,212,5.7475659824046925,6,178.17454545454547,82.63636363636364,1.8333333333333333,1,0,0.06492836393933545,Low Risk,Maintain standard engagement
17239,222,1,382.5,150,15,25.5,1,382.5,150.0,1.0,0,1,0.7402120338678397,High Risk,Low-cost win-back email
17242,17,2,1135.04,611,30,28.375999999999998,2,567.52,305.5,1.0,0,1,0.54575451098019,Medium Risk,Standard retention email
17243,1,16,4454.16,1533,127,17.675238095238093,9,278.385,95.8125,1.7777777777777777,1,0,0.01627362061751032,Low Risk,Maintain standard engagement
17245,114,1,171.45,75,9,19.049999999999997,1,171.45,75.0,1.0,0,1,0.6952520168515086,High Risk,Low-cost win-back email
17248,29,1,318.65,213,68,4.618115942028985,1,318.65,213.0,1.0,0,1,0.4808685655223133,Medium Risk,Standard retention email
17250,170,1,162.65,70,23,7.071739130434783,1,162.65,70.0,1.0,1,0,0.7041784006362157,High Risk,Low-cost win-back email
17251,272,1,283.28000000000003,110,37,7.263589743589744,1,283.28000000000003,110.0,1.0,0,1,0.6479675957078382,Medium Risk,Standard retention email
17252,26,2,353.86,193,86,4.067356321839081,2,176.93,96.5,1.0,0,1,0.40703651439033284,Medium Risk,Standard retention email
17255,208,1,112.46,75,36,2.959473684210526,1,112.46,75.0,1.0,1,0,0.574620622861748,Medium Risk,Standard retention email
17256,16,2,240.0,141,12,15.0,2,120.0,70.5,1.0,0,1,0.5220659108617061,Medium Risk,Standard retention email
17259,57,2,603.37,410,104,4.865887096774194,2,301.685,205.0,1.0,0,1,0.4566524177269327,Medium Risk,Standard retention email
17262,136,4,955.3600000000001,327,7,95.53600000000002,3,238.84000000000003,81.75,1.3333333333333333,1,0,0.3238188389477571,Low Risk,Maintain standard engagement
17263,117,1,63.440000000000005,36,23,2.7582608695652175,1,63.440000000000005,36.0,1.0,0,1,0.7280425556883872,High Risk,Low-cost win-back email
17265,48,2,562.9,394,106,4.432283464566929,2,281.45,197.0,1.0,0,1,0.46613794784193224,Medium Risk,Standard retention email
17266,57,1,113.06,27,17,6.6505882352941175,1,113.06,27.0,1.0,1,0,0.5733073162511413,Medium Risk,Standard retention email
17267,36,2,317.62,159,37,8.358421052631579,1,158.81,79.5,2.0,0,1,0.5168154568456127,Medium Risk,Standard retention email
17268,17,4,763.64,844,3,127.27333333333333,3,190.91,211.0,1.3333333333333333,0,1,0.5176841645714271,Medium Risk,Loyalty incentive
17272,108,2,1409.44,1161,59,17.84101265822785,2,704.72,580.5,1.0,1,0,0.434973559112312,Medium Risk,Standard retention email
17277,136,2,1065.3500000000001,430,67,15.43985507246377,2,532.6750000000001,215.0,1.0,0,1,0.5544801818905591,Medium Risk,Standard retention email
17278,150,1,246.04,179,15,16.402666666666665,1,246.04,179.0,1.0,0,1,0.6956233889628011,High Risk,Low-cost win-back email
17282,39,3,1703.41,1877,79,18.121382978723407,3,567.8033333333334,625.6666666666666,1.0,0,1,0.36769839929094983,Medium Risk,Loyalty incentive
17284,30,5,1494.1399999999999,1240,219,5.638264150943396,4,298.828,248.0,1.25,1,0,0.12695937749290342,Low Risk,Maintain standard engagement
17287,52,5,702.41,350,61,9.622054794520547,4,140.482,70.0,1.25,1,0,0.2615040899994847,Low Risk,Maintain standard engagement
17288,116,5,663.7,662,13,25.52692307692308,5,132.74,132.4,1.0,1,0,0.34121036844051106,Medium Risk,Loyalty incentive
17289,89,1,167.35999999999999,134,30,4.92235294117647,1,167.35999999999999,134.0,1.0,1,0,0.6151762623718137,Medium Risk,Standard retention email
17291,217,1,550.8000000000001,72,1,550.8000000000001,1,550.8000000000001,72.0,1.0,0,1,0.8302211539927866,High Risk,Priority reactivation campaign
17293,28,5,867.03,517,45,17.000588235294117,4,173.406,103.4,1.25,1,0,0.19176206530278078,Low Risk,Maintain standard engagement
17298,10,2,498.42,387,30,16.614,1,249.21,193.5,2.0,0,1,0.5437308423184688,Medium Risk,Standard retention email
17299,9,2,268.19,280,24,10.7276,2,134.095,140.0,1.0,1,0,0.43920423704068173,Medium Risk,Standard retention email
17302,32,3,661.61,345,48,12.252037037037038,3,220.53666666666666,115.0,1.0,1,0,0.29770339536138835,Low Risk,Maintain standard engagement
17303,270,1,250.04,144,53,4.717735849056604,1,250.04,144.0,1.0,0,1,0.6390645317604646,Medium Risk,Standard retention email
17306,9,15,6700.06,9258,9,136.73591836734695,9,446.6706666666667,617.2,1.6666666666666667,1,0,0.07478663172463787,Low Risk,Maintain standard engagement
17309,4,1,82.75,41,11,6.895833333333333,1,82.75,41.0,1.0,0,1,0.666478942514739,High Risk,Low-cost win-back email
17311,226,1,556.46,410,24,23.185833333333335,1,556.46,410.0,1.0,1,0,0.6990394924636468,High Risk,Priority reactivation campaign
17312,48,3,644.3,372,11,46.021428571428565,1,214.76666666666665,124.0,3.0,0,1,0.5439073242148651,Medium Risk,Loyalty incentive
17314,58,5,1506.92,1018,57,23.183384615384618,5,301.384,203.6,1.0,1,0,0.15522595096727887,Low Risk,Maintain standard engagement
17315,9,30,4369.04,2999,233,11.744731182795698,9,145.63466666666667,99.96666666666667,3.3333333333333335,1,0,0.01387221425164819,Low Risk,Maintain standard engagement
17320,9,3,1200.6200000000001,634,57,16.446849315068494,3,400.2066666666667,211.33333333333334,1.0,0,1,0.38555461817635467,Medium Risk,Loyalty incentive
17323,34,4,537.25,506,98,4.367886178861789,4,134.3125,126.5,1.0,1,0,0.3025117447466345,Low Risk,Maintain standard engagement
17324,241,2,702.23,606,17,41.307647058823534,2,351.115,303.0,1.0,1,0,0.5230856363583223,Medium Risk,Standard retention email
17325,189,1,96.8,60,6,16.133333333333333,1,96.8,60.0,1.0,0,1,0.7579801358805934,High Risk,Low-cost win-back email
17329,224,1,243.36,67,16,15.21,1,243.36,67.0,1.0,1,0,0.7250349204253026,High Risk,Low-cost win-back email
17331,33,1,175.2,16,1,175.2,1,175.2,16.0,1.0,0,1,0.7063047594622173,High Risk,Low-cost win-back email
17334,211,2,307.02,315,11,27.91090909090909,1,153.51,157.5,2.0,0,1,0.715611793699465,High Risk,Low-cost win-back email
17337,60,4,2027.8700000000001,1269,421,3.7345672191528547,4,506.96750000000003,317.25,1.0,0,1,0.25661997118808527,Low Risk,Maintain standard engagement
17338,23,7,5207.02,2351,320,9.151177504393674,7,743.86,335.85714285714283,1.0,1,0,0.0353802638023106,Low Risk,Maintain standard engagement
17339,3,2,243.36,152,9,27.040000000000003,2,121.68,76.0,1.0,0,1,0.6156428883038779,Medium Risk,Standard retention email
17340,29,7,7593.65,4008,157,29.09444444444444,5,1084.8071428571427,572.5714285714286,1.4,1,0,0.07403099046031347,Low Risk,Maintain standard engagement
17341,66,3,781.36,489,147,4.2697267759562845,2,260.4533333333333,163.0,1.5,0,1,0.4921596041332675,Medium Risk,Loyalty incentive
17343,264,1,193.64,56,17,11.390588235294118,1,193.64,56.0,1.0,0,1,0.732976741582372,High Risk,Low-cost win-back email
17345,2,3,284.13,178,32,8.118,2,94.71,59.333333333333336,1.5,1,0,0.45518834798478397,Medium Risk,Loyalty incentive
17346,12,8,1266.21,960,170,4.796250000000001,6,158.27625,120.0,1.3333333333333333,1,0,0.0736206723257363,Low Risk,Maintain standard engagement
17348,207,1,160.15,199,36,4.448611111111111,1,160.15,199.0,1.0,1,0,0.570158143441051,Medium Risk,Standard retention email
17349,88,1,110.75,112,8,12.305555555555555,1,110.75,112.0,1.0,0,1,0.6670116221564764,High Risk,Low-cost win-back email
17351,78,2,427.3,92,17,22.489473684210527,2,213.65,46.0,1.0,1,0,0.6078661172553277,Medium Risk,Standard retention email
17353,38,2,1740.0,1200,5,217.5,2,870.0,600.0,1.0,0,1,0.6590639654831779,Medium Risk,Standard retention email
17356,221,1,178.22,166,19,9.38,1,178.22,166.0,1.0,0,1,0.6815227399280608,High Risk,Low-cost win-back email
17358,212,2,365.85,202,55,6.200847457627119,2,182.925,101.0,1.0,0,1,0.5572238265411726,Medium Risk,Standard retention email
17360,93,1,330.95,167,53,5.515833333333333,1,330.95,167.0,1.0,1,0,0.5291118442481028,Medium Risk,Standard retention email
17361,95,2,263.92,63,16,15.524705882352942,2,131.96,31.5,1.0,1,0,0.6258622287508889,Medium Risk,Standard retention email
17362,148,2,312.23,191,30,8.920857142857143,2,156.115,95.5,1.0,0,1,0.5689127694330113,Medium Risk,Standard retention email
17364,46,6,2633.81,1501,153,11.758080357142857,5,438.9683333333333,250.16666666666666,1.2,1,0,0.10940457151771137,Low Risk,Maintain standard engagement
17365,79,5,2371.01,2562,172,9.29807843137255,4,474.20200000000006,512.4,1.25,1,0,0.15500935972488308,Low Risk,Maintain standard engagement
17367,147,1,168.4,150,33,4.952941176470588,1,168.4,150.0,1.0,0,1,0.5992522234122172,Medium Risk,Standard retention email
17368,2,6,1635.67,1292,56,23.70536231884058,4,272.6116666666667,215.33333333333334,1.5,1,0,0.11927184119156159,Low Risk,Maintain standard engagement
17370,1,2,228.06,218,16,13.41529411764706,2,114.03,109.0,1.0,1,0,0.42653028412348076,Medium Risk,Standard retention email
17371,270,1,97.63,40,7,12.20375,1,97.63,40.0,1.0,1,0,0.7704087332442384,High Risk,Low-cost win-back email
17372,75,6,1061.13,594,177,5.279253731343284,4,176.85500000000002,99.0,1.5,1,0,0.13114345588425413,Low Risk,Maintain standard engagement
17373,43,2,287.3,200,26,10.260714285714286,2,143.65,100.0,1.0,1,0,0.43860361851095186,Medium Risk,Standard retention email
17374,128,2,495.77,85,24,17.706071428571427,2,247.885,42.5,1.0,0,1,0.6775106835863076,High Risk,Low-cost win-back email
17375,108,3,400.1,367,63,5.798550724637681,3,133.36666666666667,122.33333333333333,1.0,0,1,0.46484106126022634,Medium Risk,Loyalty incentive
17376,220,1,105.85,35,13,8.142307692307693,1,105.85,35.0,1.0,1,0,0.7368458119417676,High Risk,Low-cost win-back email
17377,35,9,2045.38,1094,91,12.625802469135802,5,227.26444444444445,121.55555555555556,1.8,1,0,0.07528155961624496,Low Risk,Maintain standard engagement
17381,8,24,18261.65,22851,40,190.22552083333335,10,760.9020833333334,952.125,2.4,1,0,0.034348424853332796,Low Risk,Maintain standard engagement
17384,128,1,227.65,43,3,75.88333333333334,1,227.65,43.0,1.0,1,0,0.7604951566864043,High Risk,Low-cost win-back email
17386,8,5,1697.3400000000001,1022,8,154.30363636363637,3,339.468,204.4,1.6666666666666667,1,0,0.32335098618407165,Low Risk,Maintain standard engagement
17388,41,3,953.0300000000001,779,12,73.31,3,317.6766666666667,259.6666666666667,1.0,1,0,0.3336602086395054,Medium Risk,Loyalty incentive
17389,5,25,9504.08,1942,37,78.54611570247934,9,380.1632,77.68,2.7777777777777777,1,0,0.02448045804524656,Low Risk,Maintain standard engagement
17391,73,2,508.8,480,2,169.6,1,254.4,240.0,2.0,0,1,0.6976393585767238,High Risk,Priority reactivation campaign
17392,215,2,457.91,320,53,7.385645161290323,2,228.955,160.0,1.0,0,1,0.5615308690284445,Medium Risk,Standard retention email
17394,128,1,203.86999999999998,241,4,50.967499999999994,1,203.86999999999998,241.0,1.0,0,1,0.7187378575928991,High Risk,Low-cost win-back email
17396,58,6,4801.8,1105,18,266.76666666666665,2,800.3000000000001,184.16666666666666,3.0,1,0,0.3679540163650301,Medium Risk,Loyalty incentive
17398,24,3,653.38,310,30,17.19421052631579,3,217.79333333333332,103.33333333333333,1.0,0,1,0.41021568811286996,Medium Risk,Loyalty incentive
17400,35,5,2129.96,1097,175,9.99981220657277,4,425.992,219.4,1.25,0,1,0.17939407629747314,Low Risk,Maintain standard engagement
17402,11,8,1732.45,420,29,36.86063829787234,5,216.55625,52.5,1.6,1,0,0.152089705285434,Low Risk,Maintain standard engagement
17404,32,10,21004.3,21623,93,152.20507246376812,6,2100.43,2162.3,1.6666666666666667,1,0,0.09849246830139113,Low Risk,Maintain standard engagement
17405,59,1,393.31,334,41,9.592926829268293,1,393.31,334.0,1.0,1,0,0.5256156139888891,Medium Risk,Standard retention email
17406,242,3,2200.42,787,99,19.47274336283186,2,733.4733333333334,262.3333333333333,1.5,0,1,0.4564522211414114,Medium Risk,Loyalty incentive
17408,72,1,32.65,3,2,16.325,1,32.65,3.0,1.0,0,1,0.530084885652948,Medium Risk,Standard retention email
17409,94,2,771.85,105,13,59.37307692307692,2,385.925,52.5,1.0,0,1,0.6078501991279666,Medium Risk,Standard retention email
17410,5,2,419.55,149,22,19.070454545454545,2,209.775,74.5,1.0,1,0,0.4960810590033338,Medium Risk,Standard retention email
17411,170,1,285.58,126,16,17.84875,1,285.58,126.0,1.0,1,0,0.6845487051306749,High Risk,Low-cost win-back email
17412,105,4,709.82,358,30,20.28057142857143,3,177.455,89.5,1.3333333333333333,1,0,0.32357159243003225,Low Risk,Maintain standard engagement
17414,94,1,598.0,1380,5,119.6,1,598.0,1380.0,1.0,1,0,0.6041335309790481,Medium Risk,Standard retention email
17416,19,5,5294.49,3283,153,28.0131746031746,4,1058.898,656.6,1.25,1,0,0.10848387300699577,Low Risk,Maintain standard engagement
17418,233,1,167.39000000000001,139,12,13.949166666666668,1,167.39000000000001,139.0,1.0,1,0,0.703826382274325,High Risk,Low-cost win-back email
17419,53,8,2660.0,1213,107,20.30534351145038,6,332.5,151.625,1.3333333333333333,1,0,0.039254340347756746,Low Risk,Maintain standard engagement
17420,80,2,391.51,169,19,18.643333333333334,2,195.755,84.5,1.0,1,0,0.520548952879405,Medium Risk,Standard retention email
17422,2,5,1698.97,1749,80,16.821485148514853,5,339.794,349.8,1.0,1,0,0.12085644884939648,Low Risk,Maintain standard engagement
17423,127,1,449.42,314,11,40.85636363636364,1,449.42,314.0,1.0,1,0,0.6678730148655155,High Risk,Low-cost win-back email
17426,85,3,3279.23,1841,137,19.40372781065089,2,1093.0766666666666,613.6666666666666,1.5,1,0,0.34337240513033856,Medium Risk,Loyalty incentive
17428,20,20,10661.09,6739,205,42.3059126984127,9,533.0545,336.95,2.2222222222222223,1,0,0.013631679949160806,Low Risk,Maintain standard engagement
17429,37,3,524.9200000000001,624,36,13.459487179487182,3,174.97333333333336,208.0,1.0,0,1,0.43384801966502534,Medium Risk,Loyalty incentive
17430,274,1,112.6,60,5,22.52,1,112.6,60.0,1.0,1,0,0.7512796832382821,High Risk,Low-cost win-back email
17431,222,1,403.3,292,41,9.37906976744186,1,403.3,292.0,1.0,0,1,0.6985867770340501,High Risk,Low-cost win-back email
17436,136,1,122.39999999999999,48,4,30.599999999999998,1,122.39999999999999,48.0,1.0,1,0,0.7434899998335809,High Risk,Low-cost win-back email
17438,163,1,388.45000000000005,103,17,22.85,1,388.45000000000005,103.0,1.0,0,1,0.7565023632076305,High Risk,Low-cost win-back email
17440,66,3,186.42000000000002,246,3,37.284000000000006,2,62.14000000000001,82.0,1.5,0,1,0.7323505760588234,High Risk,Low-cost win-back email
17442,3,5,1921.69,1260,86,16.710347826086956,5,384.338,252.0,1.0,1,0,0.11786641755760639,Low Risk,Maintain standard engagement
17443,129,1,534.24,504,1,534.24,1,534.24,504.0,1.0,0,1,0.7485642556214631,High Risk,Priority reactivation campaign
17444,57,3,2940.04,2119,132,21.778074074074073,2,980.0133333333333,706.3333333333334,1.5,0,1,0.3868985078692196,Medium Risk,Loyalty incentive
17446,86,2,120.9,198,6,13.433333333333334,2,60.45,99.0,1.0,0,1,0.6534380731120936,Medium Risk,Standard retention email
17449,4,4,1497.55,708,119,8.41320224719101,4,374.3875,177.0,1.0,1,0,0.29256362632911803,Low Risk,Maintain standard engagement
17450,4,23,86461.54,32180,107,462.3611764705882,9,3759.1973913043475,1399.1304347826087,2.5555555555555554,1,0,0.027233722812199237,Low Risk,Maintain standard engagement
17451,15,1,346.01,267,23,15.04391304347826,1,346.01,267.0,1.0,1,0,0.5443694415746624,Medium Risk,Standard retention email
17454,101,4,517.53,243,57,8.484098360655738,4,129.3825,60.75,1.0,0,1,0.5240533797163057,Medium Risk,Loyalty incentive
17455,113,1,131.7,66,8,16.4625,1,131.7,66.0,1.0,0,1,0.6630806393931307,High Risk,Low-cost win-back email
17456,274,1,249.86,222,17,14.69764705882353,1,249.86,222.0,1.0,0,1,0.6757535865137185,High Risk,Low-cost win-back email
17457,35,5,1737.7,826,14,91.4578947368421,5,347.54,165.2,1.0,0,1,0.3267284625918328,Low Risk,Maintain standard engagement
17460,3,6,622.4300000000001,236,18,21.463103448275863,5,103.73833333333334,39.333333333333336,1.2,0,1,0.6625906721360723,High Risk,Priority reactivation campaign
17462,193,1,463.40999999999997,155,14,33.10071428571428,1,463.40999999999997,155.0,1.0,1,0,0.6978275004318726,High Risk,Low-cost win-back email
17463,85,3,1245.64,725,103,9.886031746031748,3,415.21333333333337,241.66666666666666,1.0,1,0,0.33952325312272835,Medium Risk,Loyalty incentive
17464,67,1,289.96000000000004,220,9,32.21777777777778,1,289.96000000000004,220.0,1.0,0,1,0.6639657017981623,High Risk,Low-cost win-back email
17469,18,3,1050.27,443,44,19.81641509433962,3,350.09,147.66666666666666,1.0,1,0,0.3798156905441157,Medium Risk,Loyalty incentive
17470,36,4,816.47,1275,54,14.077068965517242,4,204.1175,318.75,1.0,1,0,0.22559390394850828,Low Risk,Maintain standard engagement
17472,100,3,710.29,462,142,3.9242541436464085,2,236.76333333333332,154.0,1.5,0,1,0.5247279925103434,Medium Risk,Loyalty incentive
17481,3,1,260.63,149,19,13.717368421052631,1,260.63,149.0,1.0,1,0,0.5357601012079274,Medium Risk,Standard retention email
17483,43,2,274.74,98,13,21.133846153846154,2,137.37,49.0,1.0,1,0,0.5564167793183316,Medium Risk,Standard retention email
17486,170,1,396.87,191,24,16.53625,1,396.87,191.0,1.0,0,1,0.7200978634911148,High Risk,Low-cost win-back email
17489,122,1,208.56,232,16,13.035,1,208.56,232.0,1.0,1,0,0.6558594291612361,Medium Risk,Standard retention email
17490,86,1,305.2,140,18,16.955555555555556,1,305.2,140.0,1.0,1,0,0.6214832943569597,Medium Risk,Standard retention email
17491,5,6,2118.11,1247,58,30.697246376811595,6,353.0183333333334,207.83333333333334,1.0,1,0,0.08007471591745945,Low Risk,Maintain standard engagement
17492,157,1,374.57,155,12,31.214166666666667,1,374.57,155.0,1.0,0,1,0.7125996397710251,High Risk,Low-cost win-back email
17496,268,1,271.05,79,10,27.105,1,271.05,79.0,1.0,0,1,0.7546320527864571,High Risk,Low-cost win-back email
17499,199,1,622.88,711,40,15.572,1,622.88,711.0,1.0,0,1,0.6836232786878133,High Risk,Priority reactivation campaign
17501,130,2,288.6,160,18,16.033333333333335,1,144.3,80.0,2.0,0,1,0.6830033968314436,High Risk,Low-cost win-back email
17504,115,9,2997.0299999999997,1664,112,23.598661417322834,4,333.00333333333333,184.88888888888889,2.25,0,1,0.310760415791246,Low Risk,Maintain standard engagement
17505,70,2,1145.84,556,48,22.035384615384615,2,572.92,278.0,1.0,0,1,0.45795972633334686,Medium Risk,Standard retention email
17507,171,2,605.58,359,79,6.881590909090909,2,302.79,179.5,1.0,0,1,0.48760927509824786,Medium Risk,Standard retention email
17508,190,1,387.31,289,22,17.605,1,387.31,289.0,1.0,0,1,0.739456573929477,High Risk,Low-cost win-back email
17511,3,21,59375.75,40277,357,89.42131024096386,10,2827.4166666666665,1917.952380952381,2.1,1,0,0.024824237285716012,Low Risk,Maintain standard engagement
17512,30,8,1891.9,1834,40,25.225333333333335,5,236.4875,229.25,1.6,1,0,0.08482407726570869,Low Risk,Maintain standard engagement
17514,37,1,208.65,135,40,5.2162500000000005,1,208.65,135.0,1.0,0,1,0.5328788764053972,Medium Risk,Standard retention email
17515,115,3,571.37,220,47,7.42038961038961,3,190.45666666666668,73.33333333333333,1.0,1,0,0.3295046858187354,Low Risk,Maintain standard engagement
17516,28,4,608.85,375,95,5.340789473684211,3,152.2125,93.75,1.3333333333333333,1,0,0.21036564515723613,Low Risk,Maintain standard engagement
17517,218,1,153.94,102,11,13.994545454545454,1,153.94,102.0,1.0,0,1,0.7428170013379362,High Risk,Low-cost win-back email
17519,43,5,1488.0,1042,50,22.545454545454547,5,297.6,208.4,1.0,1,0,0.1521482836191381,Low Risk,Maintain standard engagement
17521,108,1,159.56,116,8,19.945,1,159.56,116.0,1.0,1,0,0.6803653859802322,High Risk,Low-cost win-back email
17522,48,4,912.25,932,54,13.615671641791044,3,228.0625,233.0,1.3333333333333333,1,0,0.19695979514698272,Low Risk,Maintain standard engagement
17524,270,1,145.0,90,6,24.166666666666668,1,145.0,90.0,1.0,0,1,0.7708899478590139,High Risk,Low-cost win-back email
17525,269,1,422.70000000000005,82,9,46.96666666666667,1,422.70000000000005,82.0,1.0,0,1,0.8010992543733828,High Risk,Low-cost win-back email
17526,200,3,872.8,140,9,87.28,2,290.93333333333334,46.666666666666664,1.5,1,0,0.6518993623154846,Medium Risk,Loyalty incentive
17527,19,2,606.62,206,25,24.2648,2,303.31,103.0,1.0,1,0,0.5184019360542672,Medium Risk,Standard retention email
17530,115,6,1367.86,796,216,5.281312741312741,4,227.97666666666666,132.66666666666666,1.5,1,0,0.18039561489925424,Low Risk,Maintain standard engagement
17531,99,1,296.7,136,14,21.192857142857143,1,296.7,136.0,1.0,0,1,0.6633814352489107,High Risk,Low-cost win-back email
17535,189,1,164.4,136,13,12.646153846153847,1,164.4,136.0,1.0,0,1,0.7113713168730914,High Risk,Low-cost win-back email
17536,86,1,76.5,6,3,25.5,1,76.5,6.0,1.0,0,1,0.7079686510187693,High Risk,Low-cost win-back email
17537,212,1,630.7,370,60,10.339344262295082,1,630.7,370.0,1.0,1,0,0.7030823230456007,High Risk,Priority reactivation campaign
17540,225,1,268.8,64,8,33.6,1,268.8,64.0,1.0,1,0,0.7595956590362306,High Risk,Low-cost win-back email
17542,179,1,170.75,134,24,6.83,1,170.75,134.0,1.0,0,1,0.6873412955495946,High Risk,Low-cost win-back email
17548,143,1,103.3,58,5,20.66,1,103.3,58.0,1.0,0,1,0.7638270547374947,High Risk,Low-cost win-back email
17550,106,3,267.16,86,42,6.360952380952382,2,89.05333333333334,28.666666666666668,1.5,0,1,0.7308606456829533,High Risk,Low-cost win-back email
17551,268,1,306.84,150,39,7.1358139534883716,1,306.84,150.0,1.0,0,1,0.6743664084896325,High Risk,Low-cost win-back email
17552,281,2,298.52,144,13,22.963076923076922,1,149.26,72.0,2.0,1,0,0.6949825605709836,High Risk,Low-cost win-back email
17553,39,1,1487.6,1048,2,743.8,1,1487.6,1048.0,1.0,0,1,0.7926905054935173,High Risk,Priority reactivation campaign
17554,32,2,1249.89,1409,51,19.83952380952381,2,624.945,704.5,1.0,1,0,0.49432710230413496,Medium Risk,Standard retention email
17555,244,1,195.45,156,48,3.9887755102040816,1,195.45,156.0,1.0,1,0,0.578096993720675,Medium Risk,Standard retention email
17556,115,1,157.9,101,6,26.316666666666666,1,157.9,101.0,1.0,0,1,0.6916663624215342,High Risk,Low-cost win-back email
17560,4,4,854.95,635,22,32.88269230769231,4,213.7375,158.75,1.0,0,1,0.3794096652907957,Medium Risk,Loyalty incentive
17562,19,4,661.1,601,35,16.12439024390244,3,165.275,150.25,1.3333333333333333,1,0,0.3432302658235198,Medium Risk,Loyalty incentive
17567,2,6,2925.45,1761,83,24.37875,6,487.575,293.5,1.0,1,0,0.08460223674525094,Low Risk,Maintain standard engagement
17569,241,1,344.14,159,29,11.866896551724137,1,344.14,159.0,1.0,0,1,0.7212477784989874,High Risk,Low-cost win-back email
17571,55,3,561.2,486,72,7.3842105263157904,3,187.0666666666667,162.0,1.0,1,0,0.2747562721133905,Low Risk,Maintain standard engagement
17572,9,3,196.0,80,7,19.6,3,65.33333333333333,26.666666666666668,1.0,1,0,0.521514244243907,Medium Risk,Loyalty incentive
17573,3,1,174.71,177,11,15.882727272727273,1,174.71,177.0,1.0,1,0,0.5431540787278512,Medium Risk,Standard retention email
17574,152,1,185.65,77,8,23.20625,1,185.65,77.0,1.0,0,1,0.7570616947115792,High Risk,Low-cost win-back email
17576,8,14,2306.95,1408,173,9.0115234375,10,164.78214285714284,100.57142857142857,1.4,1,0,0.024853233706605627,Low Risk,Maintain standard engagement
17578,127,1,143.45999999999998,138,5,28.691999999999997,1,143.45999999999998,138.0,1.0,0,1,0.7463964934771935,High Risk,Low-cost win-back email
17579,47,2,270.86,130,15,15.932941176470589,2,135.43,65.0,1.0,1,0,0.49363777042380413,Medium Risk,Standard retention email
17580,162,3,215.72,88,43,4.793777777777778,3,71.90666666666667,29.333333333333332,1.0,0,1,0.6753826050168915,High Risk,Low-cost win-back email
17581,19,17,6522.29,3495,181,23.293892857142858,7,383.66411764705884,205.58823529411765,2.4285714285714284,1,0,0.013277993698925556,Low Risk,Maintain standard engagement
17582,145,1,175.27,123,28,6.043793103448277,1,175.27,123.0,1.0,0,1,0.6873349359506261,High Risk,Low-cost win-back email
17584,36,1,749.45,245,16,46.840625,1,749.45,245.0,1.0,1,0,0.5805026650049687,Medium Risk,Standard retention email
17585,18,4,1133.07,1671,176,5.294719626168224,4,283.2675,417.75,1.0,0,1,0.32462004397459177,Low Risk,Maintain standard engagement
17588,9,3,1240.2,676,19,53.92173913043479,3,413.40000000000003,225.33333333333334,1.0,0,1,0.46057226224026787,Medium Risk,Loyalty incentive
17589,60,3,1843.07,1307,124,10.182707182320442,3,614.3566666666667,435.6666666666667,1.0,1,0,0.2568251929548152,Low Risk,Maintain standard engagement
17591,31,6,1863.17,885,81,11.867324840764331,6,310.52833333333336,147.5,1.0,1,0,0.11931706255735226,Low Risk,Maintain standard engagement
17593,1,4,3249.14,2261,149,19.691757575757574,4,812.285,565.25,1.0,1,0,0.2730391552663626,Low Risk,Maintain standard engagement
17594,164,1,315.0,220,14,22.5,1,315.0,220.0,1.0,1,0,0.6881262083683902,High Risk,Low-cost win-back email
17596,45,4,1738.73,2847,112,10.732901234567901,4,434.6825,711.75,1.0,1,0,0.2605619745057756,Low Risk,Maintain standard engagement
17597,123,1,2044.3700000000001,1176,55,37.17036363636364,1,2044.3700000000001,1176.0,1.0,0,1,0.5768739168004006,Medium Risk,Standard retention email
17601,148,1,116.00999999999999,103,9,12.889999999999999,1,116.00999999999999,103.0,1.0,0,1,0.7502589754474192,High Risk,Low-cost win-back email
17602,33,2,909.5500000000001,901,108,8.194144144144145,2,454.77500000000003,450.5,1.0,1,0,0.4103503600844875,Medium Risk,Standard retention email
17604,126,2,309.36,169,57,4.91047619047619,2,154.68,84.5,1.0,0,1,0.4912359336549333,Medium Risk,Standard retention email
17609,211,2,537.6899999999999,271,103,4.518403361344538,2,268.84499999999997,135.5,1.0,1,0,0.4329405245715678,Medium Risk,Standard retention email
17611,33,9,2724.25,1871,389,5.503535353535353,8,302.69444444444446,207.88888888888889,1.125,1,0,0.05906256374460796,Low Risk,Maintain standard engagement
17612,4,5,1682.94,1341,95,15.582777777777778,5,336.588,268.2,1.0,1,0,0.1252450975885181,Low Risk,Maintain standard engagement
17613,27,9,2991.29,1673,173,12.110485829959513,6,332.36555555555555,185.88888888888889,1.5,1,0,0.032885728028803844,Low Risk,Maintain standard engagement
17615,39,3,329.6,140,13,23.542857142857144,2,109.86666666666667,46.666666666666664,1.5,0,1,0.625169068688381,Medium Risk,Loyalty incentive
17616,83,3,571.1999999999999,224,1,190.39999999999998,3,190.39999999999998,74.66666666666667,1.0,0,1,0.5237775142541868,Medium Risk,Loyalty incentive
17618,157,2,666.78,247,48,10.102727272727272,2,333.39,123.5,1.0,1,0,0.4567704725510287,Medium Risk,Standard retention email
17619,221,1,218.52,127,71,2.837922077922078,1,218.52,127.0,1.0,0,1,0.6523737977208816,Medium Risk,Standard retention email
17621,221,2,901.78,310,15,60.11866666666666,2,450.89,155.0,1.0,1,0,0.5742144983554147,Medium Risk,Standard retention email
17624,127,1,400.3,312,25,16.012,1,400.3,312.0,1.0,1,0,0.6799698088758036,High Risk,Low-cost win-back email
17625,49,2,1234.78,847,161,6.2998979591836735,2,617.39,423.5,1.0,1,0,0.38785599204866195,Medium Risk,Standard retention email
17629,29,5,798.38,665,66,11.244788732394365,5,159.676,133.0,1.0,1,0,0.19071246614548387,Low Risk,Maintain standard engagement
17630,79,2,503.59999999999997,158,24,19.369230769230768,2,251.79999999999998,79.0,1.0,0,1,0.5323741312213977,Medium Risk,Standard retention email
17631,46,2,416.5,185,29,14.362068965517242,2,208.25,92.5,1.0,1,0,0.4307791394323065,Medium Risk,Standard retention email
17633,12,2,648.61,275,30,19.654848484848486,1,324.305,137.5,2.0,1,0,0.5532575608637457,Medium Risk,Standard retention email
17634,1,7,2080.45,652,177,8.852978723404254,6,297.20714285714286,93.14285714285714,1.1666666666666667,1,0,0.0724089774585015,Low Risk,Maintain standard engagement
17637,24,1,338.95,215,24,14.122916666666667,1,338.95,215.0,1.0,1,0,0.5364135887630904,Medium Risk,Standard retention email
17639,185,1,108.5,49,7,15.5,1,108.5,49.0,1.0,0,1,0.7505472284619339,High Risk,Low-cost win-back email
17642,29,2,712.29,474,34,17.80725,2,356.145,237.0,1.0,0,1,0.5173438944786809,Medium Risk,Standard retention email
17643,282,1,101.55,71,8,12.69375,1,101.55,71.0,1.0,0,1,0.775198909632094,High Risk,Low-cost win-back email
17644,29,7,1625.63,898,64,18.265505617977528,5,232.23285714285717,128.28571428571428,1.4,1,0,0.0975466008796586,Low Risk,Maintain standard engagement
17646,128,3,1008.39,323,46,19.77235294117647,3,336.13,107.66666666666667,1.0,0,1,0.39705509629592994,Medium Risk,Loyalty incentive
17648,102,3,1107.39,289,62,17.03676923076923,2,369.13000000000005,96.33333333333333,1.5,1,0,0.39999123368543876,Medium Risk,Loyalty incentive
17649,47,1,868.49,399,52,16.70173076923077,1,868.49,399.0,1.0,0,1,0.5992890319314957,Medium Risk,Standard retention email
17651,65,4,1148.01,682,52,16.400142857142857,2,287.0025,170.5,2.0,1,0,0.3201172780899832,Low Risk,Maintain standard engagement
17652,53,6,2713.57,1469,101,17.506903225806454,4,452.2616666666667,244.83333333333334,1.5,1,0,0.11157292614924605,Low Risk,Maintain standard engagement
17653,9,2,343.34,687,9,38.148888888888884,2,171.67,343.5,1.0,1,0,0.5306298423110871,Medium Risk,Standard retention email
17654,186,1,117.55,41,22,5.343181818181818,1,117.55,41.0,1.0,0,1,0.7103021248007974,High Risk,Low-cost win-back email
17655,26,5,1903.3300000000002,833,54,30.211587301587304,4,380.66600000000005,166.6,1.25,1,0,0.16224221938494446,Low Risk,Maintain standard engagement
17656,15,3,927.65,463,35,21.082954545454545,1,309.21666666666664,154.33333333333334,3.0,1,0,0.38887621240499476,Medium Risk,Loyalty incentive
17658,120,1,317.59999999999997,216,9,35.288888888888884,1,317.59999999999997,216.0,1.0,1,0,0.6818799306479161,High Risk,Low-cost win-back email
17659,9,9,1653.03,821,68,20.15890243902439,5,183.67,91.22222222222223,1.8,1,0,0.10213720297678298,Low Risk,Maintain standard engagement
17660,50,1,196.0,130,37,4.355555555555555,1,196.0,130.0,1.0,0,1,0.5432741761622556,Medium Risk,Standard retention email
17663,64,4,1016.53,425,33,21.17770833333333,4,254.1325,106.25,1.0,1,0,0.28536557793827005,Low Risk,Maintain standard engagement
17664,121,1,326.19,409,23,14.182173913043478,1,326.19,409.0,1.0,1,0,0.6516467874314562,Medium Risk,Standard retention email
17667,71,4,1751.01,903,81,17.86744897959184,3,437.7525,225.75,1.3333333333333333,1,0,0.22279731996276894,Low Risk,Maintain standard engagement
17669,31,5,2433.22,1398,38,47.710196078431366,4,486.64399999999995,279.6,1.25,1,0,0.14549980489304093,Low Risk,Maintain standard engagement
17670,137,1,205.7,110,11,18.7,1,205.7,110.0,1.0,0,1,0.7255031253472521,High Risk,Low-cost win-back email
17671,67,3,1098.55,524,38,24.967045454545453,3,366.18333333333334,174.66666666666666,1.0,1,0,0.3502549702763462,Medium Risk,Loyalty incentive
17672,218,1,1177.8400000000001,643,41,28.727804878048783,1,1177.8400000000001,643.0,1.0,1,0,0.5494462290557308,Medium Risk,Standard retention email
17673,71,4,1209.77,1087,110,7.074678362573099,3,302.4425,271.75,1.3333333333333333,1,0,0.1833761625687658,Low Risk,Maintain standard engagement
17674,278,1,300.66,349,11,27.332727272727276,1,300.66,349.0,1.0,1,0,0.6348696556141259,Medium Risk,Standard retention email
17675,10,23,14074.19,5555,179,28.664338085539715,9,611.9213043478261,241.52173913043478,2.5555555555555554,1,0,0.013068448885600973,Low Risk,Maintain standard engagement
17676,18,4,730.84,468,31,17.82536585365854,2,182.71,117.0,2.0,1,0,0.38049723350627235,Medium Risk,Loyalty incentive
17677,9,20,11684.35,7048,125,56.996829268292686,9,584.2175,352.4,2.2222222222222223,1,0,0.021891949107675293,Low Risk,Maintain standard engagement
17678,173,1,298.11,207,16,18.631875,1,298.11,207.0,1.0,0,1,0.6816070800603535,High Risk,Low-cost win-back email
17682,24,5,1899.3500000000001,989,39,21.341011235955058,5,379.87,197.8,1.0,1,0,0.1610167060547167,Low Risk,Maintain standard engagement
17685,176,5,1512.72,888,39,27.504,4,302.544,177.6,1.25,1,0,0.24629406082507221,Low Risk,Maintain standard engagement
17686,30,5,4589.35,1960,174,20.397111111111112,3,917.8700000000001,392.0,1.6666666666666667,1,0,0.11213291356519865,Low Risk,Maintain standard engagement
17690,11,11,3526.68,1254,144,18.65968253968254,7,320.6072727272727,114.0,1.5714285714285714,1,0,0.027464616371900407,Low Risk,Maintain standard engagement
17691,267,2,290.40000000000003,134,18,15.28421052631579,1,145.20000000000002,67.0,2.0,0,1,0.70934488829812,High Risk,Low-cost win-back email
17692,36,4,740.9399999999999,672,34,16.107391304347825,4,185.23499999999999,168.0,1.0,0,1,0.3639642272913846,Medium Risk,Loyalty incentive
17693,46,1,200.47,231,16,12.529375,1,200.47,231.0,1.0,0,1,0.5892963361707118,Medium Risk,Standard retention email
17694,51,1,283.12,184,15,18.874666666666666,1,283.12,184.0,1.0,0,1,0.5848368046140373,Medium Risk,Standard retention email
17695,41,2,765.34,779,30,21.866857142857143,2,382.67,389.5,1.0,0,1,0.5087179026139735,Medium Risk,Standard retention email
17696,17,7,1915.5900000000001,1323,71,20.378617021276597,5,273.6557142857143,189.0,1.4,1,0,0.06561945834284694,Low Risk,Maintain standard engagement
17697,145,1,338.95,93,19,17.839473684210525,1,338.95,93.0,1.0,0,1,0.7717842967047998,High Risk,Low-cost win-back email
17698,170,1,154.95,93,8,19.36875,1,154.95,93.0,1.0,0,1,0.7690905055051445,High Risk,Low-cost win-back email
17700,4,3,1681.83,825,78,17.891808510638295,3,560.61,275.0,1.0,1,0,0.3257742872351844,Low Risk,Maintain standard engagement
17701,162,1,417.95,109,24,17.414583333333333,1,417.95,109.0,1.0,0,1,0.7586487646712793,High Risk,Low-cost win-back email
17702,18,3,1338.77,1051,46,24.341272727272727,3,446.25666666666666,350.3333333333333,1.0,1,0,0.29012171501780204,Low Risk,Maintain standard engagement
17703,18,2,490.96,376,32,13.637777777777778,2,245.48,188.0,1.0,1,0,0.44227033176914377,Medium Risk,Standard retention email
17704,78,2,885.19,343,27,28.554516129032258,2,442.595,171.5,1.0,0,1,0.5378733244127969,Medium Risk,Standard retention email
17705,16,6,968.0,551,42,15.868852459016393,5,161.33333333333334,91.83333333333333,1.2,1,0,0.17407034955150702,Low Risk,Maintain standard engagement
17706,9,12,8027.5,3049,246,26.06331168831169,5,668.9583333333334,254.08333333333334,2.4,1,0,0.0898949062655926,Low Risk,Maintain standard engagement
17707,94,2,152.4,144,3,30.48,2,76.2,72.0,1.0,0,1,0.766820045017861,High Risk,Low-cost win-back email
17708,97,2,267.08,91,28,7.630857142857143,2,133.54,45.5,1.0,0,1,0.642466118337084,Medium Risk,Standard retention email
17709,79,1,137.45,17,7,19.635714285714283,1,137.45,17.0,1.0,0,1,0.6985543130573125,High Risk,Low-cost win-back email
17711,199,1,220.53000000000003,107,13,16.963846153846156,1,220.53000000000003,107.0,1.0,1,0,0.7039676670556633,High Risk,Low-cost win-back email
17714,230,1,153.0,92,10,15.3,1,153.0,92.0,1.0,0,1,0.7706855190789477,High Risk,Low-cost win-back email
17715,110,1,326.4,384,1,326.4,1,326.4,384.0,1.0,0,1,0.7256369842095673,High Risk,Low-cost win-back email
17716,4,7,4136.66,2323,137,21.213641025641024,5,590.9514285714286,331.85714285714283,1.4,1,0,0.07743744505833856,Low Risk,Maintain standard engagement
17718,141,1,139.35,83,6,23.224999999999998,1,139.35,83.0,1.0,0,1,0.7728201377207973,High Risk,Low-cost win-back email
17719,15,12,4477.4,2118,100,20.16846846846847,6,373.1166666666666,176.5,2.0,1,0,0.029221912363874124,Low Risk,Maintain standard engagement
17720,22,3,887.6,418,32,23.98918918918919,3,295.8666666666667,139.33333333333334,1.0,1,0,0.36348905618798,Medium Risk,Loyalty incentive
17722,5,4,2424.04,1595,111,21.078608695652175,4,606.01,398.75,1.0,0,1,0.33073960559322674,Medium Risk,Loyalty incentive
17723,36,6,3276.4000000000005,792,4,327.64000000000004,4,546.0666666666667,132.0,1.5,0,1,0.4124281799095516,Medium Risk,Loyalty incentive
17724,47,1,373.1,78,11,33.91818181818182,1,373.1,78.0,1.0,1,0,0.7105192736022233,High Risk,Low-cost win-back email
17725,10,8,2507.12,1610,94,17.78099290780142,6,313.39,201.25,1.3333333333333333,1,0,0.04089774407788727,Low Risk,Maintain standard engagement
17730,15,8,3055.77,2152,86,22.46889705882353,6,381.97125,269.0,1.3333333333333333,1,0,0.0338717568389253,Low Risk,Maintain standard engagement
17731,37,3,963.74,350,38,19.668163265306124,2,321.24666666666667,116.66666666666667,1.5,1,0,0.37931505949556676,Medium Risk,Loyalty incentive
17732,282,1,303.97,93,18,16.887222222222224,1,303.97,93.0,1.0,0,1,0.7241944289782719,High Risk,Low-cost win-back email
17733,171,1,216.95000000000002,87,12,18.07916666666667,1,216.95000000000002,87.0,1.0,1,0,0.7180506218376713,High Risk,Low-cost win-back email
17734,46,2,540.21,343,31,16.37,2,270.105,171.5,1.0,1,0,0.47197342549308235,Medium Risk,Standard retention email
17735,3,16,11091.24,6817,270,18.79871186440678,10,693.2025,426.0625,1.6,1,0,0.019331878109969457,Low Risk,Maintain standard engagement
17736,22,1,307.49,213,23,13.369130434782608,1,307.49,213.0,1.0,1,0,0.5365686594278103,Medium Risk,Standard retention email
17738,58,3,1571.49,711,72,20.40896103896104,2,523.83,237.0,1.5,1,0,0.3471776101201796,Medium Risk,Loyalty incentive
17739,106,3,1070.77,411,16,59.48722222222222,3,356.92333333333335,137.0,1.0,1,0,0.3303501790783864,Medium Risk,Loyalty incentive
17742,22,2,355.11,89,13,23.674,2,177.555,44.5,1.0,0,1,0.5848894573110276,Medium Risk,Standard retention email
17744,159,4,1288.96,1686,50,20.789677419354838,3,322.24,421.5,1.3333333333333333,1,0,0.2305207275351529,Low Risk,Maintain standard engagement
17746,149,1,110.25,29,6,18.375,1,110.25,29.0,1.0,0,1,0.7788269159598522,High Risk,Low-cost win-back email
17747,22,1,71.4,12,1,71.4,1,71.4,12.0,1.0,0,1,0.7277344399114533,High Risk,Low-cost win-back email
17749,87,2,674.52,320,33,19.272,2,337.26,160.0,1.0,0,1,0.5154235290443019,Medium Risk,Standard retention email
17750,8,5,1271.46,2778,93,8.7086301369863,4,254.292,555.6,1.25,1,0,0.14687659713763396,Low Risk,Maintain standard engagement
17752,268,1,80.64,192,1,80.64,1,80.64,192.0,1.0,0,1,0.7488222635468161,High Risk,Low-cost win-back email
17754,51,2,575.06,844,38,14.025853658536583,2,287.53,422.0,1.0,1,0,0.48262949694665463,Medium Risk,Standard retention email
17757,23,20,3320.4500000000003,1803,190,7.794483568075118,9,166.0225,90.15,2.2222222222222223,1,0,0.030287285855935812,Low Risk,Maintain standard engagement
17758,61,4,1436.2,907,172,7.181,3,359.05,226.75,1.3333333333333333,1,0,0.22745958226157056,Low Risk,Maintain standard engagement
17759,78,2,167.15,77,18,9.286111111111111,1,83.575,38.5,2.0,1,0,0.7514144115469797,High Risk,Low-cost win-back email
17760,282,1,172.54,165,9,19.17111111111111,1,172.54,165.0,1.0,1,0,0.6798647568969354,High Risk,Low-cost win-back email
17763,172,1,15.0,12,1,15.0,1,15.0,12.0,1.0,0,1,0.7240413491391324,High Risk,Low-cost win-back email
17764,120,1,261.97,148,17,13.787894736842107,1,261.97,148.0,1.0,1,0,0.6559636218527581,Medium Risk,Standard retention email
17765,68,3,371.88,144,51,6.524210526315789,3,123.96,48.0,1.0,0,1,0.460202899989833,Medium Risk,Loyalty incentive
17768,75,1,411.33,125,22,17.88391304347826,1,411.33,125.0,1.0,1,0,0.6493765267636464,Medium Risk,Standard retention email
17769,48,4,1828.73,1075,129,10.2163687150838,4,457.1825,268.75,1.0,1,0,0.2669448588680616,Low Risk,Maintain standard engagement
17770,108,5,1143.27,365,33,30.086052631578948,2,228.654,73.0,2.5,0,1,0.48715282268845894,Medium Risk,Loyalty incentive
17771,232,1,115.8,110,22,5.263636363636364,1,115.8,110.0,1.0,1,0,0.6858518412008453,High Risk,Low-cost win-back email
17774,5,4,1225.41,512,123,7.855192307692308,4,306.3525,128.0,1.0,0,1,0.352176930609148,Medium Risk,Loyalty incentive
17775,164,1,56.4,72,3,18.8,1,56.4,72.0,1.0,0,1,0.7642710918780456,High Risk,Low-cost win-back email
17777,9,1,194.7,163,63,2.905970149253731,1,194.7,163.0,1.0,1,0,0.5363653426334809,Medium Risk,Standard retention email
17779,53,1,323.09,248,34,9.502647058823529,1,323.09,248.0,1.0,1,0,0.5349380100864508,Medium Risk,Standard retention email
17781,68,2,188.02,34,12,15.668333333333335,2,94.01,17.0,1.0,0,1,0.735044528693241,High Risk,Low-cost win-back email
17783,157,1,112.41,53,30,3.747,1,112.41,53.0,1.0,1,0,0.63743565168147,Medium Risk,Standard retention email
17786,226,1,114.85,56,24,4.101785714285714,1,114.85,56.0,1.0,1,0,0.6856633938286235,High Risk,Low-cost win-back email
17787,62,4,1865.19,910,94,13.919328358208956,4,466.2975,227.5,1.0,0,1,0.30925487257484446,Low Risk,Maintain standard engagement
17788,39,1,16.7,3,3,5.566666666666666,1,16.7,3.0,1.0,1,0,0.4032177162357951,Medium Risk,Standard retention email
17789,190,1,225.9,74,14,16.135714285714286,1,225.9,74.0,1.0,0,1,0.7305334561477907,High Risk,Low-cost win-back email
17790,29,12,1363.51,595,79,10.90808,6,113.62583333333333,49.583333333333336,2.0,1,0,0.07928794938468905,Low Risk,Maintain standard engagement
17795,89,2,350.39,341,43,7.617173913043478,2,175.195,170.5,1.0,0,1,0.486081269682932,Medium Risk,Standard retention email
17796,222,3,622.0,160,60,7.9743589743589745,2,207.33333333333334,53.333333333333336,1.5,1,0,0.5075360890474797,Medium Risk,Loyalty incentive
17797,92,1,272.41,249,44,6.191136363636364,1,272.41,249.0,1.0,1,0,0.5406432372923231,Medium Risk,Standard retention email
17799,8,9,2531.75,1349,245,7.381195335276968,6,281.30555555555554,149.88888888888889,1.5,1,0,0.03894573848841942,Low Risk,Maintain standard engagement
17800,27,6,765.3,451,36,11.422388059701492,5,127.55,75.16666666666667,1.2,1,0,0.20976475696428445,Low Risk,Maintain standard engagement
17802,89,2,632.4200000000001,407,66,8.432266666666667,2,316.21000000000004,203.5,1.0,1,0,0.4397154652050418,Medium Risk,Standard retention email
17809,38,8,2856.71,743,33,81.62028571428571,6,357.08875,92.875,1.3333333333333333,1,0,0.09235034081060228,Low Risk,Maintain standard engagement
17811,1,24,4864.16,2318,244,10.008559670781892,9,202.67333333333332,96.58333333333333,2.6666666666666665,1,0,0.014463267804711955,Low Risk,Maintain standard engagement
17812,277,1,217.54999999999998,144,27,6.592424242424242,1,217.54999999999998,144.0,1.0,1,0,0.6808362851126792,High Risk,Low-cost win-back email
17816,178,2,21.31,22,11,1.9372727272727273,2,10.655,11.0,1.0,1,0,0.4057443284073368,Medium Risk,Standard retention email
17817,186,2,269.7,26,12,20.746153846153845,1,134.85,13.0,2.0,1,0,0.6817966343556134,High Risk,Low-cost win-back email
17819,92,6,3468.47,991,36,75.40152173913043,5,578.0783333333333,165.16666666666666,1.2,1,0,0.17449336273679794,Low Risk,Maintain standard engagement
17827,151,4,1583.81,961,140,10.152628205128204,2,395.9525,240.25,2.0,1,0,0.3629233129986015,Medium Risk,Loyalty incentive
17828,19,3,1076.66,481,51,19.575636363636367,2,358.8866666666667,160.33333333333334,1.5,1,0,0.3872674202692761,Medium Risk,Loyalty incentive
17829,207,1,889.24,496,30,29.641333333333332,1,889.24,496.0,1.0,0,1,0.6817798724745052,High Risk,Priority reactivation campaign
17830,171,2,287.65000000000003,65,15,17.978125000000002,2,143.82500000000002,32.5,1.0,1,0,0.6578426011233472,Medium Risk,Standard retention email
17837,57,3,376.51,102,23,11.409393939393938,2,125.50333333333333,34.0,1.5,1,0,0.547768207505268,Medium Risk,Loyalty incentive
17838,201,3,1687.7,1040,64,21.918181818181818,2,562.5666666666667,346.6666666666667,1.5,1,0,0.3385671134725411,Medium Risk,Loyalty incentive
17841,1,81,23501.86,12793,1053,5.234267260579065,10,290.14641975308643,157.93827160493828,8.1,1,0,0.02170120866703912,Low Risk,Maintain standard engagement
17843,212,1,205.48,113,36,5.553513513513513,1,205.48,113.0,1.0,0,1,0.5938066948453501,Medium Risk,Standard retention email
17844,16,1,51.559999999999995,52,5,10.312,1,51.559999999999995,52.0,1.0,0,1,0.6060662861294753,Medium Risk,Standard retention email
17848,37,8,821.5999999999999,390,41,16.432,7,102.69999999999999,48.75,1.1428571428571428,1,0,0.29771691311368814,Low Risk,Maintain standard engagement
17849,127,4,605.8000000000001,114,14,23.300000000000004,4,151.45000000000002,28.5,1.0,0,1,0.6260876465339835,Medium Risk,Loyalty incentive
17850,281,34,5391.21,1733,21,18.15222222222222,1,158.565,50.970588235294116,34.0,0,1,0.4638531938917476,Medium Risk,Loyalty incentive
17854,94,2,311.26,84,15,20.750666666666667,2,155.63,42.0,1.0,0,1,0.6584134798830115,Medium Risk,Standard retention email
17855,282,1,208.97,197,17,12.292352941176471,1,208.97,197.0,1.0,0,1,0.6760777983850417,High Risk,Low-cost win-back email
17856,142,3,1142.63,577,6,126.95888888888891,2,380.8766666666667,192.33333333333334,1.5,1,0,0.5032874944463818,Medium Risk,Loyalty incentive
17857,8,14,14254.52,7712,13,509.09000000000003,8,1018.1800000000001,550.8571428571429,1.75,1,0,0.03445438437019107,Low Risk,Maintain standard engagement
17858,25,9,3656.25,2398,65,33.543577981651374,6,406.25,266.44444444444446,1.5,1,0,0.03452242044555527,Low Risk,Maintain standard engagement
17859,214,1,148.21,127,23,5.9284,1,148.21,127.0,1.0,0,1,0.7030804859030455,High Risk,Low-cost win-back email
17860,278,1,252.8,104,49,4.358620689655172,1,252.8,104.0,1.0,0,1,0.623916226504998,Medium Risk,Standard retention email
17861,45,5,1301.57,1053,114,9.50051094890511,3,260.31399999999996,210.6,1.6666666666666667,1,0,0.12397062715040089,Low Risk,Maintain standard engagement
17862,233,1,330.9,100,11,30.08181818181818,1,330.9,100.0,1.0,0,1,0.7682025543385314,High Risk,Low-cost win-back email
17863,54,4,1785.28,1617,60,20.287272727272725,4,446.32,404.25,1.0,1,0,0.2601597330603286,Low Risk,Maintain standard engagement
17864,185,1,208.41,383,29,6.5128125,1,208.41,383.0,1.0,1,0,0.6870562968286885,High Risk,Low-cost win-back email
17865,17,12,7017.34,3533,145,26.98976923076923,8,584.7783333333333,294.4166666666667,1.5,1,0,0.01466546648590968,Low Risk,Maintain standard engagement
17866,52,1,329.65,174,9,36.62777777777777,1,329.65,174.0,1.0,0,1,0.6544900291699949,Medium Risk,Standard retention email
17867,52,4,957.48,374,8,119.685,3,239.37,93.5,1.3333333333333333,1,0,0.28390014177073547,Low Risk,Maintain standard engagement
17869,16,5,428.18,111,37,10.7045,4,85.636,22.2,1.25,0,1,0.554515239404179,Medium Risk,Loyalty incentive
17870,1,7,749.97,519,83,8.151847826086957,4,107.13857142857144,74.14285714285714,1.75,1,0,0.2497091451893588,Low Risk,Maintain standard engagement
17871,114,1,155.9,182,10,15.59,1,155.9,182.0,1.0,0,1,0.6384045515347717,Medium Risk,Standard retention email
17873,93,4,1587.1200000000001,927,23,42.895135135135135,4,396.78000000000003,231.75,1.0,1,0,0.2841477206634459,Low Risk,Maintain standard engagement
17874,94,6,683.46,221,37,14.857826086956523,3,113.91000000000001,36.833333333333336,2.0,0,1,0.4783324108361544,Medium Risk,Loyalty incentive
17877,79,1,237.61,98,12,19.800833333333333,1,237.61,98.0,1.0,0,1,0.6493038199541608,Medium Risk,Standard retention email
17879,83,1,178.51999999999998,45,6,29.75333333333333,1,178.51999999999998,45.0,1.0,0,1,0.719717261763403,High Risk,Low-cost win-back email
17880,274,1,458.92,314,26,17.65076923076923,1,458.92,314.0,1.0,0,1,0.7104186618542755,High Risk,Low-cost win-back email
17881,213,1,133.35000000000002,32,8,16.668750000000003,1,133.35000000000002,32.0,1.0,0,1,0.7741914246952969,High Risk,Low-cost win-back email
17883,155,1,119.35,48,19,6.281578947368421,1,119.35,48.0,1.0,1,0,0.6946975814404951,High Risk,Low-cost win-back email
17884,221,3,602.84,555,86,6.482150537634409,2,200.9466666666667,185.0,1.5,1,0,0.38009933294055787,Medium Risk,Loyalty incentive
17886,120,2,396.26,225,44,8.431063829787234,2,198.13,112.5,1.0,1,0,0.4546055885495017,Medium Risk,Standard retention email
17887,38,1,111.35,30,10,11.135,1,111.35,30.0,1.0,0,1,0.6432118819229143,Medium Risk,Standard retention email
17888,70,4,307.05,545,32,8.29864864864865,4,76.7625,136.25,1.0,1,0,0.42053427733478826,Medium Risk,Loyalty incentive
17889,121,2,203.87,79,20,9.708095238095238,2,101.935,39.5,1.0,0,1,0.7585045667456418,High Risk,Low-cost win-back email
17890,232,2,602.09,416,88,6.405212765957447,2,301.045,208.0,1.0,0,1,0.5082370989505833,Medium Risk,Standard retention email
17891,71,1,203.85999999999999,393,34,5.995882352941176,1,203.85999999999999,393.0,1.0,0,1,0.5670273854282152,Medium Risk,Standard retention email
17892,64,1,142.1,69,26,5.4653846153846155,1,142.1,69.0,1.0,1,0,0.6298752227783051,Medium Risk,Standard retention email
17893,134,1,112.25,161,15,7.015625,1,112.25,161.0,1.0,0,1,0.6952671438712961,High Risk,Low-cost win-back email
17894,5,7,996.75,355,108,6.2296875,4,142.39285714285714,50.714285714285715,1.75,1,0,0.1847853483154308,Low Risk,Maintain standard engagement
17897,82,3,566.6,229,100,4.970175438596492,2,188.86666666666667,76.33333333333333,1.5,0,1,0.47046703339187557,Medium Risk,Loyalty incentive
17898,116,1,99.84,124,20,4.992,1,99.84,124.0,1.0,1,0,0.6755127104301235,High Risk,Low-cost win-back email
17899,68,1,155.8,171,29,4.86875,1,155.8,171.0,1.0,0,1,0.5949961664628051,Medium Risk,Standard retention email
17900,99,2,112.19999999999999,73,4,18.7,1,56.099999999999994,36.5,2.0,0,1,0.7567188420597338,High Risk,Low-cost win-back email
17905,66,3,618.99,282,32,18.757272727272728,2,206.33,94.0,1.5,1,0,0.43485083903322885,Medium Risk,Loyalty incentive
17906,156,1,72.9,26,12,6.075,1,72.9,26.0,1.0,0,1,0.7498986457041849,High Risk,Low-cost win-back email
17908,283,1,243.28,173,51,4.19448275862069,1,243.28,173.0,1.0,0,1,0.6224692638850903,Medium Risk,Standard retention email
17912,219,5,311.01,185,35,8.184473684210525,2,62.202,37.0,2.5,0,1,0.7297963121797013,High Risk,Low-cost win-back email
17913,265,1,218.05,100,31,7.033870967741936,1,218.05,100.0,1.0,1,0,0.6331756976840118,Medium Risk,Standard retention email
17917,165,2,230.46,131,57,3.5455384615384617,2,115.23,65.5,1.0,1,0,0.547221213794706,Medium Risk,Standard retention email
17920,14,9,2406.82,1570,229,7.2494578313253015,6,267.4244444444445,174.44444444444446,1.5,1,0,0.03916339344691229,Low Risk,Maintain standard engagement
17921,57,3,601.76,293,82,5.786153846153846,3,200.58666666666667,97.66666666666667,1.0,1,0,0.20415355990778572,Low Risk,Maintain standard engagement
17923,191,1,207.50000000000003,50,1,207.50000000000003,1,207.50000000000003,50.0,1.0,0,1,0.7614199920247067,High Risk,Low-cost win-back email
17924,211,2,502.20000000000005,108,2,167.4,2,251.10000000000002,54.0,1.0,1,0,0.7117848829705457,High Risk,Priority reactivation campaign
17925,282,1,244.08,72,1,244.08,1,244.08,72.0,1.0,0,1,0.7837604718872081,High Risk,Low-cost win-back email
17926,42,2,397.29,306,17,18.91857142857143,2,198.645,153.0,1.0,0,1,0.4931639428660822,Medium Risk,Standard retention email
17928,155,1,78.25999999999999,46,17,4.603529411764705,1,78.25999999999999,46.0,1.0,1,0,0.693600996094107,High Risk,Low-cost win-back email
17929,22,3,707.0,92,4,176.75,3,235.66666666666666,30.666666666666668,1.0,1,0,0.3988610784365491,Medium Risk,Loyalty incentive
17930,71,2,694.14,521,19,34.707,2,347.07,260.5,1.0,1,0,0.5011229223732434,Medium Risk,Standard retention email
17931,43,2,408.36,249,63,6.282461538461539,2,204.18,124.5,1.0,0,1,0.44390734885367955,Medium Risk,Standard retention email
17932,83,2,934.51,593,63,14.60171875,2,467.255,296.5,1.0,1,0,0.4072461066286081,Medium Risk,Standard retention email
17935,47,2,145.79,82,28,5.027241379310345,1,72.895,41.0,2.0,0,1,0.7152441843976924,High Risk,Low-cost win-back email
17937,24,5,3614.52,1416,19,109.53090909090909,4,722.904,283.2,1.25,1,0,0.19749227839202382,Low Risk,Maintain standard engagement
17939,69,1,99.14,40,12,8.261666666666667,1,99.14,40.0,1.0,0,1,0.6914211634698221,High Risk,Low-cost win-back email
17940,17,9,3914.44,9155,6,217.4688888888889,6,434.9377777777778,1017.2222222222222,1.5,1,0,0.23892211710906452,Low Risk,Maintain standard engagement
17941,40,1,304.56,252,2,152.28,1,304.56,252.0,1.0,0,1,0.6924745129444556,High Risk,Low-cost win-back email
17946,142,2,149.57999999999998,75,18,7.478999999999999,2,74.78999999999999,37.5,1.0,0,1,0.7773050028877304,High Risk,Low-cost win-back email
17948,56,1,358.56000000000006,144,1,358.56000000000006,1,358.56000000000006,144.0,1.0,0,1,0.7578684619278746,High Risk,Low-cost win-back email
17949,2,33,48209.2,20778,26,860.8785714285714,10,1460.8848484848484,629.6363636363636,3.3,1,0,0.037232991936503146,Low Risk,Maintain standard engagement
17950,274,2,263.17,186,36,6.747948717948718,1,131.585,93.0,2.0,1,0,0.5358425416430038,Medium Risk,Standard retention email
17951,267,2,409.50000000000006,220,9,45.50000000000001,1,204.75000000000003,110.0,2.0,1,0,0.6871763044028766,High Risk,Low-cost win-back email
17954,32,10,1890.21,1835,269,4.846692307692308,7,189.02100000000002,183.5,1.4285714285714286,1,0,0.04280316154847563,Low Risk,Maintain standard engagement
17955,108,4,557.3,273,14,29.331578947368417,1,139.325,68.25,4.0,0,1,0.6815228355031119,High Risk,Priority reactivation campaign
17956,158,1,12.75,1,1,12.75,1,12.75,1.0,1.0,0,1,0.7125336688834221,High Risk,Low-cost win-back email
17958,26,1,508.4599999999999,84,7,72.63714285714285,1,508.4599999999999,84.0,1.0,0,1,0.743706547731441,High Risk,Priority reactivation campaign
17960,80,1,73.78,41,26,2.8376923076923077,1,73.78,41.0,1.0,0,1,0.7158285246435487,High Risk,Low-cost win-back email
17961,33,31,1179.62,469,195,5.337647058823529,9,38.052258064516124,15.129032258064516,3.4444444444444446,1,0,0.19925604534912966,Low Risk,Maintain standard engagement
17962,51,1,102.83,128,33,2.938,1,102.83,128.0,1.0,0,1,0.5687166612755739,Medium Risk,Standard retention email
17964,281,1,261.76,195,35,7.478857142857143,1,261.76,195.0,1.0,1,0,0.6175061814183002,Medium Risk,Standard retention email
17965,1,12,2271.04,1389,238,7.996619718309859,7,189.25333333333333,115.75,1.7142857142857142,1,0,0.030311635414233897,Low Risk,Maintain standard engagement
17966,60,4,594.43,1171,52,9.744754098360655,3,148.6075,292.75,1.3333333333333333,1,0,0.29517632644509995,Low Risk,Maintain standard engagement
17967,281,1,123.07,80,41,2.5639583333333333,1,123.07,80.0,1.0,0,1,0.5991385882899675,Medium Risk,Standard retention email
17968,283,1,277.35,160,74,3.2629411764705885,1,277.35,160.0,1.0,0,1,0.6600980959098564,High Risk,Low-cost win-back email
17969,75,2,228.2,152,14,16.3,2,114.1,76.0,1.0,0,1,0.5929206951177715,Medium Risk,Standard retention email
17970,120,1,582.59,525,27,18.793225806451613,1,582.59,525.0,1.0,0,1,0.6750937617190427,High Risk,Priority reactivation campaign
17972,151,1,136.04,37,30,4.388387096774193,1,136.04,37.0,1.0,0,1,0.6787059363269082,High Risk,Low-cost win-back email
17974,129,1,172.77,87,18,8.227142857142857,1,172.77,87.0,1.0,1,0,0.7090803971187215,High Risk,Low-cost win-back email
17975,24,11,3956.0,1367,170,15.636363636363637,8,359.6363636363636,124.27272727272727,1.375,1,0,0.019812996486532897,Low Risk,Maintain standard engagement
17976,281,1,353.19,106,56,5.433692307692308,1,353.19,106.0,1.0,0,1,0.6474588718769922,Medium Risk,Standard retention email
17978,274,1,300.91999999999996,499,12,25.076666666666664,1,300.91999999999996,499.0,1.0,0,1,0.6728196263354018,High Risk,Low-cost win-back email
17979,78,3,504.54,276,84,5.201443298969072,2,168.18,92.0,1.5,1,0,0.3960682143757501,Medium Risk,Loyalty incentive
17980,75,3,811.45,682,23,27.048333333333336,3,270.48333333333335,227.33333333333334,1.0,0,1,0.38035150486624536,Medium Risk,Loyalty incentive
17984,54,1,152.68,98,48,3.1808333333333336,1,152.68,98.0,1.0,0,1,0.5676913961273317,Medium Risk,Standard retention email
17987,94,1,198.57,261,13,15.274615384615384,1,198.57,261.0,1.0,0,1,0.6333696813286865,Medium Risk,Standard retention email
17988,26,5,146.0,27,25,5.615384615384615,3,29.2,5.4,1.6666666666666667,1,0,0.6046568913642483,Medium Risk,Loyalty incentive
17990,146,3,630.84,414,27,21.753103448275862,2,210.28,138.0,1.5,0,1,0.5404764440639099,Medium Risk,Loyalty incentive
17991,134,2,93.35,25,4,18.669999999999998,1,46.675,12.5,2.0,0,1,0.6895399079375519,High Risk,Low-cost win-back email
17994,31,4,678.49,497,63,8.37641975308642,4,169.6225,124.25,1.0,0,1,0.36799062433025215,Medium Risk,Loyalty incentive
17995,191,1,76.1,133,2,38.05,1,76.1,133.0,1.0,0,1,0.7705612268872418,High Risk,Low-cost win-back email
17997,1,6,1719.96,2060,118,11.944166666666668,3,286.66,343.3333333333333,2.0,1,0,0.10379982659879614,Low Risk,Maintain standard engagement
17999,275,1,190.34,94,37,5.008947368421053,1,190.34,94.0,1.0,1,0,0.6041769441934898,Medium Risk,Standard retention email
18004,271,1,169.47,78,32,4.23675,1,169.47,78.0,1.0,0,1,0.6016430563071369,Medium Risk,Standard retention email
18008,112,7,2065.41,1517,22,76.49666666666666,4,295.0585714285714,216.71428571428572,1.75,1,0,0.13975671092641953,Low Risk,Maintain standard engagement
18009,144,1,257.34,126,31,8.041875,1,257.34,126.0,1.0,0,1,0.6598658822015304,Medium Risk,Standard retention email
18010,166,1,174.8,60,14,12.485714285714286,1,174.8,60.0,1.0,0,1,0.7322550759750943,High Risk,Low-cost win-back email
18011,282,1,102.78999999999999,71,28,3.671071428571428,1,102.78999999999999,71.0,1.0,0,1,0.7060274374780244,High Risk,Low-cost win-back email
18013,64,2,187.29,285,31,6.041612903225806,1,93.645,142.5,2.0,0,1,0.6467248261295334,Medium Risk,Standard retention email
18016,95,3,488.76,207,49,8.426896551724138,3,162.92,69.0,1.0,1,0,0.3678309162247885,Medium Risk,Loyalty incentive
18017,78,2,344.0,200,1,172.0,2,172.0,100.0,1.0,1,0,0.5751463903976227,Medium Risk,Standard retention email
18018,17,2,122.14,55,29,4.211724137931035,2,61.07,27.5,1.0,0,1,0.6499040687117236,Medium Risk,Standard retention email
18024,62,2,389.78,184,21,18.56095238095238,1,194.89,92.0,2.0,0,1,0.6026528499509282,Medium Risk,Standard retention email
18027,8,1,115.31,78,21,5.490952380952381,1,115.31,78.0,1.0,0,1,0.60496768212355,Medium Risk,Standard retention email
18032,243,1,73.5,42,5,14.7,1,73.5,42.0,1.0,0,1,0.7916988222337664,High Risk,Low-cost win-back email
18036,14,2,254.54,154,54,4.242333333333333,2,127.27,77.0,1.0,1,0,0.4491395266278304,Medium Risk,Standard retention email
18037,63,6,70.02,20,19,3.685263157894737,5,11.67,3.3333333333333335,1.2,0,1,0.6858557412229107,High Risk,Low-cost win-back email
18040,155,1,239.0,96,12,19.916666666666668,1,239.0,96.0,1.0,1,0,0.7157120752616937,High Risk,Low-cost win-back email
18041,13,16,3084.13,2777,227,8.614888268156426,9,192.758125,173.5625,1.7777777777777777,1,0,0.017758192819850808,Low Risk,Maintain standard engagement
18043,116,2,451.81,246,87,4.563737373737374,2,225.905,123.0,1.0,1,0,0.40871673120307617,Medium Risk,Standard retention email
18044,75,7,1105.53,651,63,14.357532467532467,5,157.93285714285713,93.0,1.4,1,0,0.12294637465325547,Low Risk,Maintain standard engagement
18048,112,2,172.29000000000002,127,6,24.612857142857145,1,86.14500000000001,63.5,2.0,0,1,0.754575400177459,High Risk,Low-cost win-back email
18050,268,1,74.4,40,5,14.88,1,74.4,40.0,1.0,0,1,0.789354503003025,High Risk,Low-cost win-back email
18055,37,7,3672.86,1226,122,21.99317365269461,4,524.6942857142857,175.14285714285714,1.75,1,0,0.0943551701076401,Low Risk,Maintain standard engagement
18056,197,1,363.65,211,19,19.139473684210525,1,363.65,211.0,1.0,0,1,0.7112278321653296,High Risk,Low-cost win-back email
18061,17,8,1793.51,901,18,43.74414634146341,8,224.18875,112.625,1.0,1,0,0.09050520825788184,Low Risk,Maintain standard engagement
18062,82,3,720.52,396,23,26.685925925925925,3,240.17333333333332,132.0,1.0,0,1,0.4200369964243251,Medium Risk,Loyalty incentive
18064,42,2,814.0,384,7,116.28571428571429,2,407.0,192.0,1.0,0,1,0.5995312798730482,Medium Risk,Standard retention email
18065,93,8,1412.15,591,71,17.01385542168675,4,176.51875,73.875,2.0,1,0,0.13319885853776078,Low Risk,Maintain standard engagement
18068,198,1,101.69999999999999,6,1,101.69999999999999,1,101.69999999999999,6.0,1.0,0,1,0.8202783987915455,High Risk,Low-cost win-back email
18069,89,3,993.87,634,199,4.123941908713693,3,331.29,211.33333333333334,1.0,1,0,0.2553710652586973,Low Risk,Maintain standard engagement
18071,167,2,453.0,260,23,18.12,2,226.5,130.0,1.0,0,1,0.5839679860639103,Medium Risk,Standard retention email
18072,95,1,247.44,288,18,13.746666666666666,1,247.44,288.0,1.0,0,1,0.6404692561250225,Medium Risk,Standard retention email
18073,23,12,3877.5200000000004,3108,23,53.11671232876713,4,323.1266666666667,259.0,3.0,0,1,0.16109734880756268,Low Risk,Maintain standard engagement
18074,283,1,489.6,190,13,37.66153846153846,1,489.6,190.0,1.0,0,1,0.7032593083104484,High Risk,Low-cost win-back email
18075,15,8,1957.75,1015,74,18.296728971962615,7,244.71875,126.875,1.1428571428571428,1,0,0.05638338240729387,Low Risk,Maintain standard engagement
18077,13,7,1670.94,1311,82,10.850259740259741,5,238.7057142857143,187.28571428571428,1.4,1,0,0.07439653167263408,Low Risk,Maintain standard engagement
18078,126,2,336.13,145,27,11.590689655172413,2,168.065,72.5,1.0,0,1,0.6205191901319617,Medium Risk,Standard retention email
18079,36,2,2206.18,5075,59,31.973623188405796,2,1103.09,2537.5,1.0,1,0,0.3797621118489384,Medium Risk,Standard retention email
18080,152,1,841.4999999999999,330,1,841.4999999999999,1,841.4999999999999,330.0,1.0,1,0,0.6878751227481812,High Risk,Priority reactivation campaign
18081,22,2,208.05,55,7,20.805,2,104.025,27.5,1.0,1,0,0.6262618909888212,Medium Risk,Standard retention email
18085,239,2,689.95,265,25,23.79137931034483,2,344.975,132.5,1.0,0,1,0.6033061484956476,Medium Risk,Standard retention email
18086,183,1,101.34,106,7,14.477142857142857,1,101.34,106.0,1.0,0,1,0.7560689703675023,High Risk,Low-cost win-back email
18087,7,2,4055.7199999999993,3907,2,2027.8599999999997,2,2027.8599999999997,1953.5,1.0,0,1,0.7149480740413442,High Risk,Priority reactivation campaign
18092,29,8,5851.48,3280,21,112.52846153846153,5,731.435,410.0,1.6,1,0,0.0964565482114929,Low Risk,Maintain standard engagement
18093,2,4,2106.52,1392,31,58.51444444444444,3,526.63,348.0,1.3333333333333333,0,1,0.3351663229174714,Medium Risk,Loyalty incentive
18094,45,5,2402.3,2194,35,42.89821428571429,4,480.46000000000004,438.8,1.25,1,0,0.12306695648859431,Low Risk,Maintain standard engagement
18095,221,2,580.0500000000001,419,20,27.621428571428574,1,290.02500000000003,209.5,2.0,0,1,0.7030143421924284,High Risk,Priority reactivation campaign
18097,36,5,2011.4,1418,56,23.945238095238096,4,402.28000000000003,283.6,1.25,1,0,0.12336470934117424,Low Risk,Maintain standard engagement
18099,36,1,168.31,149,19,8.858421052631579,1,168.31,149.0,1.0,0,1,0.6045414538859379,Medium Risk,Standard retention email
18101,52,1,110.23,25,13,8.47923076923077,1,110.23,25.0,1.0,1,0,0.5578526747078525,Medium Risk,Standard retention email
18102,8,27,135450.75,31473,54,830.9861963190184,9,5016.694444444444,1165.6666666666667,3.0,1,0,0.03361486338596674,Low Risk,Maintain standard engagement
18106,239,1,430.7,128,33,11.043589743589743,1,430.7,128.0,1.0,0,1,0.7342336687956313,High Risk,Low-cost win-back email
18108,163,1,271.0,84,17,15.941176470588236,1,271.0,84.0,1.0,0,1,0.7222355650810869,High Risk,Low-cost win-back email
18109,20,17,4457.27,3326,103,15.805921985815605,9,262.1923529411765,195.64705882352942,1.8888888888888888,1,0,0.011174067953644945,Low Risk,Maintain standard engagement
18112,75,1,196.64,110,12,16.386666666666667,1,196.64,110.0,1.0,1,0,0.6343538910756843,Medium Risk,Standard retention email
18113,278,1,76.32000000000001,72,1,76.32000000000001,1,76.32000000000001,72.0,1.0,0,1,0.7918923434194679,High Risk,Low-cost win-back email
18114,199,1,220.1,55,28,7.860714285714286,1,220.1,55.0,1.0,0,1,0.7130700423037641,High Risk,Low-cost win-back email
18116,143,7,1254.47,678,220,3.6680409356725145,3,179.21,96.85714285714286,2.3333333333333335,1,0,0.26586494711265624,Low Risk,Maintain standard engagement
18118,1,19,4241.69,2167,367,4.615549510337322,9,223.24684210526314,114.05263157894737,2.111111111111111,1,0,0.01745357251875599,Low Risk,Maintain standard engagement
18119,277,1,181.12,125,29,6.037333333333334,1,181.12,125.0,1.0,0,1,0.6731082509037454,High Risk,Low-cost win-back email
18120,123,1,111.15,31,17,6.538235294117648,1,111.15,31.0,1.0,0,1,0.6998777852867015,High Risk,Low-cost win-back email
18121,58,2,673.1,450,28,21.034375,1,336.55,225.0,2.0,0,1,0.5981089707726265,Medium Risk,Standard retention email
18122,60,1,119.19,69,23,5.182173913043478,1,119.19,69.0,1.0,1,0,0.599390095750309,Medium Risk,Standard retention email
18125,111,3,945.14,695,146,5.495,3,315.0466666666667,231.66666666666666,1.0,1,0,0.25175777750552675,Low Risk,Maintain standard engagement
18127,43,1,139.6,28,8,17.45,1,139.6,28.0,1.0,1,0,0.6081908048524917,Medium Risk,Standard retention email
18129,152,1,112.55000000000001,48,13,8.039285714285715,1,112.55000000000001,48.0,1.0,0,1,0.7155667441540615,High Risk,Low-cost win-back email
18133,121,1,931.4999999999999,1350,1,931.4999999999999,1,931.4999999999999,1350.0,1.0,0,1,0.7487060299720409,High Risk,Priority reactivation campaign
18135,99,1,109.82000000000001,88,9,10.982000000000001,1,109.82000000000001,88.0,1.0,1,0,0.6969383633880866,High Risk,Low-cost win-back email
18136,121,2,600.85,295,30,18.7765625,2,300.425,147.5,1.0,1,0,0.5319875534877674,Medium Risk,Standard retention email
18138,204,1,152.65,38,8,19.08125,1,152.65,38.0,1.0,0,1,0.7793270009633635,High Risk,Low-cost win-back email
18142,66,2,1019.52,1276,9,67.968,2,509.76,638.0,1.0,0,1,0.6613806541957532,High Risk,Priority reactivation campaign
18143,26,2,1000.16,570,59,16.396065573770493,2,500.08,285.0,1.0,0,1,0.45185494953593075,Medium Risk,Standard retention email
18144,19,9,2165.55,1064,24,65.62272727272727,7,240.61666666666667,118.22222222222223,1.2857142857142858,1,0,0.06227249545169002,Low Risk,Maintain standard engagement
18145,114,2,1023.78,863,60,15.280298507462685,2,511.89,431.5,1.0,1,0,0.4627689685165411,Medium Risk,Standard retention email
18146,50,2,160.35000000000002,153,10,16.035000000000004,2,80.17500000000001,76.5,1.0,0,1,0.6788977902810064,High Risk,Low-cost win-back email
18147,18,1,98.88,80,4,24.72,1,98.88,80.0,1.0,1,0,0.6773811713929113,High Risk,Low-cost win-back email
18149,124,2,549.68,280,9,39.262857142857136,2,274.84,140.0,1.0,1,0,0.5898809818151228,Medium Risk,Standard retention email
18150,49,2,413.28,236,22,15.895384615384614,2,206.64,118.0,1.0,1,0,0.4354140404878737,Medium Risk,Standard retention email
18151,44,2,653.35,355,38,17.193421052631578,2,326.675,177.5,1.0,0,1,0.4717973932814993,Medium Risk,Standard retention email
18155,80,2,266.56,196,14,14.029473684210526,2,133.28,98.0,1.0,1,0,0.5204227744304464,Medium Risk,Standard retention email
18156,279,1,206.23000000000002,73,50,3.749636363636364,1,206.23000000000002,73.0,1.0,1,0,0.5965082171791533,Medium Risk,Standard retention email
18159,210,1,530.15,139,23,23.05,1,530.15,139.0,1.0,0,1,0.7603496072199496,High Risk,Priority reactivation campaign
18160,109,1,318.55,147,19,16.76578947368421,1,318.55,147.0,1.0,1,0,0.658536197514485,Medium Risk,Standard retention email
18161,49,3,771.26,387,24,21.42388888888889,3,257.08666666666664,129.0,1.0,1,0,0.35345447061421853,Medium Risk,Loyalty incentive
18165,86,1,302.46000000000004,254,10,30.246000000000002,1,302.46000000000004,254.0,1.0,0,1,0.667829932536392,High Risk,Low-cost win-back email
18167,15,1,498.48,122,13,38.34461538461539,1,498.48,122.0,1.0,1,0,0.6515312895054607,Medium Risk,Standard retention email
18168,85,6,1169.94,594,97,8.93083969465649,5,194.99,99.0,1.2,0,1,0.13019076135768032,Low Risk,Maintain standard engagement
18170,21,2,655.51,249,27,21.85033333333333,2,327.755,124.5,1.0,1,0,0.4996894847537057,Medium Risk,Standard retention email
18171,8,4,994.3100000000001,331,35,22.09577777777778,4,248.57750000000001,82.75,1.0,1,0,0.339729525257417,Medium Risk,Loyalty incentive
18172,8,11,5635.28,2280,96,39.40755244755245,7,512.2981818181818,207.27272727272728,1.5714285714285714,1,0,0.01690802393212615,Low Risk,Maintain standard engagement
18173,108,3,1728.8400000000001,1028,20,69.15360000000001,3,576.2800000000001,342.6666666666667,1.0,1,0,0.3044928953550718,Low Risk,Maintain standard engagement
18176,267,1,476.35,283,30,15.878333333333334,1,476.35,283.0,1.0,0,1,0.7040002366081451,High Risk,Low-cost win-back email
18177,67,5,1037.82,544,43,17.297,4,207.564,108.8,1.25,1,0,0.21184480787872415,Low Risk,Maintain standard engagement
18178,38,4,1590.81,983,80,16.400103092783503,4,397.7025,245.75,1.0,0,1,0.3009873822577447,Low Risk,Maintain standard engagement
18179,161,4,1103.16,729,54,20.428888888888892,3,275.79,182.25,1.3333333333333333,1,0,0.2393128033990909,Low Risk,Maintain standard engagement
18180,46,2,601.85,553,42,14.329761904761906,1,300.925,276.5,2.0,1,0,0.4639871923889973,Medium Risk,Standard retention email
18183,136,2,632.07,371,36,17.082972972972975,2,316.035,185.5,1.0,0,1,0.5474504965393131,Medium Risk,Standard retention email
18185,158,1,304.25,183,17,17.897058823529413,1,304.25,183.0,1.0,0,1,0.6929479259960103,High Risk,Low-cost win-back email
18188,199,1,426.6,164,16,26.6625,1,426.6,164.0,1.0,1,0,0.7178346252790744,High Risk,Low-cost win-back email
18189,177,1,633.1,352,40,15.8275,1,633.1,352.0,1.0,1,0,0.6752666351633551,High Risk,Priority reactivation campaign
18190,101,2,284.46000000000004,140,14,18.964000000000002,2,142.23000000000002,70.0,1.0,0,1,0.6489437976963975,Medium Risk,Standard retention email
18191,171,1,207.79999999999998,140,7,29.685714285714283,1,207.79999999999998,140.0,1.0,0,1,0.7406246828229406,High Risk,Low-cost win-back email
18193,74,1,243.76,124,16,15.235,1,243.76,124.0,1.0,0,1,0.6208255511966797,Medium Risk,Standard retention email
18196,4,2,689.13,433,131,4.887446808510639,2,344.565,216.5,1.0,0,1,0.4974385701854152,Medium Risk,Standard retention email
18198,10,14,4427.39,3491,64,37.84094017094017,8,316.2421428571429,249.35714285714286,1.75,1,0,0.01660392277691124,Low Risk,Maintain standard engagement
18200,15,1,163.8,111,29,5.11875,1,163.8,111.0,1.0,0,1,0.5789420907715014,Medium Risk,Standard retention email
18202,109,3,1396.99,581,55,20.543970588235293,2,465.66333333333336,193.66666666666666,1.5,0,1,0.4168700707842016,Medium Risk,Loyalty incentive
18203,66,1,160.42000000000002,43,19,8.443157894736842,1,160.42000000000002,43.0,1.0,0,1,0.6622743273599374,High Risk,Low-cost win-back email
18204,19,2,1367.32,912,113,9.908115942028985,2,683.66,456.0,1.0,1,0,0.4181154968126417,Medium Risk,Standard retention email
18210,176,1,142.4,62,5,28.48,1,142.4,62.0,1.0,1,0,0.7569254948130912,High Risk,Low-cost win-back email
18211,46,2,268.7,152,15,17.913333333333334,2,134.35,76.0,1.0,1,0,0.4972347431798344,Medium Risk,Standard retention email
18212,235,1,248.42,101,30,5.7772093023255815,1,248.42,101.0,1.0,0,1,0.6571245918303742,Medium Risk,Standard retention email
18213,146,1,232.48000000000002,232,15,15.498666666666669,1,232.48000000000002,232.0,1.0,0,1,0.6893979977572906,High Risk,Low-cost win-back email
18218,120,2,662.08,584,17,31.527619047619048,2,331.04,292.0,1.0,0,1,0.5484480991053953,Medium Risk,Standard retention email
18219,58,8,1367.13,596,49,17.089125000000003,6,170.89125,74.5,1.3333333333333333,1,0,0.07454062631888272,Low Risk,Maintain standard engagement
18220,136,1,305.28000000000003,288,2,152.64000000000001,1,305.28000000000003,288.0,1.0,0,1,0.7327926272694679,High Risk,Low-cost win-back email
18221,25,3,706.86,446,40,16.830000000000002,3,235.62,148.66666666666666,1.0,1,0,0.3735133112741408,Medium Risk,Loyalty incentive
18222,2,1,443.0,335,19,23.31578947368421,1,443.0,335.0,1.0,0,1,0.5980356622476073,Medium Risk,Standard retention email
18223,6,11,4036.34,1774,87,21.469893617021278,8,366.94,161.27272727272728,1.375,1,0,0.015979207782915433,Low Risk,Maintain standard engagement
18224,173,1,158.95000000000002,69,10,15.895000000000001,1,158.95000000000002,69.0,1.0,0,1,0.7627827734036213,High Risk,Low-cost win-back email
18225,22,7,2730.78,1582,99,17.732337662337663,6,390.1114285714286,226.0,1.1666666666666667,1,0,0.045216525998962066,Low Risk,Maintain standard engagement
18226,30,9,4251.03,2946,107,22.61186170212766,7,472.33666666666664,327.3333333333333,1.2857142857142858,1,0,0.02156744397168425,Low Risk,Maintain standard engagement
18227,127,1,93.75,21,5,18.75,1,93.75,21.0,1.0,0,1,0.792009790735058,High Risk,Low-cost win-back email
18229,3,14,5212.06,1704,58,46.12442477876107,10,372.29,121.71428571428571,1.4,1,0,0.02705821129913644,Low Risk,Maintain standard engagement
18230,3,5,2146.36,1030,32,31.10666666666667,5,429.27200000000005,206.0,1.0,1,0,0.16903694387154197,Low Risk,Maintain standard engagement
18231,101,5,2083.27,821,106,16.800564516129032,4,416.654,164.2,1.25,0,1,0.26712217743603883,Low Risk,Maintain standard engagement
18232,67,3,500.62,277,29,15.644375,2,166.87333333333333,92.33333333333333,1.5,1,0,0.4661946821313263,Medium Risk,Loyalty incentive
18233,235,1,440.0,4,1,440.0,1,440.0,4.0,1.0,0,1,0.8463168711118155,High Risk,Low-cost win-back email
18235,29,2,749.8,706,49,14.147169811320754,2,374.9,353.0,1.0,1,0,0.4100533857077572,Medium Risk,Standard retention email
18236,38,4,641.19,310,31,17.810833333333335,4,160.2975,77.5,1.0,1,0,0.4267463657936163,Medium Risk,Loyalty incentive
18237,1,3,725.55,465,37,16.873255813953488,3,241.85,155.0,1.0,1,0,0.4177374674597973,Medium Risk,Loyalty incentive
18239,128,5,1561.6100000000001,795,80,17.745568181818182,4,312.322,159.0,1.25,0,1,0.2867349606284993,Low Risk,Maintain standard engagement
18241,8,11,1349.58,720,44,18.237567567567567,5,122.68909090909091,65.45454545454545,2.2,1,0,0.2114446455557156,Low Risk,Maintain standard engagement
18242,105,2,694.08,408,26,26.69538461538462,1,347.04,204.0,2.0,1,0,0.5723634712335881,Medium Risk,Standard retention email
18245,58,6,1672.81,1328,103,13.940083333333332,4,278.8016666666667,221.33333333333334,1.5,1,0,0.09560130560733776,Low Risk,Maintain standard engagement
18246,142,1,232.9,70,2,116.45,1,232.9,70.0,1.0,1,0,0.7426647955981316,High Risk,Low-cost win-back email
18248,32,2,804.02,511,39,17.1068085106383,2,402.01,255.5,1.0,0,1,0.483394015098644,Medium Risk,Standard retention email
18250,219,1,349.27,199,21,16.63190476190476,1,349.27,199.0,1.0,0,1,0.7171400310644982,High Risk,Low-cost win-back email
18252,81,1,69.89999999999999,18,3,23.299999999999997,1,69.89999999999999,18.0,1.0,1,0,0.6893450422741235,High Risk,Low-cost win-back email
18257,23,5,1562.8700000000001,721,66,19.535875,4,312.574,144.2,1.25,1,0,0.14433332939033477,Low Risk,Maintain standard engagement
18259,275,1,376.30000000000007,116,7,53.75714285714287,1,376.30000000000007,116.0,1.0,1,0,0.7521886758970303,High Risk,Low-cost win-back email
18260,82,6,2643.2000000000003,1478,86,19.72537313432836,6,440.53333333333336,246.33333333333334,1.0,0,1,0.23613114139889216,Low Risk,Maintain standard engagement
18261,5,1,224.8,102,15,14.986666666666668,1,224.8,102.0,1.0,1,0,0.554452211667327,Medium Risk,Standard retention email
18262,49,1,149.48,182,13,11.498461538461537,1,149.48,182.0,1.0,0,1,0.5773095897883502,Medium Risk,Standard retention email
18263,65,2,811.4,1048,45,18.03111111111111,2,405.7,524.0,1.0,1,0,0.4335372552431466,Medium Risk,Standard retention email
18265,67,1,488.55,224,29,16.84655172413793,1,488.55,224.0,1.0,1,0,0.5974552042435793,Medium Risk,Standard retention email
18268,43,1,25.5,2,1,25.5,1,25.5,2.0,1.0,0,1,0.5836705016965728,Medium Risk,Standard retention email
18269,275,1,168.6,76,7,24.085714285714285,1,168.6,76.0,1.0,0,1,0.75937055408558,High Risk,Low-cost win-back email
18270,176,1,111.95,41,5,22.39,1,111.95,41.0,1.0,1,0,0.7696297424790082,High Risk,Low-cost win-back email
18272,23,4,2106.45,1465,76,18.477631578947367,3,526.6125,366.25,1.3333333333333333,1,0,0.21986305170480003,Low Risk,Maintain standard engagement
18273,5,2,153.0,60,1,76.5,2,76.5,30.0,1.0,1,0,0.6634608546200227,High Risk,Low-cost win-back email
18280,187,1,180.60000000000002,45,10,18.060000000000002,1,180.60000000000002,45.0,1.0,0,1,0.7535064610708393,High Risk,Low-cost win-back email
18281,90,1,80.82,54,7,11.545714285714284,1,80.82,54.0,1.0,0,1,0.7101632054368889,High Risk,Low-cost win-back email
18282,35,1,100.21000000000001,75,7,14.315714285714288,1,100.21000000000001,75.0,1.0,1,0,0.634229896328097,Medium Risk,Standard retention email
18283,5,10,1120.67,742,192,2.5070917225950784,7,112.06700000000001,74.2,1.4285714285714286,1,0,0.14565519433174456,Low Risk,Maintain standard engagement
18287,111,1,765.28,488,27,26.388965517241378,1,765.28,488.0,1.0,1,0,0.5845679287513112,Medium Risk,Standard retention email
