stock_code,description,total_revenue,total_quantity,total_orders,avg_unit_price
22423,REGENCY CAKESTAND 3 TIER,174484.74,13879,1988,13.97692612791274
85123A,WHITE HANGING HEART T-LIGHT HOLDER,104340.29000000001,37599,2189,3.1152748226950355
47566,PARTY BUNTING,99504.33,18295,1685,5.794273153575616
85099B,JUMBO BAG RED RETROSPOT,94340.05,48474,2089,2.48545928030303
23166,MEDIUM CERAMIC TOP STORAGE JAR,81700.92000000001,78033,247,1.46848
23084,RABBIT NIGHT LIGHT,66964.99,30788,994,2.3805019305019304
22086,PAPER CHAIN KIT 50'S CHRISTMAS,64952.29,19355,1160,3.356833333333334
84879,ASSORTED COLOUR BIRD ORNAMENT,59094.93,36461,1455,1.7222901276024176
79321,CHILLI LIGHTS,54117.76,10306,661,6.789522388059702
23298,SPOTTY BUNTING,42548.130000000005,8327,1140,5.521977547495682
22386,JUMBO BAG PINK POLKADOT,42436.24,21465,1218,2.596114701130856
21137,BLACK RECORD COVER FRAME,40652.13,11656,375,4.211899736147757
23284,DOORMAT KEEP CALM AND COME IN,38166.64,5491,728,8.774136054421769
22720,SET OF 3 CAKE TINS PANTRY DESIGN,38158.39,7493,1385,5.829292351679771
22960,JAM MAKING SET WITH JARS,37128.88,8706,1132,5.071866783523225
82484,WOOD BLACK BOARD ANT WHITE FINISH,36030.22,6020,685,8.439039301310043
20725,LUNCH BAG RED RETROSPOT,35752.01,19353,1564,2.1277979924717694
22197,POPCORN HOLDER,34298.87,36761,803,1.020012062726176
22178,VICTORIAN GLASS HANGING T-LIGHT,33187.97,24304,1037,1.6431041069723018
22114,HOT WATER BOTTLE TEA AND SYMPATHY,33002.590000000004,5747,643,5.018784615384615
22910,PAPER CHAIN KIT VINTAGE CHRISTMAS,32873.340000000004,10604,820,3.3641885441527446
22112,CHOCOLATE HOT WATER BOTTLE,32866.18,6025,858,6.0649772727272735
85099F,JUMBO BAG STRAWBERRY,32570.47,17273,812,2.3792233009708736
22469,HEART OF WICKER SMALL,32107.8,17971,1201,1.9579445350734095
23245,SET OF 3 REGENCY CAKE TINS,31177.95,6357,873,5.877074829931972
21931,JUMBO STORAGE BAG SUKI,30770.12,13654,1184,2.7448370927318297
22727,ALARM CLOCK BAKELIKE RED,30701.12,7815,1051,4.389050279329609
23199,JUMBO BAG APPLES,30475.65,14920,978,2.568937246963563
22470,HEART OF WICKER LARGE,30139.41,9901,925,3.2822033898305087
22355,CHARLOTTE BAG SUKI DESIGN,29277.95,18152,882,1.21293659621802
22699,ROSES REGENCY TEACUP AND SAUCER,29095.27,9877,1065,3.6548568790397047
23355,HOT WATER BOTTLE KEEP CALM,28842.550000000003,5841,782,5.267962732919255
22411,JUMBO SHOPPER VINTAGE RED PAISLEY,28634.95,12602,1175,2.683806722689076
22457,NATURAL SLATE HEART CHALKBOARD,28147.960000000003,9172,1249,3.585977830562154
85099C,JUMBO  BAG BAROQUE BLACK WHITE,28092.2,13922,933,2.60338266384778
20685,DOORMAT RED RETROSPOT,28082.54,4092,696,8.951516452074392
23201,JUMBO BAG ALPHABET,27890.170000000002,13379,906,2.390556768558952
22726,ALARM CLOCK BAKELIKE GREEN,27196.53,6430,980,4.5333000000000006
84347,ROTATING SILVER ANGELS T-LIGHT HLDR,26463.829999999998,9476,449,3.4023991507430997
21915,RED  HARMONICA IN BOX,26331.58,21933,661,1.4247826086956523
22666,RECIPE BOX PANTRY YELLOW DESIGN,26240.600000000002,8276,1111,3.7001865008880994
21175,GIN + TONIC DIET METAL SIGN,25836.57,11727,759,2.7412890625
22629,SPACEBOY LUNCH BOX,25740.469999999998,14260,900,2.190414847161572
22961,JAM MAKING SET PRINTED,25660.98,16412,1162,1.9029683490162534
48138,DOORMAT UNION FLAG,25609.6,3762,616,8.886322580645162
21181,PLEASE ONE PERSON METAL SIGN,25290.58,12305,845,2.4230520231213872
23173,REGENCY TEAPOT ROSES,24918.93,2770,416,11.108705882352941
21621,VINTAGE UNION JACK BUNTING,24542.83,2789,475,9.442135523613963
23203,JUMBO BAG VINTAGE DOILY,24522.36,11464,711,2.2987707182320443
22111,SCOTTIE DOG HOT WATER BOTTLE,24509.84,4666,771,5.79448798988622
22722,SET OF 6 SPICE TINS PANTRY DESIGN,24483.66,5978,834,4.667202797202798
22326,ROUND SNACK BOXES SET OF4 WOODLAND,24438.620000000003,8560,732,3.4597319034852547
48187,DOORMAT NEW ENGLAND,24292.84,3830,600,8.462392739273927
22138,BAKING SET 9 PIECE RETROSPOT,24239.72,4948,934,5.3493136219640975
21731,RED TOADSTOOL LED NIGHT LIGHT,23932.98,14009,849,2.3844199535962876
48185,DOORMAT FAIRY CAKE,23888.81,3617,365,10.109565217391305
23344,JUMBO BAG 50'S CHRISTMAS,23815.75,10306,716,2.413128415300547
23243,SET OF TEA COFFEE SUGAR TINS PANTRY,23514.170000000002,4805,470,5.860274261603376
22189,CREAM HEART CARD HOLDER,23463.47,8291,524,4.447984934086629
21733,RED HANGING HEART T-LIGHT HOLDER,23228.74,7882,741,3.1590526315789473
21929,JUMBO BAG PINK VINTAGE PAISLEY,23181.14,11007,865,2.6776632302405496
82482,WOODEN PICTURE FRAME WHITE FINISH,23113.260000000002,9006,1100,3.1016561656165615
20713,JUMBO BAG OWLS,23030.96,11444,657,2.7718590704647674
21623,VINTAGE UNION JACK MEMOBOARD,23010.09,3272,221,10.368705357142856
22139,RETROSPOT TEA SET CERAMIC 11 PC,22912.81,4527,962,5.724362139917695
22697,GREEN REGENCY TEACUP AND SAUCER,22826.3,7302,1013,3.8192026897214215
22090,PAPER BUNTING RETROSPOT,22790.960000000003,7564,798,3.7777363184079604
85066,CREAM SWEETHEART MINI CHEST,22708.95,1793,519,14.293402646502836
20727,LUNCH BAG  BLACK SKULL.,22421.21,12240,1273,2.09847891566265
15056N,EDWARDIAN PARASOL NATURAL,22176.49,3954,456,6.944521739130435
84029E,RED WOOLLY HOTTIE WHITE HEART.,22144.98,4765,429,5.116546275395034
48194,DOORMAT HEARTS,22138.57,3419,592,9.241963087248322
20712,JUMBO BAG WOODLAND ANIMALS,22092.42,9773,863,2.9266168009205984
23202,JUMBO BAG VINTAGE LEAF,21852.81,10962,879,2.2953543307086615
20724,RED RETROSPOT CHARLOTTE BAG,21776.79,17765,1032,1.1453486150907355
20728,LUNCH BAG CARS BLUE,21750.63,11817,1150,2.0593526405451446
22630,DOLLY GIRL LUNCH BOX,21635.14,11793,850,2.3258323765786453
21523,DOORMAT FANCY FONT HOME SWEET HOME,21601.69,3246,502,9.511709741550696
21843,RED RETROSPOT CAKE STAND,21365.25,2013,539,12.604501845018449
21212,PACK OF 72 RETROSPOT CAKE CASES,21259.100000000002,36419,1320,0.7584306569343066
21166,COOK WITH WINE METAL SIGN,20957.64,10364,723,2.386089918256131
23206,LUNCH BAG APPLE DESIGN,20911.98,12183,1036,2.052082166199813
22659,LUNCH BOX I LOVE LONDON,20818.7,11523,707,2.3104098360655736
22728,ALARM CLOCK BAKELIKE PINK,20702.15,5364,783,4.577742749054225
21479,WHITE SKULL HOT WATER BOTTLE,20594.45,3918,499,4.98103313840156
82494L,WOODEN FRAME ANTIQUE WHITE,19640.79,6749,910,3.2608469055374596
84946,ANTIQUE SILVER T-LIGHT GLASS,19411.62,14688,689,1.5013936781609196
22501,PICNIC BASKET WICKER LARGE,19322.16,1604,445,14.381677852348993
22328,ROUND SNACK BOXES SET OF 4 FRUITS,19130.37,6847,581,3.270403361344538
22467,GUMBALL COAT RACK,18890.47,7962,681,2.875157593123209
22969,HOMEMADE JAM SCENTED CANDLES,18788.55,12532,646,1.7919783616692428
22383,LUNCH BAG SUKI DESIGN,18750.579999999998,10332,1084,2.1114375
15036,ASSORTED COLOURS SILK FAN,18569.84,23826,518,1.0677649325626204
20726,LUNCH BAG WOODLAND,18323.38,9933,1017,2.1762247838616715
22382,LUNCH BAG SPACEBOY DESIGN,18092.36,10464,1157,2.008473282442748
21108,FAIRY CAKE FLANNEL ASSORTED COLOUR,18069.280000000002,10253,262,2.30876404494382
22835,HOT WATER BOTTLE I AM SO POORLY,18055.11,3474,657,5.870624071322437
22693,GROW A FLYTRAP OR SUNFLOWER IN TIN,17927.45,16244,305,1.4859344262295082
22865,HAND WARMER OWL DESIGN,17910.030000000002,8498,654,2.3551775147928997
21485,RETROSPOT HEART HOT WATER BOTTLE,17708.53,3533,623,5.629412673879443
20914,SET/5 RED RETROSPOT LID GLASS BOWLS,17655.8,6084,879,3.2856097560975615
22698,PINK REGENCY TEACUP AND SAUCER,17551.760000000002,5824,765,3.6843253467843633
22384,LUNCH BAG PINK POLKADOT,17435.19,10515,1090,2.02645478961504
23203,JUMBO BAG DOILEY PATTERNS,17272.85,8895,514,2.240212355212355
21928,JUMBO BAG SCANDINAVIAN BLUE PAISLEY,17245.93,8414,662,2.6805547226386808
22077,6 RIBBONS RUSTIC CHARM,17205.37,9183,955,2.206122448979592
22385,JUMBO BAG SPACEBOY DESIGN,17081.86,8671,686,2.6517241379310343
71477,COLOUR GLASS. STAR T-LIGHT HOLDER,17073.65,5737,264,3.9320973782771533
22197,SMALL POPCORN HOLDER,17055.149999999998,20160,589,1.0736515912897824
21754,HOME BUILDING BLOCK WORD,17049.920000000002,2780,777,6.617638190954774
82583,HOT BATHS METAL SIGN,17047.06,7306,609,2.939605055292259
22492,MINI PAINT SET VINTAGE,16937.82,26633,380,0.7850263157894737
20719,WOODLAND CHARLOTTE BAG,16759.75,13308,833,1.207452830188679
22624,IVORY KITCHEN SCALES,16528.31,1901,711,9.441473829201103
22993,SET OF 4 PANTRY JELLY MOULDS,16507.23,12672,1073,1.4950907441016332
84978,HANGING HEART JAR T-LIGHT HOLDER,16477.53,12512,728,1.48236092265943
84078A,SET/4 WHITE RETRO STORAGE CUBES,16363.300000000001,415,155,45.23225806451613
23301,GARDENERS KNEELING PAD KEEP CALM,16357.05,8825,913,1.9420626349892007
84029G,KNITTED UNION FLAG HOT WATER BOTTLE,16164.04,3323,459,5.196545842217484
85152,HAND OVER THE CHOCOLATE   SIGN,15983.330000000002,8272,677,2.3569546120058567
23313,VINTAGE CHRISTMAS BUNTING,15833.310000000001,2997,401,5.541380145278451
15056BL,EDWARDIAN PARASOL BLACK,15828.84,2844,321,6.430311526479751
22379,RECYCLING BAG RETROSPOT,15636.99,6910,748,3.181827814569537
82483,WOOD 2 DRAWER CABINET WHITE FINISH,15240.07,2403,543,6.950486486486486
22084,PAPER CHAIN KIT EMPIRE,15122.970000000001,5189,436,3.2706726457399102
22900,SET 2 TEA TOWELS I LOVE LONDON,14975.93,4919,533,3.723652802893309
84997D,CHILDRENS CUTLERY POLKADOT PINK,14501.94,3668,358,4.501349862258953
22752,SET 7 BABUSHKA NESTING BOXES,14453.470000000001,1790,380,9.788281249999999
22866,HAND WARMER SCOTTY DOG DESIGN,14410.62,6632,548,2.3291724137931036
22847,BREAD BIN DINER STYLE IVORY,14329.539999999999,901,375,17.415146666666665
48184,DOORMAT ENGLISH ROSE,14324.0,2038,407,8.636699266503667
23200,JUMBO BAG PEARS,14197.28,7071,595,2.4279235880398673
22507,MEMO BOARD RETROSPOT  DESIGN,14193.35,2960,459,6.295599128540305
22083,PAPER CHAIN KIT RETROSPOT,14159.54,4658,610,3.7612377850162866
22625,RED KITCHEN SCALES,14141.7,1627,546,9.776943942133816
21232,STRAWBERRY CERAMIC TRINKET BOX,14130.08,10483,706,1.655
22867,HAND WARMER BIRD DESIGN,14078.69,6441,554,2.39762323943662
21930,JUMBO STORAGE BAG SKULLS,14031.16,6450,705,2.7840306834030684
23343,JUMBO BAG VINTAGE CHRISTMAS,13978.95,6081,476,2.4152965235173824
22622,BOX OF VINTAGE ALPHABET BLOCKS,13931.31,1342,267,12.382434456928838
84077,WORLD WAR 2 GLIDERS ASSTD DESIGNS,13841.849999999999,55047,535,0.3206703910614525
20971,PINK BLUE FELT CRAFT TRINKET BOX,13838.1,11001,522,1.4184803001876172
22941,CHRISTMAS LIGHTS 10 REINDEER,13812.92,1672,311,9.953546325878595
22171,3 HOOK PHOTO SHELF ANTIQUE WHITE,13746.11,1811,382,10.002823834196892
23077,DOUGHNUT LIP GLOSS,13720.77,10415,344,1.3451594202898551
22551,PLASTERS IN TIN SPACEBOY,13615.31,8082,673,1.8615384615384614
21524,DOORMAT SPOTTY HOME SWEET HOME,13612.41,1757,480,9.192880658436213
23356,LOVE HOT WATER BOTTLE,13494.970000000001,2386,476,6.19846
23207,LUNCH BAG ALPHABET DESIGN,13360.2,7851,740,1.986075619295958
22558,CLOTHES PEGS RETROSPOT PACK 24,13346.039999999999,8689,772,1.8319590268886043
22554,PLASTERS IN TIN WOODLAND ANIMALS,13344.769999999999,7813,704,1.9077348066298343
23108,SET OF 10 LED DOLLY LIGHTS,13303.019999999999,2221,372,6.468746666666667
23328,SET 6 SCHOOL MILK BOTTLES IN CRATE,13284.49,2845,405,4.835060532687652
22113,GREY HEART HOT WATER BOTTLE,12805.33,3231,561,4.396125211505923
22499,WOODEN UNION JACK BUNTING,12792.25,2091,407,6.789317073170731
22427,ENAMEL FLOWER JUG CREAM,12671.060000000001,2110,506,6.5633984375
20750,RED RETROSPOT MINI CASES,12642.93,1748,385,8.12139534883721
20749,ASSORTED COLOUR MINI CASES,12614.17,1770,383,8.064407216494846
21755,LOVE BUILDING BLOCK WORD,12572.710000000001,2034,629,6.672415902140673
22607,WOODEN ROUNDERS GARDEN SET,12571.369999999999,1331,358,10.732513812154695
20723,STRAWBERRY CHARLOTTE BAG,12552.4,9798,722,1.2002876712328765
21790,VINTAGE SNAP CARDS,12515.96,14528,926,1.0148936170212766
22188,BLACK HEART CARD HOLDER,12487.17,4871,189,4.3481578947368416
22568,FELTCRAFT CUSHION OWL,12440.14,3380,470,4.1569375
22424,ENAMEL BREAD BIN CREAM,12383.83,875,454,15.880548245614035
22149,FELTCRAFT 6 FLOWER FRIENDS,12373.880000000001,6078,547,2.4514847942754923
23174,REGENCY SUGAR BOWL GREEN,12350.73,3057,322,4.793138461538462
21977,PACK OF 60 PINK PAISLEY CAKE CASES,12245.02,24854,869,0.7425056179775281
48188,DOORMAT WELCOME PUPPIES,12114.97,2065,287,8.81625
47590B,PINK HAPPY BIRTHDAY BUNTING,12071.92,2327,393,5.819848866498741
22273,FELTCRAFT DOLL MOLLY,12016.34,4514,331,3.2620414201183436
22191,IVORY DINER WALL CLOCK,11971.15,1452,415,8.847411764705882
22158,3 HEARTS HANGING DECORATION RUSTIC,11944.880000000001,3463,303,3.3427301587301588
82486,WOOD S/3 CABINET ANT WHITE FINISH,11937.68,1408,403,9.03514705882353
21430,SET/3 RED GINGHAM ROSE STORAGE BOX,11928.45,3040,477,4.9237551867219915
22087,PAPER BUNTING WHITE LACE,11893.230000000001,4089,326,3.392035928143713
22193,RED DINER WALL CLOCK,11882.57,1403,460,9.236609071274298
23300,GARDENERS KNEELING PAD CUP OF TEA,11815.689999999999,6827,758,1.906416558861578
22502,PICNIC BASKET WICKER SMALL,11807.12,1879,461,7.5369164882226976
21936,RED RETROSPOT PICNIC BAG,11671.09,3987,531,3.707003745318352
23581,JUMBO BAG PAISLEY PARK,11613.03,5035,338,2.253276353276353
22692,DOORMAT WELCOME TO OUR HOME,11555.56,1524,443,9.592089887640448
21217,RED RETROSPOT ROUND CAKE TINS,11532.39,1089,344,12.56808695652174
22730,ALARM CLOCK BAKELIKE IVORY,11479.65,2892,570,4.41
21481,FAWN BLUE HOT WATER BOTTLE,11466.37,3313,490,4.10219801980198
22356,CHARLOTTE BAG PINK POLKADOT,11420.289999999999,9719,742,1.2505013192612138
21216,"SET 3 RETROSPOT TEA,COFFEE,SUGAR",11407.56,2133,430,7.381116173120729
22041,"RECORD FRAME 7"" SINGLE SIZE",11354.56,4374,361,3.676493150684932
21340,CLASSIC METAL BIRDCAGE PLANT HOLDER,11338.27,978,290,13.377210884353742
21080,SET/20 RED RETROSPOT PAPER NAPKINS,11319.36,13210,986,1.091887351778656
47566B,TEA TIME PARTY BUNTING,11290.12,2382,365,5.5593766937669375
22605,WOODEN CROQUET GARDEN SET,11276.21,782,299,16.2249
22570,FELTCRAFT CUSHION RABBIT,11227.47,3092,386,4.2893670886075945
23170,REGENCY TEA PLATE ROSES,11117.05,6869,445,2.0747533632286994
22413,METAL SIGN TAKE IT OR LEAVE IT,11104.79,3777,412,3.345584725536993
22662,LUNCH BAG DOLLY GIRL DESIGN,11090.58,6724,682,1.9310028653295128
20711,JUMBO BAG TOYS,11014.62,5007,522,3.1267175572519084
85014B,RED RETROSPOT UMBRELLA,10981.95,1915,350,6.821473087818697
22988,SOLDIERS EGG CUP,10938.31,9137,418,1.4932093023255815
85048,15CM CHRISTMAS GLASS BALL 20 LIGHTS,10910.61,1359,261,9.306958174904944
23209,LUNCH BAG VINTAGE DOILY,10820.1,6562,601,1.8949918962722854
22617,BAKING SET SPACEBOY DESIGN,10745.050000000001,2209,464,5.468758029978586
22846,BREAD BIN DINER STYLE RED,10676.619999999999,665,278,17.699460431654675
22734,SET OF 6 RIBBONS VINTAGE CHRISTMAS,10621.6,3265,422,3.5049311926605506
21791,VINTAGE HEADS AND TAILS CARD GAME,10535.65,7889,607,1.5049592169657422
21891,TRADITIONAL WOODEN SKIPPING ROPE,10526.0,8145,425,1.5877702702702703
84755,COLOUR GLASS T-LIGHT HOLDER HANGING,10518.25,16449,621,0.7267993630573248
23209,LUNCH BAG DOILEY PATTERN,10510.44,6556,492,1.7319161676646706
47590A,BLUE HAPPY BIRTHDAY BUNTING,10502.650000000001,1992,390,5.863657289002558
23208,LUNCH BAG VINTAGE LEAF DESIGN,10498.01,6342,668,1.9316279069767441
22992,REVOLVER WOODEN RULER,10379.84,5236,348,2.2687186629526463
22169,FAMILY ALBUM WHITE PICTURE FRAME,10354.26,1198,372,10.148418230563003
21914,BLUE HARMONICA IN BOX,10343.56,7879,603,1.430652528548124
84997B,CHILDRENS CUTLERY RETROSPOT RED,10316.86,2634,262,4.4931698113207545
84947,ANTIQUE SILVER TEA GLASS ENGRAVED,10297.27,8706,347,1.46601108033241
23582,VINTAGE DOILY JUMBO BAG RED,10233.45,4815,259,2.212744360902256
22970,LONDON BUS COFFEE MUG,10224.75,4367,317,2.7268923076923075
82600,NO SINGING METAL SIGN,10195.86,4789,496,2.5365469061876245
84997C,CHILDRENS CUTLERY POLKADOT BLUE,10154.91,2583,233,4.405726495726496
22569,FELTCRAFT CUSHION BUTTERFLY,10133.33,2765,348,4.270704225352112
21218,RED SPOTTY BISCUIT TIN,10116.49,2433,394,5.90964824120603
22556,PLASTERS IN TIN CIRCUS PARADE,10070.109999999999,6118,571,1.7852667814113596
22633,HAND WARMER UNION JACK,10057.320000000002,4867,479,2.194527559055118
22621,TRADITIONAL KNITTING NANCY,10056.949999999999,6150,609,1.8810466988727856
23171,REGENCY TEA PLATE GREEN,10051.99,6247,381,2.128433420365535
48173C,DOORMAT BLACK FLOCK,10025.11,1802,188,8.199633507853404
20679,EDWARDIAN PARASOL RED,10021.42,1710,326,7.003669724770643
23076,ICE CREAM SUNDAE LIP GLOSS,9965.76,8100,277,1.3499280575539567
22791,T-LIGHT GLASS FLUTED ANTIQUE,9963.880000000001,8027,345,1.5092592592592593
22690,DOORMAT HOME SWEET HOME BLUE,9959.6,1621,285,8.340590277777778
22619,SET OF 6 SOLDIER SKITTLES,9921.29,2487,443,4.656
22654,DELUXE SEWING KIT,9898.95,1412,328,7.746706948640484
22555,PLASTERS IN TIN STRONGMAN,9863.279999999999,6023,515,1.8486603773584904
22766,PHOTO FRAME CORNICE,9843.59,3297,504,3.209284332688588
21314,SMALL GLASS HEART TRINKET POT,9811.58,4252,541,2.837449541284404
22838,3 TIER CAKE TIN RED AND CREAM,9765.11,689,168,17.272142857142857
23240,SET OF 4 KNICK KNACK TINS DOILY,9759.68,2360,353,4.538154269972452
22561,WOODEN SCHOOL COLOURING SET,9749.82,5888,433,1.776591928251121
21559,STRAWBERRY LUNCH BOX WITH CUTLERY,9748.13,3938,573,3.125494880546075
22776,SWEETHEART CAKESTAND 3 TIER,9697.25,959,377,11.180978835978836
22844,VINTAGE CREAM DOG FOOD CONTAINER,9686.82,1006,416,10.812494061757718
22144,CHRISTMAS CRAFT LITTLE FRIENDS,9681.18,4082,544,2.574267857142857
22560,TRADITIONAL MODELLING CLAY,9602.32,8168,389,1.4219487179487178
23175,REGENCY MILK JUG PINK,9600.15,3164,329,3.876897590361446
22978,PANTRY ROLLING PIN,9568.73,2465,238,4.341757322175733
22456,NATURAL SLATE CHALKBOARD LARGE,9554.470000000001,1731,476,6.666889352818372
35970,ZINC FOLKART SLEIGH BELLS,9546.53,5070,456,2.4087021276595744
22952,60 CAKE CASES VINTAGE CHRISTMAS,9511.52,16055,618,0.7597067901234569
21174,POTTERING IN THE SHED METAL SIGN,9413.82,4179,538,2.6916453382084096
84375,SET OF 20 KIDS COOKIE CUTTERS,9404.150000000001,4321,517,2.511452830188679
85150,LADIES & GENTLEMEN METAL SIGN,9388.53,4039,478,3.0723700623700623
21155,RED RETROSPOT PEG BAG,9301.4,3157,485,3.1293306288032454
23319,BOX OF 6 MINI 50'S CRACKERS,9266.84,3739,403,2.6480906921241054
22749,FELTCRAFT PRINCESS CHARLOTTE DOLL,9264.91,2375,449,4.107846481876332
22966,GINGERBREAD MAN COOKIE CUTTER,9212.15,7448,670,1.4500725689404934
84991,60 TEATIME FAIRY CAKE CASES,9183.720000000001,18214,828,0.6865121668597914
23318,BOX OF 6 MINI VINTAGE CRACKERS,9167.390000000001,3811,376,2.7403385416666666
20972,PINK CREAM FELT CRAFT TRINKET BOX,9159.31,7362,616,1.4220760697305865
23080,RED METAL BOX TOP SECRET,9158.87,1079,257,9.32689393939394
48116,DOORMAT MULTICOLOUR STRIPE,9088.63,1492,201,9.659653465346535
22729,ALARM CLOCK BAKELIKE ORANGE,9080.2,2326,445,4.5094065934065934
22771,CLEAR DRAWER KNOB ACRYLIC EDWARDIAN,9050.44,6635,441,1.5626651982378856
22759,SET OF 3 NOTEBOOKS IN PARCEL,9043.939999999999,5445,422,2.04250569476082
22989,SET 2 PANTRY DESIGN TEA TOWELS,9012.27,2815,372,3.6851187335092352
23439,HAND WARMER RED LOVE HEART,8941.61,4027,397,2.222752941176471
23322,LARGE WHITE HEART OF WICKER,8925.410000000002,3085,562,3.131646655231561
82582,AREA PATROLLED METAL SIGN,8862.990000000002,4367,437,2.3946031746031746
21889,WOODEN BOX OF DOMINOES,8862.29,6402,587,1.5762582781456953
22632,HAND WARMER RED RETROSPOT,8770.43,4354,374,2.2267441860465116
84945,MULTI COLOUR SILVER T-LIGHT HOLDER,8754.63,10557,347,0.9517280453257789
22947,WOODEN ADVENT CALENDAR RED,8714.24,746,137,13.112481751824818
22147,FELTCRAFT BUTTERFLY HEARTS,8626.939999999999,6230,481,1.637309236947791
22652,TRAVEL SEWING KIT,8620.32,5096,467,1.969512711864407
22795,SWEETHEART RECIPE BOOK STAND,8578.0,1212,368,8.10747311827957
23082,SET 6 PAPER TABLE LANTERN HEARTS,8577.51,2333,297,4.089087947882736
71459,HANGING JAM JAR T-LIGHT HOLDER,8560.84,10792,348,0.9102578796561605
23078,ICE CREAM PEN LIP GLOSS,8553.34,6831,257,1.4267315175097277
21035,SET/2 RED RETROSPOT TEA TOWELS,8549.85,2603,394,4.537581047381546
84378,SET OF 3 HEART COOKIE CUTTERS,8540.9,6350,685,1.6270114942528737
21484,CHICK GREY HOT WATER BOTTLE,8535.52,1881,402,5.161909307875895
23256,CHILDRENS CUTLERY SPACEBOY,8525.970000000001,2079,360,4.468196721311476
23493,VINTAGE DOILY TRAVEL SEWING KIT,8509.68,3970,415,2.1534418604651164
23321,SMALL WHITE HEART OF WICKER,8473.269999999999,4737,629,1.7467228177641652
21213,PACK OF 72 SKULL CAKE CASES,8418.44,15176,663,0.7949335302806501
21210,SET OF 72 RETROSPOT PAPER  DOILIES,8374.189999999999,5812,453,1.7827133479212252
22768,FAMILY PHOTO FRAME CORNICE,8268.539999999999,868,260,10.956526717557251
72741,GRAND CHOCOLATECANDLE,8225.0,5978,292,1.5980338983050846
22192,BLUE DINER WALL CLOCK,8189.29,954,365,9.043780821917808
22725,ALARM CLOCK BAKELIKE CHOCOLATE,8168.6,1984,428,4.776544622425629
84380,SET OF 3 BUTTERFLY COOKIE CUTTERS,8161.46,5805,688,1.7151072961373388
22655,VINTAGE RED KITCHEN CABINET,8125.0,60,38,143.42105263157896
22667,RECIPE BOX RETROSPOT,8101.150000000001,2901,464,3.036289308176101
71053,WHITE METAL LANTERN,8056.5199999999995,1880,307,4.654890282131662
22909,SET OF 20 VINTAGE CHRISTMAS NAPKINS,8050.53,8987,610,0.9888941548183254
21121,SET/10 RED POLKADOT PARTY CANDLES,8033.85,6634,379,1.3695876288659794
22616,PACK OF 12 LONDON TISSUES,7980.92,26135,512,0.44732954545454545
22940,FELTCRAFT CHRISTMAS FAIRY,7954.0,1930,321,4.542814371257485
21770,OPEN CLOSED METAL SIGN,7938.780000000001,1641,388,5.52150895140665
22487,WHITE WOOD GARDEN PLANT LADDER,7919.23,785,429,10.868860465116278
22352,LUNCH BOX WITH CUTLERY RETROSPOT,7873.719999999999,3093,482,3.3140286298568506
22968,ROSE COTTAGE KEEPSAKE BOX,7861.93,795,189,11.965473684210526
21136,PAINTED METAL PEARS ASSORTED,7830.32,4709,370,1.805078947368421
23238,SET OF 4 KNICK KNACK TINS LONDON,7825.56,1862,274,4.737368421052632
22557,PLASTERS IN TIN VINTAGE PAISLEY,7777.089999999999,4721,566,1.8963418803418801
22173,METAL 4 HOOK HANGER FRENCH CHATEAU,7773.7,2446,493,3.83448
23007,SPACEBOY BABY GIFT SET,7758.699999999999,499,184,15.919027027027028
21908,CHOCOLATE THIS WAY METAL SIGN,7756.420000000001,3773,468,2.532884210526316
23204,CHARLOTTE BAG APPLES DESIGN,7741.94,7976,583,1.1219453924914675
48111,DOORMAT 3 SMILEY CATS,7732.929999999999,1175,233,9.600466101694915
21258,VICTORIAN SEWING BOX LARGE,7674.799999999999,532,163,17.17723926380368
84970S,HANGING HEART ZINC T-LIGHT HOLDER,7672.41,8905,537,1.1395555555555557
84406B,CREAM CUPID HEARTS COAT HANGER,7657.320000000001,2016,284,4.311045296167247
84949,SILVER HANGING T-LIGHT HOLDER,7642.44,4801,290,1.8603061224489794
21231,SWEETHEART CERAMIC TRINKET BOX,7628.530000000001,6063,509,1.568929961089494
22991,GIRAFFE WOODEN RULER,7608.79,3889,274,2.27135231316726
21955,DOORMAT UNION JACK GUNS AND ROSES,7597.02,1230,206,9.15847619047619
22750,FELTCRAFT PRINCESS LOLA DOLL,7563.08,2020,413,4.054037558685446
22585,PACK OF 6 BIRDY GIFT TAGS,7561.64,6232,395,1.4707692307692308
22627,MINT KITCHEN SCALES,7547.39,855,357,9.527555555555555
21668,RED STRIPE CERAMIC DRAWER KNOB,7527.66,5528,437,1.6665848214285715
22367,CHILDRENS APRON SPACEBOY DESIGN,7520.28,3755,550,2.4203577817531308
22381,TOY TIDY PINK POLKADOT,7437.9400000000005,3441,469,3.016378947368421
84836,ZINC METAL HEART DECORATION,7426.82,5944,535,1.3636727272727271
22741,FUNKY DIVA PEN,7363.86,8547,233,1.107905982905983
23382,BOX OF 6 CHRISTMAS CAKE DECORATIONS,7356.18,1875,220,4.660950226244344
21169,YOU'RE CONFUSING ME METAL SIGN,7320.36,4424,450,2.2363793103448275
23083,SET 6 PAPER TABLE LANTERN STARS,7254.650000000001,1933,246,4.234640000000001
23240,SET OF 4 KNICK KNACK TINS DOILEY,7252.9400000000005,1820,182,4.2598924731182795
20969,RED FLORAL FELTCRAFT SHOULDER BAG,7236.93,1962,305,4.265194805194805
22631,CIRCUS PARADE LUNCH BOX,7207.37,3681,396,2.609975308641975
22634,CHILDS BREAKFAST SET SPACEBOY,7191.15,766,222,10.308149779735682
22485,SET OF 2 WOODEN MARKET CRATES,7190.349999999999,526,208,15.007980769230768
22553,PLASTERS IN TIN SKULLS,7176.669999999999,4269,560,1.9667692307692306
22767,TRIPLE PHOTO FRAME CORNICE,7173.549999999999,774,218,10.27288990825688
21787,RAIN PONCHO RETROSPOT,7163.65,8878,243,1.0523694779116464
22834,HAND WARMER BABUSHKA DESIGN,7136.2300000000005,4970,368,2.224142480211082
21669,BLUE STRIPE CERAMIC DRAWER KNOB,7136.0,5285,425,1.5910430839002268
22637,PIGGY BANK RETROSPOT,7121.38,2764,329,3.1076276276276276
21259,VICTORIAN SEWING BOX SMALL,7106.950000000001,1184,285,7.00637630662021
22505,MEMO BOARD COTTAGE DESIGN,7104.22,1461,311,5.656466876971608
23320,GIANT 50'S CHRISTMAS CRACKER,7072.16,2668,333,2.8023837209302327
21912,VINTAGE SNAKES & LADDERS,7062.7,1790,396,4.933082706766917
22950,36 DOILIES VINTAGE CHRISTMAS,7061.73,5172,177,1.5780337078651685
22663,JUMBO BAG DOLLY GIRL DESIGN,7053.28,3420,450,2.574646017699115
22333,RETROSPOT PARTY BAG + STICKER SET,7047.24,4494,317,1.8763975155279502
22946,WOODEN ADVENT CALENDAR CREAM,7047.17,454,137,18.14956834532374
23215,JINGLE BELL HEART ANTIQUE SILVER,7044.64,3567,210,2.2590740740740745
22839,3 TIER CAKE TIN GREEN AND CREAM,7011.57,447,201,18.563333333333333
23293,SET OF 12 FAIRY CAKE BAKING CASES,7001.99,8486,552,1.061832740213523
22170,PICTURE FRAME WOOD TRIPLE PORTRAIT,6977.6,1068,265,7.740037735849057
21922,UNION STRIPE WITH FRINGE  HAMMOCK,6952.31,899,208,9.181190476190476
21877,HOME SWEET HOME MUG,6942.33,5418,349,1.7151267605633802
21165,BEWARE OF THE CAT METAL SIGN,6939.08,4156,449,2.1548577680525165
21094,SET/6 RED SPOTTY PAPER PLATES,6933.259999999999,8758,527,0.9860338345864661
22109,FULL ENGLISH BREAKFAST PLATE,6928.65,1642,296,5.4869102990033225
22840,ROUND CAKE TIN VINTAGE RED,6927.64,916,271,8.361459854014598
21257,VICTORIAN SEWING BOX MEDIUM,6909.37,689,261,11.25
22294,HEART FILIGREE DOVE  SMALL,6901.33,5534,299,1.4488216560509555
21326,AGED GLASS SILVER T-LIGHT HOLDER,6890.47,10583,340,0.8180857142857142
84997A,CHILDRENS CUTLERY POLKADOT GREEN,6864.42,1728,186,4.607849462365592
22580,ADVENT CALENDAR GINGHAM SACK,6860.09,1313,246,5.730322580645161
75049L,LARGE CIRCULAR MIRROR MOBILE,6827.98,7114,205,1.6716587677725117
21672,WHITE SPOT RED CERAMIC DRAWER KNOB,6815.9,5022,409,1.685942720763723
23297,SET 40 HEART SHAPE PETIT FOUR CASES,6792.23,4303,161,1.8389570552147239
22620,4 TRADITIONAL SPINNING TOPS,6789.46,4894,483,1.6581616161616162
22943,CHRISTMAS LIGHTS 10 VINTAGE BAUBLES,6785.17,1361,209,6.251800947867298
23254,CHILDRENS CUTLERY DOLLY GIRL,6782.76,1674,291,4.267926421404683
23541,WALL ART CLASSIC PUDDINGS,6762.71,864,150,9.736866666666666
23008,DOLLY GIRL BABY GIFT SET,6753.509999999999,435,133,16.138296296296296
23480,MINI LIGHTS WOODLAND MUSHROOMS,6726.64,1800,215,4.422590909090909
23247,BISCUIT TIN 50'S CHRISTMAS,6715.93,2206,309,3.280507936507937
22668,PINK BABY BUNTING,6710.42,2190,345,4.112298850574712
21533,RETROSPOT LARGE MILK JUG,6701.22,1361,339,5.293200000000001
85014A,BLACK/BLUE POLKADOT UMBRELLA,6684.67,1164,278,6.485985663082438
21871,SAVE THE PLANET MUG,6681.21,5454,357,1.8124033149171273
84988,SET OF 72 PINK HEART PAPER DOILIES,6672.7,4312,510,2.1457421875
21888,BINGO SET,6667.04,1690,378,4.719605263157895
20718,RED RETROSPOT SHOPPER BAG,6613.04,4776,575,1.775645438898451
84992,72 SWEETHEART FAIRY CAKE CASES,6555.33,13360,615,0.681826625386997
23229,VINTAGE DONKEY TAIL GAME,6550.17,1815,252,4.252261904761904
22508,DOORSTOP RETROSPOT HEART,6544.63,1599,296,4.553733333333333
82486,3 DRAWER ANTIQUE WHITE WOOD CABINET,6529.54,742,202,9.286923076923076
21122,SET/10 PINK POLKADOT PARTY CANDLES,6496.04,5331,344,1.371267605633803
23311,VINTAGE CHRISTMAS STOCKING,6488.2,2390,344,2.9656772334293944
84946,ANTIQUE SILVER TEA GLASS ETCHED,6478.01,4558,216,1.6141255605381166
22141,CHRISTMAS CRAFT TREE TOP ANGEL,6474.290000000001,2796,457,2.59680170575693
23103,JINGLE BELL HEART DECORATION,6472.36,3828,356,1.8457219251336898
22804,CANDLEHOLDER PINK HANGING HEART,6471.240000000001,2262,398,3.152214111922141
23553,LANDMARK FRAME CAMDEN TOWN,6457.15,569,68,13.290579710144927
84030E,ENGLISH ROSE HOT WATER BOTTLE,6452.94,1506,334,4.933430232558139
20676,RED RETROSPOT BOWL,6441.06,5076,448,1.6275657894736841
23571,TRADITIONAL NAUGHTS & CROSSES,6436.61,2859,257,1.8867164179104476
23134,LARGE ZINC HEART WALL ORGANISER,6431.110000000001,1065,38,7.9068421052631574
22635,CHILDS BREAKFAST SET DOLLY GIRL,6422.28,682,194,10.3659693877551
84970L,SINGLE HEART ZINC T-LIGHT HOLDER,6412.7699999999995,6065,457,1.3049237472766886
22784,LANTERN CREAM GAZEBO,6405.54,1281,299,5.661391585760518
22979,PANTRY WASHING UP BRUSH,6401.969999999999,4097,381,1.811820512820513
23307,SET OF 60 PANTRY DESIGN CAKE CASES,6379.59,12063,629,0.6812844036697248
23172,REGENCY TEA PLATE PINK,6360.909999999999,3871,305,2.066470588235294
22303,COFFEE MUG APPLES DESIGN,6353.55,2822,261,2.7615589353612164
22895,SET OF 2 TEA TOWELS APPLE AND PEARS,6349.95,2063,284,3.5946735395189
22151,PLACE SETTING WHITE HEART,6332.29,15150,332,0.5775
21154,RED RETROSPOT OVEN GLOVE,6321.76,4035,451,1.944553376906318
21380,WOODEN HAPPY BIRTHDAY GARLAND,6316.360000000001,2168,290,3.484470989761092
21935,SUKI  SHOULDER BAG,6298.61,3393,530,2.336911487758945
22826,LOVE SEAT ANTIQUE WHITE METAL,6210.0,58,41,114.02439024390245
23169,CLASSIC GLASS COOKIE JAR,6191.6900000000005,1439,300,4.74947194719472
23192,BUNDLE OF 3 ALPHABET EXERCISE BOOKS,6142.289999999999,3533,345,1.7722408963585432
21670,BLUE SPOT CERAMIC DRAWER KNOB,6141.29,4370,374,1.7038320209973752
21975,PACK OF 60 DINOSAUR CAKE CASES,6117.910000000001,12340,601,0.6237147335423198
23118,PARISIENNE JEWELLERY DRAWER,6102.18,813,258,8.39046511627907
21156,RETROSPOT CHILDRENS APRON,6093.05,3171,358,2.373711911357341
21671,RED SPOT CERAMIC DRAWER KNOB,6078.54,4421,369,1.7235026737967916
21673,WHITE SPOT BLUE CERAMIC DRAWER KNOB,6071.75,4395,365,1.6788800000000001
47591D,PINK FAIRY CAKE CHILDRENS APRON,6060.25,3211,439,2.156004514672686
23534,WALL ART STOP FOR TEA,6042.150000000001,870,219,7.858868778280544
17003,BROCADE RING PURSE,6036.39,23056,239,0.363099173553719
22366,DOORMAT AIRMAIL,6034.9,800,220,9.812318181818181
22174,PHOTO CUBE,6013.429999999999,3239,321,2.579516616314199
21535,RED RETROSPOT SMALL MILK JUG,6011.51,2497,343,2.755014164305949
48129,DOORMAT TOPIARY,6009.84,904,205,8.774320388349514
23296,SET OF 6 TEA TIME BAKING CASES,5988.05,4981,378,1.5235248041775458
23535,WALL ART BICYCLE SAFETY,5983.9,850,173,7.806573033707866
23312,VINTAGE CHRISTMAS GIFT SACK,5968.3,1424,214,4.450913242009133
22783,SET 3 WICKER OVAL BASKETS W LIDS,5961.25,463,33,14.623939393939393
23052,RECYCLED ACAPULCO MAT TURQUOISE,5949.34,654,278,9.784460431654676
22150,3 STRIPEY MICE FELTCRAFT,5925.389999999999,3030,468,2.270918580375783
23154,SET OF 4 JAM JAR MAGNETS,5907.360000000001,2732,235,2.2028915662650603
23113,PANTRY CHOPPING BOARD,5868.5,1154,57,6.361754385964912
22971,QUEENS GUARD COFFEE MUG,5849.29,2431,272,2.7821167883211677
23485,BOTANICAL GARDENS WALL CLOCK,5843.92,262,83,24.791807228915662
22207,FRYING PAN UNION FLAG,5837.84,1334,208,6.171244019138756
22751,FELTCRAFT PRINCESS OLIVIA DOLL,5812.72,1566,290,4.232619047619048
22796,PHOTO FRAME 3 CLASSIC HANGING,5807.349999999999,584,232,10.459787234042553
22779,WOODEN OWLS LIGHT GARLAND,5802.6,1540,149,4.184805194805195
22740,POLKADOT PEN,5793.62,6842,170,1.1349411764705881
22365,DOORMAT RESPECTABLE HOUSE,5762.28,790,179,9.915999999999999
84997B,RED 3 PIECE RETROSPOT CUTLERY SET,5729.110000000001,1580,108,4.0714678899082575
62018,SOMBRERO,5716.85,4415,61,1.812295081967213
21242,RED RETROSPOT PLATE,5704.78,3376,304,2.0817589576547233
22646,CERAMIC STRAWBERRY CAKE MONEY BANK,5695.7699999999995,4168,390,2.05146835443038
22907,PACK OF 20 NAPKINS PANTRY DESIGN,5681.9,6587,670,0.9877809388335703
22088,PAPER BUNTING COLOURED LACE,5661.05,1893,238,3.5898333333333334
22837,HOT WATER BOTTLE BABUSHKA,5625.38,1166,177,5.565
22418,10 COLOUR SPACEBOY PEN,5585.45,6564,318,1.0559561128526644
22488,NATURAL SLATE RECTANGLE CHALKBOARD,5575.33,3196,415,2.07055023923445
21558,SKULL LUNCH BOX WITH CUTLERY,5568.07,2138,412,3.362624113475177
22798,ANTIQUE GLASS DRESSING TABLE POT,5564.25,1799,267,3.7782089552238807
23531,WALL ART BIG LOVE,5559.11,979,112,7.655438596491228
22429,ENAMEL MEASURING JUG CREAM,5549.68,1272,376,4.834341085271317
23177,TREASURE ISLAND BOOK BOX,5528.04,2535,267,2.6971062271062274
23133,LARGE IVORY HEART WALL ORGANISER,5525.4,782,155,9.162451612903226
22464,HANGING METAL HEART LANTERN,5519.419999999999,3423,351,1.935933147632312
23158,SET OF 5 LUCKY CAT MAGNETS,5517.99,2635,255,2.670194552529183
23583,LUNCH BAG PAISLEY PARK,5513.83,3395,325,1.7993491124260355
22964,3 PIECE SPACEBOY COOKIE CUTTER SET,5481.09,2628,378,2.527213541666667
22904,CALENDAR PAPER CUT DESIGN,5479.06,1838,271,3.34726618705036
22297,HEART IVORY TRELLIS SMALL,5468.66,4171,378,1.7389717223650387
23135,SMALL ZINC HEART WALL ORGANISER,5416.18,1541,45,5.675777777777777
22827,RUSTIC  SEVENTEEN DRAWER SIDEBOARD,5415.0,35,26,158.07692307692307
23205,CHARLOTTE BAG VINTAGE ALPHABET,5407.58,5459,445,1.1629777777777779
22584,PACK OF 6 PANNETONE GIFT BOXES,5405.98,2100,178,3.092596685082873
22845,VINTAGE CREAM CAT FOOD CONTAINER,5403.28,803,316,7.841918238993711
22349,DOG BOWL CHASING BALL DESIGN,5389.0199999999995,1368,131,4.126992481203008
23494,VINTAGE DOILY DELUXE SEWING KIT,5377.81,813,205,6.8045673076923086
21172,PARTY METAL SIGN,5345.88,3490,467,2.016471816283925
22998,TRAVEL CARD WALLET KEEP CALM,5314.9,12490,534,0.4961721611721611
22120,WELCOME  WOODEN BLOCK LETTERS,5276.94,526,188,10.983141361256543
22296,HEART IVORY TRELLIS LARGE,5274.119999999999,3156,318,1.8760843373493976
22623,BOX OF VINTAGE JIGSAW BLOCKS,5248.21,939,235,6.206666666666667
84997D,PINK 3 PIECE POLKADOT CUTLERY SET,5234.56,1437,115,4.105304347826087
22848,BREAD BIN DINER STYLE PINK,5225.4,324,128,18.202248062015503
23132,SMALL IVORY HEART WALL ORGANISER,5219.1,1034,152,6.213032258064516
22772,PINK DRAWER KNOB ACRYLIC EDWARDIAN,5211.7,3869,254,1.660229007633588
22781,GUMBALL MAGAZINE RACK,5198.66,622,232,9.826437768240343
22665,RECIPE BOX BLUE SKETCHBOOK DESIGN,5195.030000000001,1517,356,4.049607843137255
23263,SET OF 3 WOODEN HEART DECORATIONS,5184.69,3893,445,1.4427104722792607
22689,DOORMAT MERRY CHRISTMAS RED,5176.25,673,146,10.198027210884353
22898,CHILDRENS APRON APPLES DESIGN,5174.32,2426,365,2.553575268817204
21844,RED RETROSPOT MUG,5170.64,1848,156,3.3102531645569617
23157,SET OF 6 NATIVITY MAGNETS,5170.1,2570,163,2.3583040935672512
21428,SET3 BOOK BOX GREEN GINGHAM FLOWER,5167.88,1208,262,5.433764258555133
21164,HOME SWEET HOME METAL SIGN,5161.88,1768,282,3.2902097902097904
23165,LARGE CERAMIC TOP STORAGE JAR,5147.66,3118,280,1.9743356643356642
23162,REGENCY TEA STRAINER,5143.6900000000005,1412,176,4.422272727272728
22302,COFFEE MUG PEARS  DESIGN,5136.84,2330,212,2.7257476635514015
37449,CERAMIC CAKE STAND + HANGING CAKES,5127.24,564,154,9.906774193548387
22595,GINGHAM HEART DECORATION,5125.46,6152,413,1.0077251184834124
23397,FOOT STOOL HOME SWEET HOME,5097.65,489,217,11.573870967741934
21098,CHRISTMAS TOILET ROLL,5093.76,3731,248,1.6802602230483272
22371,AIRLINE BAG VINTAGE TOKYO 78,5093.57,1091,392,5.196949999999999
21756,BATH BUILDING BLOCK WORD,5089.56,823,270,6.589366197183099
23234,BISCUIT TIN VINTAGE CHRISTMAS,5088.45,1725,277,3.375714285714286
23126,FELTCRAFT GIRL AMELIE KIT,5083.89,1012,275,5.394574468085106
23295,SET OF 12 MINI LOAF BAKING CASES,5078.429999999999,6140,444,1.1086593406593406
23198,PANTRY MAGNETIC  SHOPPING LIST,5068.4,3346,475,1.7967280163599182
23109,PACK OF SIX LED TEA LIGHTS,5048.72,1766,203,3.255190476190476
22780,LIGHT GARLAND BUTTERFILES PINK,5044.34,1346,132,4.1853731343283584
23314,VINTAGE CHRISTMAS TABLECLOTH,5037.96,409,117,13.598571428571429
22301,COFFEE MUG CAT + BIRD DESIGN,5031.83,2225,252,3.1765624999999997
21907,I'M ON HOLIDAY METAL SIGN,5031.38,2373,367,2.2993513513513513
22957,SET 3 PAPER VINTAGE CHICK PAPER EGG,5023.5,1778,214,3.113287671232877
22271,FELTCRAFT DOLL ROSIE,5022.1,1706,301,3.3735064935064933
22636,CHILDS BREAKFAST SET CIRCUS PARADE,5009.56,595,198,8.927575757575758
23543,WALL ART KEEP CALM,5003.040000000001,968,83,8.66360465116279
21932,SCANDINAVIAN PAISLEY PICNIC BAG,5001.98,2724,446,2.0661674008810573
22849,BREAD BIN DINER STYLE MINT,5001.83,321,128,16.93307692307692
23310,BUBBLEGUM RING ASSORTED,4997.28,12050,245,0.47804878048780486
23556,LANDMARK FRAME COVENT GARDEN,4974.51,439,53,12.611785714285714
21933,PINK VINTAGE PAISLEY PICNIC BAG,4964.03,2676,410,2.0648218527315914
22142,CHRISTMAS CRAFT WHITE FAIRY,4950.54,3250,377,1.7481491002570693
23570,TRADITIONAL PICK UP STICKS GAME,4944.37,2782,276,1.4267918088737201
84212,"ASSORTED FLOWER COLOUR ""LEIS""",4934.87,10315,111,0.8927927927927929
22110,BIRD HOUSE HOT WATER BOTTLE,4914.69,1173,279,4.046262975778546
21937,STRAWBERRY   PICNIC BAG,4901.8,1708,251,3.4037549407114627
22748,POPPY'S PLAYHOUSE KITCHEN,4897.63,2125,436,2.4748322147651005
23010,CIRCUS PARADE BABY GIFT SET,4896.549999999999,316,111,16.302410714285713
23351,ROLL WRAP 50'S CHRISTMAS,4880.65,3539,354,1.5081440443213299
21124,SET/10 BLUE POLKADOT PARTY CANDLES,4868.05,4015,240,1.297479674796748
23503,PLAYING CARDS KEEP CALM & CARRY ON,4864.3,3646,335,1.2790434782608695
21086,SET/6 RED SPOTTY PAPER CUPS,4861.900000000001,7137,428,0.9575626423690206
21033,JUMBO BAG CHARLIE AND LOLA TOYS,4853.81,1933,300,3.199169435215947
21390,FILIGRIS HEART WITH BUTTERFLY,4851.88,3906,212,1.4702262443438914
21876,POTTERING MUG,4834.51,3796,333,2.088184523809524
23554,LANDMARK FRAME OXFORD STREET,4830.53,424,57,13.028474576271186
23555,LANDMARK FRAME NOTTING HILL,4818.07,424,50,12.87537037037037
22549,PICTURE DOMINOES,4799.83,3189,356,1.9781818181818183
23159,SET OF 5 PANCAKE DAY MAGNETS,4771.76,2321,223,2.3136521739130433
23184,BULL DOG BOTTLE OPENER,4764.5,874,264,6.4533082706766915
84050,PINK HEART SHAPE EGG FRYING PAN,4761.78,3234,256,2.1594656488549617
21539,RED RETROSPOT BUTTER DISH,4758.75,972,238,5.470206611570248
22243,5 HOOK HANGER RED MAGIC TOADSTOOL,4753.29,3099,131,1.9241044776119403
23569,TRADTIONAL ALPHABET STAMP SET,4752.31,961,192,5.2929702970297035
20677,PINK POLKADOT BOWL,4749.84,3676,333,1.647787610619469
23286,BLUE VINTAGE SPOT BEAKER,4747.62,5048,222,1.03009009009009
23558,LANDMARK FRAME LONDON BRIDGE,4741.37,418,52,13.091272727272727
20979,36 PENCILS TUBE RED RETROSPOT,4729.9800000000005,3739,325,1.5846200607902736
23389,SPACEBOY MINI BACKPACK,4726.59,1109,233,4.529750000000001
22645,CERAMIC HEART FAIRY CAKE MONEY BANK,4721.73,2363,351,2.2616759776536313
22082,RIBBON REEL STRIPES DESIGN,4716.33,2713,409,1.9760187353629977
23241,TREASURE TIN GYMKHANA DESIGN,4709.07,2184,363,2.47644385026738
23176,ABC TREASURE BOOK BOX,4697.58,2167,226,2.659606986899563
82001S,VINYL RECORD FRAME SILVER,4682.45,1295,101,4.223725490196078
82552,WASHROOM METAL SIGN,4680.63,3016,364,1.6557681940700808
22721,SET OF 3 CAKE TINS SKETCHBOOK,4678.71,1022,297,5.3833
22745,POPPY'S PLAYHOUSE BEDROOM,4678.59,2029,423,2.5380600461893765
22504,CABIN BAG VINTAGE RETROSPOT,4674.62,247,68,22.484117647058824
22606,WOODEN SKITTLES GARDEN SET,4670.36,315,142,16.466620689655173
47599A,PINK PARTY BAGS,4649.5,2456,165,2.2805988023952097
22295,HEART FILIGREE DOVE LARGE,4643.669999999999,2807,250,1.9016538461538461
22628,PICNIC BOXES SET OF 3 RETROSPOT,4625.860000000001,966,190,5.66359375
22775,PURPLE DRAWERKNOB ACRYLIC EDWARDIAN,4621.87,3227,237,1.7203543307086613
21833,CAMOUFLAGE LED TORCH,4594.43,2726,168,2.109345238095238
23285,PINK VINTAGE SPOT BEAKER,4572.41,4807,191,1.06703125
22417,PACK OF 60 SPACEBOY CAKE CASES,4566.54,8426,520,0.7649530956848031
23404,HOME SWEET HOME BLACKBOARD,4561.76,1011,169,6.0208875739644965
23275,SET OF 3 HANGING OWLS OLLIE BEAK,4557.97,3749,325,1.4692375366568915
82551,LAUNDRY 15C METAL SIGN,4542.889999999999,2918,351,1.7629745042492915
20974,12 PENCILS SMALL TUBE SKULL,4531.9800000000005,6983,355,0.7512261580381471
23309,SET OF 60 I LOVE LONDON CAKE CASES,4527.2,8332,407,0.7388372093023255
23163,REGENCY SUGAR TONGS,4515.22,1832,209,3.329234449760766
23112,PARISIENNE CURIO CABINET,4514.58,547,241,9.160330578512397
22938,CUPCAKE LACE PAPER SET 6,4488.63,2367,186,2.093191489361702
21934,SKULL SHOULDER BAG,4480.28,2421,411,2.140631067961165
23167,SMALL CERAMIC TOP STORAGE JAR,4476.009999999999,5847,231,1.0025210084033613
84987,SET OF 36 TEATIME PAPER DOILIES,4474.07,3053,334,1.9802976190476191
21906,PHARMACIE FIRST AID TIN,4470.8099999999995,581,173,9.662068965517241
22942,CHRISTMAS LIGHTS 10 SANTAS,4469.04,609,152,8.338701298701299
22089,PAPER BUNTING VINTAGE PAISLEY,4460.38,1424,272,3.500618181818182
23288,GREEN VINTAGE SPOT BEAKER,4444.2300000000005,4625,185,1.0418817204301074
23530,WALL ART ONLY ONE PERSON,4436.27,1056,86,5.577586206896552
22626,BLACK KITCHEN SCALES,4427.36,520,199,9.15920792079208
20975,12 PENCILS SMALL TUBE RED RETROSPOT,4387.820000000001,6640,362,0.736918918918919
15056P,EDWARDIAN PARASOL PINK,4366.820000000001,778,144,6.346712328767123
23349,ROLL WRAP VINTAGE CHRISTMAS,4355.1,3231,337,1.538448275862069
84997C,BLUE 3 PIECE POLKADOT CUTLERY SET,4346.27,1201,102,3.916372549019608
22327,ROUND SNACK BOXES SET OF 4 SKULLS,4336.7,1178,287,4.297718120805369
16014,SMALL CHINESE STYLE SCISSOR,4335.76,13328,54,0.4014814814814815
84692,BOX OF 24 COCKTAIL PARASOLS,4329.48,7908,583,0.6763025210084033
22899,CHILDREN'S APRON DOLLY GIRL,4328.530000000001,2070,313,2.441740506329114
21498,RED RETROSPOT WRAP,4322.42,10551,336,0.4180415430267062
21892,TRADITIONAL WOODEN CATCH CUP GAME,4322.16,3196,412,1.6017535545023696
23168,CLASSIC CAFE SUGAR DISPENSER,4312.6,3076,325,1.7969184290030211
23050,RECYCLED ACAPULCO MAT GREEN,4286.55,497,205,9.223268292682926
22723,SET OF 6 HERB TINS SKETCHBOOK,4282.570000000001,1169,295,4.295412541254126
22694,WICKER STAR,4260.12,1846,405,2.5450120481927714
20970,PINK FLORAL FELTCRAFT SHOULDER BAG,4235.88,1117,262,4.191969696969697
22661,CHARLOTTE BAG DOLLY GIRL DESIGN,4231.95,5214,415,0.9764845605700712
22061,LARGE CAKE STAND  HANGING STRAWBERY,4228.01,583,146,10.287278911564625
23089,GLASS BON BON JAR,4217.73,2355,225,2.378296943231441
22801,ANTIQUE GLASS PEDESTAL BOWL,4215.14,1030,220,4.720442477876106
23012,GLASS APOTHECARY BOTTLE PERFUME,4208.96,1074,246,4.621792828685258
23144,ZINC T-LIGHT HOLDER STARS SMALL,4197.83,5089,274,0.9436727272727272
22550,HOLIDAY FUN LUDO,4194.89,1162,217,4.441428571428571
20682,RED RETROSPOT CHILDRENS UMBRELLA,4190.83,1241,237,4.015271966527196
22813,PACK 3 BOXES BIRD PANNETONE,4188.94,2168,187,2.5172727272727276
23110,PARISIENNE KEY CABINET,4158.68,702,255,6.658793774319066
72760B,VINTAGE CREAM 3 BASKET CAKE STAND,4155.34,410,153,11.095454545454544
21874,GIN AND TONIC MUG,4149.929999999999,2981,295,2.0090572390572388
22649,STRAWBERRY FAIRY CAKE TEAPOT,4147.7300000000005,798,200,6.020724637681159
23486,ANTIQUE HEART SHELF UNIT,4145.47,275,74,17.8127027027027
22596,CHRISTMAS STAR WISH LIST CHALKBOARD,4142.92,3502,262,1.2985820895522386
23283,DOORMAT VINTAGE LEAF,4122.2,564,142,9.177535211267607
22841,ROUND CAKE TIN VINTAGE GREEN,4109.72,530,213,8.439252336448599
23255,CHILDRENS CUTLERY CIRCUS PARADE,4101.37,1015,158,4.345723270440252
23193,BUFFALO BILL TREASURE BOOK BOX,4097.28,1930,175,2.714640883977901
23009,I LOVE LONDON BABY GIFT SET,4082.5199999999995,263,103,15.988252427184465
22577,WOODEN HEART CHRISTMAS SCANDINAVIAN,4075.9399999999996,10610,538,0.4976036036036035
22489,PACK OF 12 TRADITIONAL CRAYONS,4072.97,9721,443,0.5400669642857142
23340,VINTAGE CHRISTMAS CAKE FRILL,4053.8799999999997,2512,151,1.9569281045751632
21116,OWL DOORSTOP,4051.79,695,251,6.7411111111111115
21704,BAG 250g SWIRLY MARBLES,4039.2799999999997,5144,248,1.0033734939759036
22219,LOVEBIRD HANGING DECORATION WHITE,4037.9799999999996,4138,544,1.1797307001795332
72351B,SET/6 PINK  BUTTERFLY T-LIGHTS,4012.05,2098,186,2.381111111111111
22951,60 CAKE CASES DOLLY GIRL DESIGN,4010.55,7518,437,0.6718543046357617
22431,WATERING CAN BLUE ELEPHANT,4002.6099999999997,2060,334,2.316715976331361
22890,NOVELTY BISCUITS CAKE STAND 3 TIER,3999.5699999999997,391,165,11.253099415204678
23129,HEART SHAPED HOLLY WREATH,3999.5000000000005,950,172,4.576279069767442
22956,36 FOIL HEART CAKE CASES,3992.5800000000004,2055,198,2.215873786407767
22493,PAINT YOUR OWN CANVAS SET,3989.9399999999996,2463,220,1.911875
20675,BLUE POLKADOT BOWL,3984.37,3121,322,1.5859384615384613
23306,SET OF 36 DOILIES PANTRY DESIGN,3983.6,2741,244,1.7355510204081632
84792,ENCHANTED BIRD COATHANGER 5 HOOK,3978.9700000000003,834,241,5.529590163934427
22274,FELTCRAFT DOLL EMILY,3974.1300000000006,1347,267,3.318321167883212
22131,FOOD CONTAINER SET 3 LOVE HEART,3952.19,2039,291,2.795298013245033
23526,WALL ART DOG LICENCE,3939.76,604,114,8.880260869565218
23557,LANDMARK FRAME BAKER STREET,3930.27,350,32,13.181875
22148,EASTER CRAFT 4 CHICKS,3929.15,1939,186,2.2503125
22179,SET 10 NIGHT OWL LIGHTS,3915.48,506,170,8.935895953757225
22980,PANTRY SCRUBBING BRUSH,3914.9599999999996,2366,291,1.920909090909091
23081,GREEN METAL BOX ARMY SUPPLIES,3914.5,468,135,9.432720588235293
21716,BOYS VINTAGE TIN SEASIDE BUCKET,3913.72,1441,244,3.378414634146341
21041,RED RETROSPOT OVEN GLOVE DOUBLE,3909.63,921,255,4.375399239543726
21928,JUMBO BAG SCANDINAVIAN PAISLEY,3908.62,2059,144,2.7551369863013697
23049,RECYCLED ACAPULCO MAT RED,3896.84,456,186,8.921505376344086
22117,METAL SIGN HER DINNER IS SERVED,3896.4500000000003,1320,95,2.9212631578947374
23552,BICYCLE PUNCTURE REPAIR KIT,3883.99,1864,116,2.2625806451612904
22222,CAKE PLATE LOVEBIRD WHITE,3880.2,1057,222,5.441216216216216
22578,WOODEN STAR CHRISTMAS SCANDINAVIAN,3877.68,10462,512,0.47009398496240595
21749,LARGE RED RETROSPOT WINDMILL,3877.09,1963,140,2.531
22738,RIBBON REEL SNOWY VILLAGE,3856.07,2189,275,2.3265480427046263
22896,PEG BAG APPLES DESIGN,3853.7599999999998,1492,287,3.200684931506849
85049A,TRADITIONAL CHRISTMAS RIBBONS,3847.36,3005,323,1.4875528700906344
37370,RETRO COFFEE MUGS ASSORTED,3844.81,2571,159,5.331626506024096
23111,PARISIENNE SEWING BOX,3839.2400000000002,312,138,13.468920863309354
23194,GYMKHANA TREASURE BOOK BOX,3824.5299999999997,1719,200,2.7398067632850243
22842,BISCUIT TIN VINTAGE RED,3823.21,589,162,7.2198765432098755
22809,SET OF 6 T-LIGHTS SANTA,3822.5000000000005,1254,204,3.4934285714285713
21110,LARGE CAKE TOWEL PINK SPOTS,3822.45,1106,134,6.262426470588235
22350,ILLUSTRATED CAT BOWL,3822.1199999999994,1410,120,3.13900826446281
22383,LUNCH BAG SUKI  DESIGN,3791.86,2220,200,2.4265533980582523
85049E,SCANDINAVIAN REDS RIBBONS,3791.11,2866,409,1.490356294536817
21244,BLUE POLKADOT PLATE,3789.3199999999997,2282,196,2.0589847715736043
23253,16 PIECE CUTLERY SET PANTRY DESIGN,3785.06,254,69,17.16623188405797
23092,LARGE ANTIQUE WHITE PHOTO FRAME,3773.5800000000004,525,135,8.099485294117647
23299,FOOD COVER WITH BEADS SET 2,3772.88,1012,145,4.366258503401361
21746,SMALL RED RETROSPOT WINDMILL,3766.93,3075,226,1.469078947368421
21527,RED RETROSPOT TRADITIONAL TEAPOT,3756.79,481,144,8.510268456375838
23236,STORAGE TIN VINTAGE DOILY,3751.02,1288,190,3.3870149253731348
22195,LARGE HEART MEASURING SPOONS,3725.6099999999997,1979,373,2.350866141732283
21260,FIRST AID TIN,3722.23,1161,166,3.5810119047619047
21658,GLASS  BEURRE DISH,3721.63,881,212,5.604907407407408
23182,TOILET SIGN OCCUPIED OR VACANT,3718.0899999999997,3777,433,1.5163004484304932
22212,FOUR HOOK  WHITE LOVEBIRDS,3713.54,1615,399,2.828609756097561
22854,CREAM SWEETHEART EGG HOLDER,3708.52,767,161,5.392760736196319
21531,RED RETROSPOT SUGAR JAM BOWL,3692.37,1520,246,2.8972222222222217
21890,S/6 WOODEN SKITTLES IN COTTON BAG,3689.46,1152,231,3.8453781512605043
23013,GLASS APOTHECARY BOTTLE TONIC,3678.11,925,223,4.669733333333333
23130,MISTLETOE HEART WREATH GREEN,3676.1800000000003,882,179,4.532011173184357
22926,IVORY GIANT GARDEN THERMOMETER,3674.7000000000003,597,195,6.2844221105527645
85053,FRENCH ENAMEL CANDLEHOLDER,3666.2900000000004,1701,317,2.6072121212121213
22378,WALL TIDY RETROSPOT,3649.0699999999997,2288,293,3.019050847457627
23085,ANTIQUE SILVER BAUBLE LAMP,3635.23,381,78,10.82
22468,BABUSHKA LIGHTS STRING OF 10,3633.17,517,153,8.304117647058824
23294,SET OF 6 SNACK LOAF BAKING CASES,3631.0499999999997,4420,354,1.0847945205479452
22466,FAIRY TALE COTTAGE NIGHTLIGHT,3626.45,2093,94,2.392736842105263
22236,CAKE STAND 3 TIER MAGIC GARDEN,3624.5999999999995,308,88,12.525
23210,WHITE ROCKING HORSE HAND PAINTED,3617.78,2902,192,1.4615942028985507
23032,DRAWER KNOB CRACKLE GLAZE IVORY,3608.5799999999995,2162,194,1.7765671641791043
22053,EMPIRE DESIGN ROSETTE,3606.4199999999996,4244,28,1.227857142857143
84968C,SET OF 16 VINTAGE PISTACHIO CUTLERY,3585.99,317,104,14.927403846153847
23091,ZINC HERB GARDEN CONTAINER,3585.39,567,204,6.727688679245283
22739,RIBBON REEL CHRISTMAS SOCK BAUBLE,3585.02,1835,318,2.3571472392638033
22348,TEA BAG PLATE RED RETROSPOT,3584.99,4086,358,1.0836914600550964
71477,COLOURED GLASS STAR T-LIGHT HOLDER,3584.9100000000003,1013,52,4.4712962962962965
23497,CLASSIC CHROME BICYCLE BELL,3582.97,2501,193,1.62465
21494,ROTATING LEAVES T-LIGHT HOLDER,3578.83,1934,313,2.5840186915887853
22908,PACK OF 20 NAPKINS RED APPLES,3573.83,4385,375,0.9666666666666666
23332,IVORY WICKER HEART LARGE,3570.7599999999998,2076,287,1.759833887043189
22800,ANTIQUE TALL SWIRLGLASS TRINKET POT,3564.49,871,203,4.949705882352942
20717,STRAWBERRY SHOPPER BAG,3564.48,2857,412,1.6720095693779904
85132C,CHARLIE AND LOLA FIGURES TINS,3562.3199999999997,1520,211,3.986509433962264
22180,RETROSPOT LAMP,3561.3399999999997,334,155,11.504679487179486
22669,RED BABY BUNTING,3559.0,1128,234,3.7677777777777783
23191,BUNDLE OF 3 RETRO NOTE BOOKS,3557.9399999999996,2158,276,1.8715277777777777
21974,SET OF 36 PAISLEY FLOWER DOILIES,3545.6,2219,360,2.144388888888889
21992,VINTAGE PAISLEY STATIONERY SET,3529.12,1913,436,2.05317880794702
21703,BAG 125g SWIRLY MARBLES,3528.89,9390,294,0.495738255033557
22688,DOORMAT PEACE ON EARTH BLUE,3519.6600000000003,705,32,9.140625
23353,6 GIFT TAGS VINTAGE CHRISTMAS,3517.5199999999995,4016,327,0.9968358208955224
23189,SET OF 12 FORK CANDLES,3507.51,1249,141,3.3956338028169015
21715,GIRLS VINTAGE TIN SEASIDE BUCKET,3507.17,1330,231,3.261293103448276
22760,"TRAY, BREAKFAST IN BED",3491.8599999999997,275,80,14.710749999999999
21238,RED RETROSPOT CUP,3488.44,3969,387,1.0694117647058823
21745,GAOLERS KEYS DECORATIVE GARDEN,3486.98,938,214,3.965045871559633
82580,BATHROOM METAL SIGN,3474.31,5883,631,0.8297641509433963
22065,CHRISTMAS PUDDING TRINKET POT,3470.83,6751,241,1.0530859375
22435,SET OF 9 HEART SHAPED BALLOONS,3456.75,2766,266,1.4585401459854015
23350,ROLL WRAP VINTAGE SPOT,3456.33,2721,305,1.4592675159235668
47567B,TEA TIME KITCHEN APRON,3456.15,609,133,6.32113475177305
23426,METAL SIGN DROP YOUR PANTS,3450.21,1277,206,3.330238095238095
21588,RETROSPOT GIANT TUBE MATCHES,3450.15,1497,132,2.527173913043478
21243,PINK  POLKADOT PLATE,3449.6,2065,185,2.1288709677419355
84508A,CAMOUFLAGE DESIGN TEDDY,3448.05,1631,36,2.4124999999999996
21385,IVORY HANGING DECORATION  HEART,3447.5499999999997,3889,317,1.1054848484848485
21463,MIRRORED DISCO BALL,3446.9500000000003,651,134,5.799632352941177
22300,COFFEE MUG DOG + BALL DESIGN,3444.91,1542,196,3.111507537688442
23156,SET OF 5 MINI GROCERY MAGNETS,3437.85,1672,205,2.2572169811320757
23354,6 GIFT TAGS 50'S CHRISTMAS,3431.89,3743,322,0.971355421686747
21497,FANCY FONTS BIRTHDAY WRAP,3430.0,8600,230,0.4182758620689655
23388,WOODLAND MINI BACKPACK,3427.94,820,152,4.631161290322581
23014,GLASS APOTHECARY BOTTLE ELIXIR,3427.4800000000005,858,209,4.855258215962442
23127,FELTCRAFT GIRL NICOLE KIT,3427.3500000000004,669,182,5.2780000000000005
22311,OFFICE MUG WARMER BLACK+SILVER,3418.51,1137,142,4.0442281879194635
84509A,SET OF 4 ENGLISH ROSE PLACEMATS,3417.28,896,230,4.501217391304348
22782,SET 3 WICKER STORAGE BASKETS,3399.95,241,74,19.355405405405406
23239,SET OF 4 KNICK KNACK TINS POPPIES,3399.4900000000002,853,178,4.387096774193548
21429,RED GINGHAM ROSE JEWELLERY BOX,3398.95,1744,286,2.319249146757679
22029,SPACEBOY BIRTHDAY CARD,3397.65,8185,527,0.5240377358490567
84032A,CHARLIE+LOLA PINK HOT WATER BOTTLE,3390.88,1005,313,3.4939556962025313
22653,BUTTON BOX,3380.45,1877,250,1.9483464566929134
79000,MOROCCAN TEA GLASS,3377.74,4186,125,1.01251968503937
23188,VINTAGE  2 METRE FOLDING RULER,3375.7,1628,152,1.9970967741935484
22776,SWEETHEART 3 TIER CAKE STAND,3371.58,284,158,12.072264150943397
21993,FLORAL FOLK STATIONERY SET,3363.34,1943,425,2.0158564814814817
22812,PACK 3 BOXES CHRISTMAS PANNETONE,3361.77,1650,161,2.74437125748503
22563,HAPPY STENCIL CRAFT,3358.1800000000003,2831,281,1.3471134020618556
22687,DOORMAT CHRISTMAS VILLAGE,3354.22,590,52,11.319807692307693
22432,WATERING CAN PINK BUNNY,3350.62,1720,277,2.243639575971731
22079,RIBBON REEL HEARTS DESIGN,3348.39,1911,323,2.036404833836858
22165,"DIAMANTE HEART SHAPED WALL MIRROR,",3328.2,415,146,11.87312925170068
22179,SET 10 LIGHTS NIGHT OWL,3317.4700000000003,461,119,9.038333333333332
23065,LARGE DECO JEWELLERY STAND,3314.94,264,95,12.991041666666668
23395,BELLE JARDINIERE CUSHION COVER,3305.83,761,210,4.867909090909091
22855,FINE WICKER HEART,3304.23,2644,237,1.5256903765690375
22962,JAM JAR WITH PINK LID,3294.91,3904,342,1.0569767441860465
22460,EMBOSSED GLASS TEALIGHT HOLDER,3289.75,2559,211,1.5460093896713616
22567,20 DOLLY PEGS RETROSPOT,3282.3,2470,222,1.563793103448276
22244,3 HOOK HANGER MAGIC GARDEN,3280.1099999999997,1705,159,2.8162962962962963
23308,SET OF 60 VINTAGE LEAF CAKE CASES,3279.21,6151,382,0.6923857868020304
22967,SET 3 SONG BIRD PAPER EGGS ASSORTED,3277.3100000000004,1173,138,3.0115827338129497
22430,ENAMEL WATERING CAN CREAM,3266.09,622,195,5.7471000000000005
23053,RECYCLED ACAPULCO MAT PINK,3262.57,365,164,9.809878787878787
21868,POTTING SHED TEA MUG,3262.25,2479,302,1.7523529411764707
22187,GREEN CHRISTMAS TREE CARD HOLDER,3245.68,1266,192,3.9398969072164944
22746,POPPY'S PLAYHOUSE LIVINGROOM,3244.94,1451,328,2.51021021021021
23393,HOME SWEET HOME CUSHION COVER,3230.41,807,229,4.465932203389831
23230,WRAP ALPHABET DESIGN,3228.42,8001,235,0.4173728813559322
23051,RECYCLED ACAPULCO MAT BLUE,3223.49,365,162,9.636790123456791
20973,12 PENCIL SMALL TUBE WOODLAND,3216.1200000000003,4506,355,0.7866756756756756
22360,GLASS JAR ENGLISH CONFECTIONERY,3210.52,1016,214,3.9109049773755657
21135,VICTORIAN  METAL POSTCARD SPRING,3207.69,2870,177,1.8930054644808745
22491,PACK OF 12 COLOURED PENCILS,3193.83,3959,219,0.9122072072072072
23342,MINT DINER WALL CLOCK,3176.41,373,162,8.831463414634145
21115,ROSE CARAVAN DOORSTOP,3174.84,566,162,7.439879518072289
23035,DRAWER KNOB CERAMIC IVORY,3173.89,2173,190,1.6429896907216495
23323,WHITE WICKER STAR,3155.1800000000003,1473,294,2.2493137254901963
22465,HANGING METAL STAR LANTERN,3153.0899999999997,2060,198,1.8738118811881188
72807C,SET/3 VANILLA SCENTED CANDLE IN BOX,3145.05,721,157,5.298535031847134
84968A,SET OF 16 VINTAGE ROSE CUTLERY,3139.2999999999997,267,98,13.837070707070707
21381,MINI WOODEN HAPPY BIRTHDAY GARLAND,3138.0,1815,224,2.3659565217391303
22778,GLASS CLOCHE SMALL,3131.02,804,142,4.9038775510204085
21561,DINOSAUR LUNCH BOX WITH CUTLERY,3127.38,1281,213,3.0350467289719627
23346,SPACEBOY BEAKER,3117.34,2632,184,1.5157978723404257
21240,BLUE POLKADOT CUP,3112.81,3573,325,1.11161094224924
20754,RETROSPOT RED WASHING UP GLOVES,3090.96,1458,304,2.5119155844155845
23461,SWEETHEART BIRD HOUSE,3082.71,857,94,4.525233644859814
20828,GLITTER BUTTERFLY CLIPS,3079.88,1130,241,3.1613599999999997
23188,VINTAGE  2 METER FOLDING RULER,3075.3699999999994,1845,181,1.8795652173913042
84997A,GREEN 3 PIECE POLKADOT CUTLERY SET,3069.46,845,74,4.073648648648648
22564,ALPHABET STENCIL CRAFT,3063.52,2702,186,1.35434554973822
23329,DECORATIVE WICKER HEART LARGE,3056.3399999999997,1778,233,1.7640996168582377
22810,SET OF 6 T-LIGHTS SNOWMEN,3045.6800000000003,952,165,3.5862130177514797
22604,SET OF 4 NAPKIN CHARMS CUTLERY,3044.76,1253,125,2.8502290076335877
23242,TREASURE TIN BUFFALO BILL,3037.11,1476,214,2.277085201793722
22972,CHILDREN'S SPACEBOY MUG,3032.99,1774,227,1.9855411255411255
22892,SET OF SALT AND PEPPER TOADSTOOLS,3029.1,2478,199,1.24525
22894,TABLECLOTH RED APPLES DESIGN,3027.3799999999997,305,122,10.172682926829268
23237,SET OF 4 KNICK KNACK TINS LEAF,3024.76,748,123,4.270645161290323
21810,CHRISTMAS HANGING STAR WITH BELL,3022.79,5945,252,0.7380223880597014
22592,CARDHOLDER HOLLY WREATH METAL,3021.12,658,135,5.085037037037037
22945,CHRISTMAS METAL TAGS ASSORTED,3019.12,3003,172,2.1957062146892654
21714,CITRONELLA CANDLE GARDEN POT,3018.15,1657,225,1.8920175438596492
23390,DOLLY GIRL MINI BACKPACK,3008.9900000000002,743,161,4.386904761904762
23236,DOILEY STORAGE TIN,3004.46,1094,122,3.103008130081301
22644,CERAMIC CHERRY CAKE MONEY BANK,3000.02,2223,276,2.123561151079137
16161P,WRAP ENGLISH ROSE,2990.92,7226,248,0.41943775100401604
21201,TROPICAL  HONEYCOMB PAPER GARLAND,2987.82,1240,101,3.166153846153846
21411,GINGHAM HEART  DOORSTOP RED,2982.0299999999997,793,241,4.890650406504065
22331,WOODLAND PARTY BAG + STICKER SET,2975.14,1840,183,2.0058469945355193
21625,VINTAGE UNION JACK APRON,2967.31,411,169,8.03977011494253
22906,12 MESSAGE CARDS WITH ENVELOPES,2959.4199999999996,1740,251,2.0406060606060605
21918,SET 12 KIDS COLOUR  CHALK STICKS,2950.67,7200,369,0.5193297587131367
22078,RIBBON REEL LACE DESIGN,2948.41,1381,192,2.618805970149254
85174,S/4 CACTI CANDLES,2946.88,617,157,6.97664596273292
22990,COTTON APRON PANTRY DESIGN,2942.1800000000003,638,164,5.310952380952381
35004B,SET OF 3 BLACK FLYING DUCKS,2934.8100000000004,577,111,6.268839285714286
22777,GLASS CLOCHE LARGE,2934.53,350,57,10.711929824561404
23211,RED ROCKING HORSE HAND PAINTED,2933.07,2331,160,1.561341463414634
84568,GIRLS ALPHABET IRON ON PATCHES,2923.13,13882,147,0.38533783783783787
22843,BISCUIT TIN VINTAGE GREEN,2911.27,451,126,7.265905511811024
21313,GLASS HEART T-LIGHT HOLDER,2906.52,3336,214,1.1463888888888887
22774,RED DRAWER KNOB ACRYLIC EDWARDIAN,2901.75,2278,140,1.592027972027972
23290,SPACEBOY CHILDRENS BOWL,2899.1000000000004,2437,214,1.4348372093023256
23056,FLOWERS CHANDELIER T-LIGHT HOLDER,2898.12,963,38,6.187380952380953
23345,DOLLY GIRL BEAKER,2891.25,2455,174,1.502122905027933
21976,PACK OF 60 MUSHROOM CAKE CASES,2886.9500000000003,5230,393,0.8346059113300494
23283,DOORMAT VINTAGE LEAVES DESIGN,2881.18,430,91,7.847912087912087
21990,MODERN FLORAL STATIONERY SET,2880.45,1679,366,1.9880266666666666
23427,STOOL HOME SWEET HOME,2873.08,238,114,12.963448275862069
22354,RETROSPOT PADDED SEAT CUSHION,2860.98,750,83,4.555903614457831
22426,ENAMEL WASH BOWL CREAM,2858.96,743,208,4.8977619047619045
23504,PLAYING CARDS JUBILEE UNION JACK,2857.64,1934,208,1.3465610859728505
22797,CHEST OF DRAWERS GINGHAM HEART,2851.3599999999997,163,91,18.919890109890108
23212,HEART WREATH DECORATION WITH BELL,2850.89,2288,185,1.4912371134020619
22930,BAKING MOULD HEART MILK CHOCOLATE,2849.35,1109,189,3.0706249999999997
22476,EMPIRE UNION JACK TV DINNER TRAY,2844.16,881,125,6.897301587301587
22072,RED RETROSPOT TEA CUP AND SAUCER,2831.17,854,162,3.9712865497076026
22380,TOY TIDY SPACEBOY,2823.86,1316,285,2.68348275862069
85178,VICTORIAN SEWING KIT,2823.83,2519,140,1.3954929577464787
47599B,BLUE PARTY BAGS,2822.32,1480,118,2.182372881355932
21499,BLUE POLKADOT WRAP,2819.84,6952,217,0.41697247706422014
21563,RED HEART SHAPE LOVE BUCKET,2803.13,1395,159,3.200062893081761
22762,CUPBOARD 3 DRAWER MA CAMPAGNE,2786.0299999999997,171,112,17.674464285714286
22794,SWEETHEART WIRE MAGAZINE RACK,2784.9,326,182,9.025934065934067
22224,WHITE LOVEBIRD LANTERN,2767.01,835,164,3.7307228915662654
22925,BLUE GIANT GARDEN THERMOMETER,2763.42,450,182,6.507445652173914
23190,BUNDLE OF 3 SCHOOL EXERCISE BOOKS,2761.8999999999996,1702,202,1.7966009852216749
22963,JAM JAR WITH GREEN LID,2761.56,3267,306,1.0832686084142393
22196,SMALL HEART MEASURING SPOONS,2759.2599999999998,2853,472,1.2183711340206185
23266,SET OF 3 WOODEN STOCKING DECORATION,2757.57,2064,319,1.4510233918128654
23542,WALL ART 70'S ALPHABET,2757.06,356,74,10.14864864864865
23147,SINGLE ANTIQUE ROSE HOOK IVORY,2755.1,1870,261,1.5253383458646617
22773,GREEN DRAWER KNOB ACRYLIC EDWARDIAN,2754.4,2087,191,1.5230102040816327
23341,PINK DINER WALL CLOCK,2749.85,308,121,9.93122950819672
22974,CHILDRENS DOLLY GIRL MUG,2744.5399999999995,1607,204,2.036842105263158
23100,SILVER BELLS TABLE DECORATION,2743.13,2169,257,1.424248120300752
22283,6 EGG HOUSE PAINTED WOOD,2742.33,301,155,9.931794871794871
21985,PACK OF 12 HEARTS DESIGN TISSUES,2737.6299999999997,8803,427,0.41626728110599076
23407,SET OF 2 TRAYS HOME SWEET HOME,2729.33,267,133,10.67597014925373
20829,GLITTER HANGING BUTTERFLY STRING,2725.05,1315,194,2.4503
23333,IVORY WICKER HEART MEDIUM,2721.7,2110,233,1.3309236947791163
23164,REGENCY CAKE SLICE,2718.65,578,92,5.579673913043479
84832,ZINC WILLIE WINKIE  CANDLE STICK,2713.5499999999997,2934,268,1.0899632352941175
22278,OVERNIGHT BAG VINTAGE ROSE PAISLEY,2709.3,406,178,7.344918032786885
21239,PINK  POLKADOT CUP,2709.04,3018,307,1.120064308681672
22927,GREEN GIANT GARDEN THERMOMETER,2704.71,430,148,6.6860135135135135
22737,RIBBON REEL CHRISTMAS PRESENT,2695.8,1389,259,2.3383146067415725
23264,SET OF 3 WOODEN SLEIGH DECORATIONS,2694.56,1966,299,1.4942586750788645
72802C,VANILLA SCENT CANDLE JEWELLED BOX,2692.44,1396,105,4.529444444444445
22691,DOORMAT WELCOME SUNRISE,2686.7200000000003,372,120,9.353801652892562
22702,BLACK AND WHITE CAT BOWL,2684.6499999999996,1363,49,2.037755102040816
22045,SPACEBOY GIFT WRAP,2683.84,6552,208,0.41866028708133973
22660,DOORMAT I LOVE LONDON,2678.96,364,102,9.895098039215686
21781,MA CAMPAGNE CUTLERY BOX,2676.75,169,101,16.795294117647057
22433,WATERING CAN GREEN DINOSAUR,2667.5,1394,227,2.2754148471615716
22130,PARTY CONE CHRISTMAS DECORATION,2664.6299999999997,2277,110,1.7685840707964602
21109,LARGE CAKE TOWEL CHOCOLATE SPOTS,2663.62,926,104,5.342844036697247
22329,ROUND CONTAINER SET OF 5 RETROSPOT,2663.5399999999995,1604,238,2.0670416666666664
23146,TRIPLE HOOK ANTIQUE IVORY ROSE,2655.13,801,227,3.511538461538462
22902,TOTE BAG I LOVE LONDON,2650.08,1296,136,2.659202898550725
22582,PACK OF 6 SWEETIE GIFT BOXES,2649.35,1061,102,3.129326923076923
22792,FLUTED ANTIQUE CANDLE HOLDER,2643.33,2809,206,1.1501442307692307
22241,GARLAND WOODEN HAPPY EASTER,2641.93,1978,239,1.6061065573770492
35961,FOLKART ZINC HEART CHRISTMAS DEC,2640.8599999999997,2999,244,1.13184
82600,N0 SINGING METAL SIGN,2639.42,1225,49,2.673673469387755
23054,RECYCLED ACAPULCO MAT LAVENDER,2621.43,297,130,9.52328244274809
21012,ANTIQUE ALL GLASS CANDLESTICK,2618.25,1171,199,2.310148514851485
22965,3 TRADITIONAl BISCUIT CUTTERS  SET,2610.61,1211,232,2.3525531914893616
22700,BLACK AND WHITE DOG BOWL,2608.08,1198,52,2.640754716981132
23196,VINTAGE LEAF MAGNETIC NOTEPAD,2605.5,1710,274,1.8182562277580072
22175,PINK OWL SOFT TOY,2600.13,879,171,3.4561271676300582
22361,GLASS JAR DAISY FRESH COTTON WOOL,2598.23,729,268,4.458929889298894
22805,BLUE DRAWER KNOB ACRYLIC EDWARDIAN,2593.53,1904,195,1.6693939393939394
21500,PINK POLKADOT WRAP,2593.0,6350,213,0.4169014084507042
22822,CREAM WALL PLANTER HEART SHAPED,2588.7000000000003,434,158,6.439874213836478
47559B,TEA TIME OVEN GLOVE,2588.65,2080,287,1.4557191780821919
22933,BAKING MOULD EASTER EGG MILK CHOC,2585.92,940,122,3.48869918699187
22610,PENS ASSORTED FUNNY FACE,2578.24,9608,216,0.38766055045871556
21735,TWO DOOR CURIO CABINET,2577.45,212,83,12.538554216867471
23534,STOP FOR TEA WALL ART,2572.7,518,41,5.775853658536586
84596B,SMALL DOLLY MIX DESIGN ORANGE BOWL,2570.52,5078,522,0.6106296296296296
23292,SPACEBOY CHILDRENS CUP,2558.82,2051,216,1.5331192660550457
22358,KINGS CHOICE TEA CADDY,2557.1200000000003,700,255,4.3172868217054265
22064,PINK DOUGHNUT TRINKET POT,2556.2,1734,241,2.1388
21452,TOADSTOOL MONEY BOX,2549.11,817,184,3.657795698924731
21078,SET/20 STRAWBERRY PAPER NAPKINS,2540.39,2780,313,1.252075471698113
23131,MISTLETOE HEART WREATH CREAM,2539.63,625,110,4.209642857142858
23424,GINGHAM RECIPE BOOK BOX,2529.42,466,135,6.1776470588235295
72351A,SET/6 TURQUOISE BUTTERFLY T-LIGHTS,2528.15,1278,153,2.2903144654088052
23681,LUNCH BAG RED VINTAGE DOILY,2526.69,1577,132,1.8646268656716416
21730,GLASS STAR FROSTED T-LIGHT HOLDER,2519.38,518,131,5.353560606060607
22670,FRENCH WC SIGN BLUE METAL,2518.0,1883,301,1.633453947368421
21556,CERAMIC STRAWBERRY MONEY BOX,2515.52,977,114,3.316695652173913
23316,RED REFECTORY CLOCK,2511.59,251,110,11.09900900900901
22672,FRENCH BATHROOM SIGN BLUE METAL,2511.22,1476,219,2.0876923076923077
22937,BAKING MOULD CHOCOLATE CUPCAKES,2507.14,950,157,2.9238650306748464
22075,6 RIBBONS ELEGANT CHRISTMAS,2503.3399999999997,1800,200,1.7660487804878047
21107,CREAM SLICE FLANNEL PINK SPOT,2501.56,904,97,3.8062376237623763
23367,SET 12 COLOUR PENCILS SPACEBOY,2495.75,3285,282,0.7551903114186851
21903,MAN FLU METAL SIGN,2494.3300000000004,1162,180,2.501098901098901
22215,CAKE STAND WHITE TWO TIER LACE,2471.39,343,101,8.513465346534653
23352,ROLL WRAP 50'S RED CHRISTMAS,2462.95,1803,212,1.5092093023255815
85062,PEARL CRYSTAL PUMPKIN T-LIGHT HLDR,2449.2999999999997,1474,159,1.789753086419753
23489,VINTAGE BELLS GARLAND,2443.35,821,149,3.24283870967742
85184C,S/4 VALENTINE DECOUPAGE HEART BOX,2443.04,1484,131,2.8525
22374,AIRLINE BAG VINTAGE JET SET RED,2440.27,549,223,4.765575221238938
84032B,CHARLIE + LOLA RED HOT WATER BOTTLE,2430.44,939,255,3.1205813953488373
21875,KINGS CHOICE MUG,2429.38,2055,148,1.8340268456375837
23406,HOME SWEET HOME KEY HOLDER,2428.9100000000003,457,111,7.102232142857143
22807,SET OF 6 T-LIGHTS TOADSTOOLS,2428.1800000000003,825,195,3.7531658291457286
22573,STAR WOODEN CHRISTMAS DECORATION,2427.25,2689,221,1.1207174887892377
23265,SET OF 3 WOODEN TREE DECORATIONS,2423.54,1784,293,1.4750473186119872
22743,MAKE YOUR OWN FLOWERPOWER CARD KIT,2420.34,934,206,3.639333333333333
22811,SET OF 6 T-LIGHTS CACTI,2419.29,881,108,3.8372477064220183
22437,SET OF 9 BLACK SKULL BALLOONS,2418.94,2830,226,1.0158515283842795
21328,BALLOONS  WRITING SET,2418.68,1342,346,2.2403399433427764
23400,SHELF WITH 4 HOOKS HOME SWEET HOME,2409.34,461,107,6.854074074074074
22167,OVAL WALL MIRROR DIAMANTE,2401.0699999999997,237,156,10.769681528662419
20978,36 PENCILS TUBE SKULLS,2400.05,1799,263,1.614089219330855
84796B,BLUE SAVANNAH PICNIC HAMPER FOR 2,2393.5899999999997,256,124,9.261209677419354
84969,BOX OF 6 ASSORTED COLOUR TEASPOONS,2389.52,558,210,4.66047619047619
11001,ASSTD DESIGN RACING CAR PEN,2389.44,1615,113,1.89
22440,BALLOON WATER BOMB PACK OF 35,2385.12,6034,154,0.4545061728395061
23048,SET OF 10 LANTERNS FAIRY LIGHT STAR,2384.9700000000003,581,99,4.653962264150944
20983,12 PENCILS TALL TUBE RED RETROSPOT,2382.46,2746,268,0.9319366197183099
22282,12 EGG HOUSE PAINTED WOOD,2378.52,149,99,17.214646464646464
23498,CLASSIC BICYCLE CLIPS,2378.4799999999996,1644,99,1.6500943396226415
21811,HANGING HEART WITH BELL,2376.0499999999997,4620,219,0.9177631578947368
22851,SET 20 NAPKINS FAIRY CAKES DESIGN,2375.44,2749,350,0.9976731301939057
84997d,CHILDRENS CUTLERY POLKADOT PINK,2372.33,285,65,8.434477611940297
23535,BICYCLE SAFTEY WALL ART,2371.94,458,39,5.782307692307692
23396,LE JARDIN BOTANIQUE CUSHION COVER,2371.25,566,166,4.746440677966102
37500,TEA TIME TEAPOT IN GIFT BOX,2360.68,380,113,7.21141592920354
22070,SMALL RED RETROSPOT MUG IN BOX,2358.15,949,116,4.210084745762712
21495,SKULLS AND CROSSBONES WRAP,2356.0,5800,165,0.41769696969696973
23401,RUSTIC MIRROR WITH LACE HEART,2354.87,459,83,7.090361445783133
23412,HEART MIRROR ANTIQUE WHITE,2354.8,358,76,7.724415584415584
22548,HEADS AND TAILS SPORTING FUN,2351.44,1977,209,1.4082710280373831
22425,ENAMEL COLANDER CREAM,2346.1200000000003,460,166,5.719939759036144
23437,50'S CHRISTMAS GIFT BAG LARGE,2343.63,1915,129,1.4265891472868217
21700,BIG DOUGHNUT FRIDGE MAGNETS,2334.94,1726,198,3.95715
20977,36 PENCILS TUBE WOODLAND,2331.14,1741,185,1.5090425531914893
16156S,WRAP PINK FAIRY CAKES,2331.0,5800,167,0.4168862275449102
22829,SWEETHEART WIRE WALL TIDY,2315.33,229,109,10.856126126126126
22736,RIBBON REEL MAKING SNOWMEN,2315.25,1233,223,2.374782608695652
22483,RED GINGHAM TEDDY BEAR,2314.7400000000002,774,169,3.5851445086705205
23371,SET 36 COLOUR PENCILS SPACEBOY,2313.53,1712,185,1.50953125
84950,ASSORTED COLOUR T-LIGHT HOLDER,2304.8300000000004,3631,120,0.815
21982,PACK OF 12 SUKI TISSUES,2304.14,7612,359,0.47137466307277626
22441,GROW YOUR OWN BASIL IN ENAMEL MUG,2301.31,1051,219,2.551377777777778
23330,DECORATIVE WICKER HEART MEDIUM,2299.47,1804,216,1.3590909090909091
71459,HANGING JAM JAR T-LIGHT HOLDERS,2298.0499999999997,2813,92,1.0443478260869565
85175,CACTI T-LIGHT CANDLES,2292.34,5353,143,0.9815277777777778
22185,SLATE TILE NATURAL HANGING,2291.4399999999996,1510,162,1.9443975903614457
84997b,CHILDRENS CUTLERY RETROSPOT RED,2287.37,273,55,8.623793103448275
23029,DRAWER KNOB CRACKLE GLAZE GREEN,2284.12,1340,154,1.8390909090909089
21813,GARLAND WITH STARS AND BELLS,2280.4700000000003,549,112,4.661504424778761
21896,POTTING SHED TWINE,2279.09,983,110,2.4123008849557523
23197,SKETCHBOOK MAGNETIC SHOPPING LIST,2274.0,1456,246,1.9550602409638553
22914,BLUE COAT RACK PARIS FASHION,2266.1600000000003,468,154,5.502820512820513
22983,CARD BILLBOARD FONT,2261.6,5302,443,0.5248648648648648
46000S,POLYESTER FILLER PAD 40x40cm,2256.2,1556,185,1.45
21069,VINTAGE BILLBOARD TEA MUG,2251.77,1950,86,1.7378160919540229
22030,SWALLOWS GREETING CARD,2247.97,5551,274,0.46350180505415156
23252,VINTAGE RED ENAMEL TRIM JUG,2246.61,599,136,4.036978417266187
23093,SMALL PARISIENNE HEART PHOTO FRAME,2244.2200000000003,941,142,2.7840972222222224
23079,TOADSTOOL BEDSIDE LIGHT,2243.35,253,106,8.937155963302752
23326,HANGING MINI COLOURED BOTTLES,2237.71,3443,76,2.6119480519480516
21989,PACK OF 20 SKULL PAPER NAPKINS,2235.65,2412,335,1.1503508771929822
21471,STRAWBERRY RAFFIA FOOD COVER,2228.09,641,163,3.668606060606061
22601,CHRISTMAS RETROSPOT ANGEL WOOD,2222.3799999999997,2482,200,1.0725
23501,KEY RING BASEBALL BOOT UNION JACK,2220.37,1823,112,1.491293103448276
22478,BIRDHOUSE GARDEN MARKER,2218.12,1543,140,1.7792198581560283
84997c,CHILDRENS CUTLERY POLKADOT BLUE,2216.2099999999996,265,56,8.612666666666666
37448,CERAMIC CAKE DESIGN SPOTTED MUG,2214.08,1456,187,1.79
21794,CLASSIC FRENCH STYLE BASKET NATURAL,2213.42,522,106,4.930754716981132
82494l,WOODEN FRAME ANTIQUE WHITE,2211.6,264,61,8.310655737704916
23403,LETTER HOLDER HOME SWEET HOME,2207.86,626,134,4.369411764705882
10135,COLOURING PENCILS BROWN TUBE,2207.39,2231,175,1.4110614525139664
21042,RED RETROSPOT APRON,2205.4700000000003,335,131,7.224962962962963
22574,HEART WOODEN CHRISTMAS DECORATION,2202.14,2336,222,1.1119555555555556
21900,"KEY FOB , SHED",2201.07,3234,372,0.9490185676392572
23302,KNEELING MAT HOUSEWORK  DESIGN,2194.62,1544,230,1.8846186440677966
22571,ROCKING HORSE RED CHRISTMAS,2191.43,2441,254,1.0756653992395437
22763,KEY CABINET MA CAMPAGNE,2186.27,207,108,11.299174311926604
23436,VINTAGE CHRISTMAS GIFT BAG LARGE,2182.39,1831,105,1.460952380952381
85038,6 CHOCOLATE LOVE HEART T-LIGHTS,2179.6600000000003,1065,142,2.5332885906040272
23445,ICE CREAM BUBBLES,2177.8399999999997,2688,101,0.8656310679611651
22357,KINGS CHOICE BISCUIT TIN,2175.04,468,180,5.333888888888889
21878,PACK OF 6 SANDCASTLE FLAGS ASSORTED,2173.0499999999997,2524,224,1.0905240174672488
22377,BOTTLE BAG RETROSPOT,2171.53,1330,207,2.423816425120773
22704,WRAP RED APPLES,2168.76,5278,174,0.4190857142857143
22121,NOEL WOODEN BLOCK LETTERS,2165.65,353,133,6.862
21592,RETROSPOT CIGAR BOX MATCHES,2164.46,2162,216,1.132943722943723
22732,3D VINTAGE CHRISTMAS STICKERS,2162.75,1645,188,1.5677894736842104
23031,DRAWER KNOB CRACKLE GLAZE PINK,2162.2,1284,153,1.827290322580645
21249,WOODLAND  HEIGHT CHART STICKERS,2160.0,724,119,3.8703361344537814
22107,PIZZA PLATE IN BOX,2158.06,594,179,4.22
22920,HERB MARKER BASIL,2155.94,3427,242,0.8569354838709677
82581,TOILET METAL SIGN,2155.8900000000003,3883,405,0.7287931034482759
22588,CARD HOLDER GINGHAM HEART,2149.31,687,175,3.496573033707865
23028,DRAWER KNOB CRACKLE GLAZE BLUE,2148.5299999999997,1213,134,1.9308823529411763
23005,TRAVEL CARD WALLET I LOVE LONDON,2147.55,4783,241,0.5200806451612903
22973,CHILDREN'S CIRCUS PARADE MUG,2145.91,1261,144,2.0307534246575343
23161,REGENCY CAKE FORK,2145.3,1715,98,1.593061224489796
23232,WRAP VINTAGE LEAF DESIGN,2140.92,5326,134,0.4173913043478261
23213,STAR WREATH DECORATION WITH BELL,2139.67,1683,152,1.4850641025641025
40016,CHINESE DRAGON PAPER LANTERNS,2136.34,5556,97,2.2792783505154635
21232,STRAWBERRY CERAMIC TRINKET POT,2133.7200000000003,1371,125,1.774921875
22509,SEWING BOX RETROSPOT DESIGN,2132.44,211,86,13.063522727272726
22128,PARTY CONES CANDY ASSORTED,2127.53,1762,76,1.395921052631579
37450,CERAMIC CAKE BOWL + HANGING CAKES,2126.3900000000003,717,134,3.6492805755395685
22891,TEA FOR ONE POLKADOT,2125.18,424,168,5.786627906976744
84356,POMPOM CURTAIN,2124.15,424,82,6.083414634146342
22498,WOODEN REGATTA BUNTING,2121.9900000000002,334,150,6.838079470198675
21980,PACK OF 12 RED RETROSPOT TISSUES,2121.7599999999998,6687,297,0.4059333333333333
22156,HEART DECORATION WITH PEARLS,2114.83,2198,256,1.1667300380228136
21718,RED METAL BEACH SPADE,2114.64,1494,229,1.7067965367965368
23046,PAPER LANTERN 9 POINT DELUXE STAR,2111.4900000000002,349,36,6.809444444444445
20751,FUNKY WASHING UP GLOVES ASSORTED,2108.7200000000003,1003,198,2.343526785714286
23438,RED SPOT GIFT BAG LARGE,2107.42,1727,103,1.3747619047619046
23233,WRAP POPPIES  DESIGN,2105.5,5175,158,0.41861635220125787
21506,"FANCY FONT BIRTHDAY CARD,",2101.0099999999998,4958,323,0.5091411042944785
22996,TRAVEL CARD WALLET VINTAGE TICKET,2099.97,4813,408,0.5288516746411484
23152,IVORY SWEETHEART WIRE LETTER RACK,2095.65,558,159,3.949444444444444
22733,3D TRADITIONAL CHRISTMAS STICKERS,2095.08,1583,197,1.5160696517412937
22059,CERAMIC STRAWBERRY DESIGN MUG,2094.24,1790,173,1.6017934782608696
23315,IVORY REFECTORY CLOCK,2094.24,213,86,10.776511627906977
23251,VINTAGE RED ENAMEL TRIM MUG,2092.0,1701,119,1.4126666666666667
22744,MAKE YOUR OWN MONSOON CARD KIT,2091.5400000000004,870,172,3.1090909090909093
21609,SET 12 LAVENDER  BOTANICAL T-LIGHTS,2089.64,764,76,3.0351282051282054
22593,CHRISTMAS GINGHAM STAR,2087.3399999999997,2265,198,1.1215346534653465
22747,POPPY'S PLAYHOUSE BATHROOM,2087.15,957,227,2.493836206896552
22055,MINI CAKE STAND  HANGING STRAWBERY,2086.49,1377,220,2.0823008849557523
23526,DOG LICENCE WALL ART,2081.64,408,29,5.745172413793104
23360,SET 8 CANDLES VINTAGE DOILY,2079.85,1065,107,2.06875
22863,SOAP DISH BROCANTE,2076.63,721,110,3.2892857142857146
23370,SET 36 COLOURING PENCILS DOILY,2076.6,1490,147,1.5367532467532468
22831,WHITE BROCANTE SOAP DISH,2070.9,706,121,3.319105691056911
22955,36 FOIL STAR CAKE CASES,2070.15,1048,134,2.3087769784172663
23227,FILIGREE HEART BUTTERFLY WHITE,2070.06,1642,117,1.5737606837606837
22935,BAKING MOULD ROSE MILK CHOCOLATE,2066.82,690,65,3.8047692307692307
23020,GLASS  SONGBIRD STORAGE JAR,2065.14,169,73,13.034794520547944
23291,DOLLY GIRL CHILDRENS CUP,2060.28,1635,195,1.5223350253807106
23490,T-LIGHT HOLDER HANGING LOVE BIRD,2055.27,548,101,3.9592156862745096
22101,MIRROR MOSAIC VOTIVE HOLDER,2053.17,1438,69,2.2659420289855072
47504K,ENGLISH ROSE GARDEN SECATEURS,2049.45,2019,212,1.5520276497695853
23500,KEY RING BASEBALL BOOT ASSORTED,2044.58,1631,98,1.3798130841121494
21864,UNION JACK FLAG PASSPORT COVER,2043.79,829,184,2.859679144385027
22414,DOORMAT NEIGHBOURHOOD WITCH,2038.39,279,95,10.092842105263157
22803,IVORY EMBROIDERED QUILT,2038.0900000000001,54,31,38.972903225806455
20674,GREEN POLKADOT BOWL,2032.48,1576,205,1.5602884615384616
22080,RIBBON REEL POLKADOTS,2028.23,1221,155,1.970875
84880,WHITE WIRE EGG HOLDER,2027.74,314,76,7.743544303797468
22788,BROCANTE COAT RACK,2025.96,220,60,12.059666666666665
22115,METAL SIGN EMPIRE TEA,2020.91,1549,228,2.34704347826087
23268,SET OF 2 CERAMIC CHRISTMAS REINDEER,2019.59,1448,89,1.6883333333333332
51014A,"FEATHER PEN,HOT PINK",2018.78,3890,239,0.6548971193415637
22897,OVEN MITT APPLES DESIGN,2016.0,1352,211,1.8130516431924883
22959,WRAP CHRISTMAS VILLAGE,2014.42,4901,142,0.4184507042253521
23289,DOLLY GIRL CHILDRENS BOWL,2013.7,1622,191,1.5367708333333334
22859,EASTER TIN BUNNY BOUQUET,2012.9699999999998,1209,158,1.9218012422360247
21622,VINTAGE UNION JACK CUSHION COVER,2012.3400000000001,386,104,5.822075471698113
23358,HOT STUFF HOT WATER BOTTLE,2012.13,595,89,4.193555555555556
22364,GLASS JAR DIGESTIVE BISCUITS,2010.17,619,164,4.149761904761904
22503,CABIN BAG VINTAGE PAISLEY,2010.12,99,34,22.510882352941177
23274,STAR T-LIGHT HOLDER WILLIE WINKIE,2009.9499999999998,1183,119,2.006747967479675
85049G,CHOCOLATE BOX RIBBONS,2007.94,1615,258,1.3994909090909091
23066,SMALL DECO JEWELLERY STAND,2005.81,243,79,8.972278481012658
21591,COSY HOUR CIGAR BOX MATCHES,2001.1399999999999,1378,146,1.2596178343949045
22186,RED STAR CARD HOLDER,1997.48,848,149,3.0438666666666667
22928,YELLOW GIANT GARDEN THERMOMETER,1993.75,288,115,7.784695652173913
23357,HOT WATER BOTTLE SEX BOMB,1993.6000000000001,453,102,4.972761904761905
72802B,OCEAN SCENT CANDLE IN JEWELLED BOX,1993.48,1028,82,4.176585365853659
22579,WOODEN TREE CHRISTMAS SCANDINAVIAN,1988.8899999999999,5170,338,0.5157428571428572
37446,MINI CAKE STAND WITH HANGING CAKES,1986.24,1361,183,1.7693298969072164
22932,BAKING MOULD TOFFEE CUP CHOCOLATE,1985.5800000000002,878,71,2.7107042253521123
22466,FAIRY TALE COTTAGE NIGHT LIGHT,1981.29,977,115,2.557179487179487
22477,WATERING CAN GARDEN MARKER,1980.4,1374,127,1.7762499999999999
15039,SANDALWOOD FAN,1979.4899999999998,2091,145,1.2395890410958903
21916,SET 12 RETRO WHITE CHALK STICKS,1973.9099999999999,4600,359,0.5456830601092896
22931,BAKING MOULD HEART WHITE CHOCOLATE,1968.4,815,129,2.8257575757575757
20992,JAZZ HEARTS PURSE NOTEBOOK,1965.81,4451,277,0.5452380952380953
23374,RED SPOT PAPER GIFT BAG,1962.83,2456,131,0.867175572519084
22312,OFFICE MUG WARMER POLKADOT,1962.2900000000002,649,131,3.601459854014599
84031A,CHARLIE+LOLA RED HOT WATER BOTTLE,1961.16,431,165,4.5037349397590365
23228,FILIGREE HEART BIRD WHITE,1960.0,1492,125,1.7907142857142857
23145,ZINC T-LIGHT HOLDER STAR LARGE,1956.6799999999998,2060,167,1.0807142857142857
85123a,WHITE HANGING HEART T-LIGHT HOLDER,1952.4799999999998,292,67,6.64044776119403
84596F,SMALL MARSHMALLOWS PINK BOWL,1952.0,3748,435,0.6319512195121951
22291,HANGING CHICK CREAM DECORATION,1946.62,1317,120,1.626299212598425
22824,3 TIER SWEETHEART GARDEN SHELF,1938.2500000000002,55,43,35.67093023255814
22412,METAL SIGN NEIGHBOURHOOD WITCH,1938.15,914,147,2.5558278145695366
22639,SET OF 4 NAPKIN CHARMS HEARTS,1937.7099999999998,806,148,2.791052631578947
23231,WRAP DOILEY DESIGN,1927.26,4703,164,0.41853658536585364
21192,WHITE BELL HONEYCOMB PAPER,1924.9399999999998,1093,88,2.4372826086956523
23094,LE GRAND TRAY CHIC SET,1924.92,152,79,12.815443037974683
22199,FRYING PAN RED RETROSPOT,1923.59,467,166,5.277784431137724
22183,CAKE STAND VICTORIAN FILIGREE MED,1916.01,322,129,5.957364341085271
23155,KNICKERBOCKERGLORY MAGNET ASSORTED,1914.7299999999998,2233,135,1.4627007299270072
21112,SWISS ROLL TOWEL PINK  SPOTS,1913.6899999999998,706,39,3.641282051282051
20963,APPLE BATH SPONGE,1913.67,1338,229,1.8205579399141631
23128,FELTCRAFT BOY JEAN-PAUL KIT,1909.51,371,127,5.295
21534,DAIRY MAID LARGE MILK JUG,1908.88,376,155,5.440740740740741
22594,CHRISTMAS GINGHAM TREE,1905.7699999999998,2006,196,1.1763959390862944
84968F,SET OF 16 VINTAGE SKY BLUE CUTLERY,1905.6799999999998,177,65,12.321846153846153
23068,ALUMINIUM STAMPED HEART,1902.19,783,130,2.5890977443609025
23491,VINTAGE JINGLE BELLS HEART,1897.76,228,78,8.462151898734177
85061W,WHITE JEWELLED HEART DECORATION,1897.4499999999998,2164,162,1.0917142857142856
23235,STORAGE TIN VINTAGE LEAF,1893.13,715,102,2.970761904761905
16169E,WRAP 50'S  CHRISTMAS,1892.46,4563,149,0.41919999999999996
23434,3 RAFFIA RIBBONS 50'S CHRISTMAS,1892.07,2105,199,0.8797512437810946
21068,VINTAGE BILLBOARD LOVE/HATE MUG,1890.33,1638,198,1.669396984924623
23075,PARLOUR CERAMIC WALL HOOK,1889.7500000000002,455,75,4.251025641025642
23394,POSTE FRANCE CUSHION COVER,1888.9,438,150,4.930903225806452
35004C,SET OF 3 COLOURED  FLYING DUCKS,1888.1000000000001,394,39,5.244871794871795
22602,RETROSPOT WOODEN HEART DECORATION,1887.9799999999998,2078,246,1.1012648221343875
15058B,PINK POLKADOT GARDEN PARASOL,1885.27,228,97,9.890927835051546
20982,12 PENCILS TALL TUBE SKULLS,1884.9199999999998,2156,256,0.9554752851711026
22027,TEA PARTY BIRTHDAY CARD,1883.79,4392,362,0.5330054644808743
22534,MAGIC DRAWING SLATE SPACEBOY,1871.12,4496,261,0.5057142857142857
22198,LARGE POPCORN HOLDER,1870.9099999999999,1025,86,2.2325581395348837
23090,VINTAGE GLASS T-LIGHT HOLDER,1870.86,2238,149,0.9780392156862744
22858,EASTER TIN KEEPSAKE,1865.7299999999998,1129,136,1.9392086330935252
70006,LOVE HEART POCKET WARMER,1865.6299999999999,2703,120,1.7196747967479673
21988,PACK OF 6 SKULL PAPER PLATES,1862.75,2321,193,1.0186153846153847
21870,I CAN ONLY PLEASE ONE PERSON MUG,1861.46,1415,163,1.5720359281437124
22220,CAKE STAND LOVEBIRD 2 TIER WHITE,1859.2,232,86,10.014827586206897
22428,ENAMEL FIRE BUCKET CREAM,1854.76,246,114,8.209649122807017
72807A,SET/3 ROSE CANDLE IN JEWELLED BOX,1849.82,394,107,5.70651376146789
22944,CHRISTMAS METAL POSTCARD WITH BELLS,1843.64,3375,111,1.318859649122807
21557,SET OF 6 FUNKY BEAKERS,1843.6100000000001,551,162,4.164846625766871
23378,PACK OF 12 50'S CHRISTMAS TISSUES,1842.42,4003,176,0.46127659574468083
22712,CARD DOLLY GIRL,1842.36,4483,312,0.5474050632911392
21034,REX CASH+CARRY JUMBO SHOPPER,1842.05,1939,871,0.95
21873,IF YOU CAN'T STAND THE HEAT MUG,1838.05,1621,116,1.6011764705882352
22651,GENTLEMAN SHIRT REPAIR KIT,1837.4699999999998,2166,170,1.1379411764705882
21713,CITRONELLA CANDLE FLOWERPOT,1836.64,795,157,2.5004320987654323
21564,PINK  HEART SHAPE LOVE BUCKET,1831.6200000000001,1042,123,3.216341463414634
22452,MEASURING TAPE BABUSHKA PINK,1831.1100000000001,746,144,2.3276190476190477
72807B,SET/3 OCEAN SCENT CANDLE JEWEL BOX,1830.71,397,110,5.349649122807017
23109,LED TEA LIGHTS,1829.65,635,65,3.2676119402985075
15044D,RED PAPER PARASOL,1822.71,645,84,3.3288235294117645
22223,CAKE PLATE LOVEBIRD PINK,1821.6100000000001,441,78,5.30493670886076
22200,FRYING PAN PINK POLKADOT,1809.48,398,140,5.907163120567375
23160,REGENCY TEA SPOON,1809.48,1462,76,1.485064935064935
21114,LAVENDER SCENTED FABRIC HEART,1809.33,1366,138,1.9206293706293704
15060B,FAIRY CAKE DESIGN UMBRELLA,1807.55,451,131,4.993053435114504
22536,MAGIC DRAWING SLATE PURDEY,1805.21,4755,156,0.4399375
85034C,3 ROSE MORRIS BOXED CANDLES,1805.0,1133,158,2.2736686390532546
21832,CHOCOLATE CALCULATOR,1799.9999999999998,960,198,2.329170731707317
21245,GREEN POLKADOT PLATE,1792.27,1078,128,2.0012977099236644
23317,BLUE REFECTORY CLOCK,1787.4099999999999,174,82,11.21156626506024
21055,TOOL BOX SOFT TOY,1782.54,180,105,10.427289719626168
22832,BROCANTE SHELF WITH HOOKS,1781.82,162,76,11.533157894736842
23148,MINIATURE ANTIQUE ROSE HOOK IVORY,1779.6599999999999,2096,243,0.913399209486166
85035C,ROSE 3 WICK MORRIS BOX CANDLE,1779.41,1152,130,2.48970802919708
22710,WRAP I LOVE LONDON,1774.42,4501,104,0.4163461538461538
22562,MONSTERS STENCIL CRAFT,1773.3700000000001,1421,211,1.363594470046083
21439,BASKET OF TOADSTOOLS,1767.15,1430,130,1.5737404580152672
22119,PEACE WOODEN BLOCK LETTERS,1766.57,351,106,6.303274336283185
21056,DOCTOR'S BAG SOFT TOY,1765.3999999999999,184,72,10.123333333333333
22314,OFFICE MUG WARMER CHOC+BLUE,1762.0700000000002,571,133,3.9547058823529415
23096,PETIT TRAY CHIC,1759.7899999999997,1047,146,2.022702702702703
22852,DOG BOWL VINTAGE CREAM,1757.8799999999999,390,125,4.6368
21584,RETROSPOT SMALL TUBE MATCHES,1754.8999999999999,1066,146,1.6487421383647798
23359,SET OF 12 T-LIGHTS VINTAGE DOILY,1753.36,932,73,1.9886486486486485
23372,SET 36 COLOUR PENCILS DOLLY GIRL,1752.79,1391,147,1.6088235294117648
23399,HOME SWEET HOME HANGING HEART,1752.35,1922,225,1.1005833333333332
21812,GARLAND WITH HEARTS AND BELLS,1751.22,394,100,5.177128712871287
20961,STRAWBERRY BATH SPONGE,1749.18,1235,228,1.789047619047619
23101,SILVER STARS TABLE DECORATION,1744.61,2037,213,0.9711872146118722
20981,12 PENCILS TALL TUBE WOODLAND,1742.27,1976,249,0.9622619047619047
23181,BULL DOG BOTTLE TOP WALL CLOCK,1733.57,201,82,9.421463414634145
21329,DINOSAURS  WRITING SET,1728.6399999999999,944,287,2.154226804123711
23122,PARTY CHARMS 50 PIECES,1727.75,2253,133,1.0355797101449276
47570B,TEA TIME TABLE CLOTH,1727.23,185,31,11.450645161290323
21586,KINGS CHOICE GIANT TUBE MATCHES,1721.85,743,67,2.5029850746268654
21845,DAIRY MAID STRIPE MUG,1721.0900000000001,1907,82,1.0974698795180724
22526,WHEELBARROW FOR CHILDREN,1720.26,125,79,14.447468354430379
85015,SET OF 12  VINTAGE POSTCARD SET,1719.8400000000001,2182,143,1.3139310344827586
23073,GEORGIAN TRINKET BOX,1719.0,144,61,12.412903225806453
22544,MINI JIGSAW SPACEBOY,1716.1799999999998,4521,175,0.5292737430167598
22037,ROBOT BIRTHDAY CARD,1715.48,3977,354,0.5284958217270195
22227,HANGING HEART MIRROR DECORATION,1708.0700000000002,2341,289,0.8917940199335549
22934,BAKING MOULD EASTER EGG WHITE CHOC,1707.47,589,78,3.2253846153846157
22816,CARD MOTORBIKE SANTA,1706.8799999999999,4023,266,0.45948339483394834
21917,SET 12 KIDS  WHITE CHALK STICKS,1704.03,4156,225,0.4965350877192982
22674,FRENCH TOILET SIGN BLUE METAL,1697.72,1350,187,1.5164397905759162
37340,MULTICOLOUR SPRING FLOWER MUG,1695.86,2544,135,2.6641176470588235
21544,SKULLS  WATER TRANSFER TATTOOS,1690.23,1975,174,1.1148863636363637
22789,T-LIGHT HOLDER SWEETHEART HANGING,1688.22,860,138,2.1540559440559437
16161U,WRAP SUKI AND FRIENDS,1687.5,4075,134,0.41955223880597015
21207,SKULL AND CROSSBONES  GARLAND,1686.4999999999998,1068,132,1.6688059701492535
23368,SET 12 COLOUR PENCILS DOLLY GIRL,1681.5,2382,232,0.7826359832635984
23214,JINGLE BELL HEART ANTIQUE GOLD,1680.48,782,102,2.3810185185185184
22332,SKULLS PARTY BAG + STICKER SET,1679.6499999999999,1033,148,1.7977333333333332
22419,LIPSTICK PEN RED,1676.8799999999999,3347,272,0.6006405693950178
22913,RED COAT RACK PARIS FASHION,1673.15,352,112,5.552053571428572
22335,HEART DECORATION PAINTED ZINC,1672.7900000000002,2386,225,0.9097021276595745
22076,6 RIBBONS EMPIRE,1669.5299999999997,1260,225,1.6120264317180617
15058A,BLUE POLKADOT GARDEN PARASOL,1668.49,200,89,9.208988764044944
21577,SAVE THE PLANET COTTON TOTE BAG,1664.8999999999999,720,175,2.7186285714285714
21578,WOODLAND DESIGN  COTTON TOTE BAG,1664.51,749,127,2.5789147286821708
22804,PINK HANGING HEART T-LIGHT HOLDER,1664.16,880,76,3.3044736842105267
84968D,SET OF 16 VINTAGE RED CUTLERY,1661.47,157,55,12.196181818181817
23505,PLAYING CARDS I LOVE LONDON,1660.04,1207,115,1.3503278688524591
23270,SET OF 2 CERAMIC PAINTED HEARTS,1659.37,1183,125,1.499621212121212
22479,DAISY GARDEN MARKER,1658.57,1139,98,1.7758163265306122
22853,CAT BOWL VINTAGE CREAM,1655.96,472,116,3.6286206896551727
21981,PACK OF 12 WOODLAND TISSUES,1655.36,5482,271,0.4793840579710145
21111,"SWISS ROLL TOWEL, CHOCOLATE  SPOTS",1652.27,901,94,2.9213541666666667
23483,HANGING  BUTTERFLY T-LIGHT HOLDER,1651.36,1340,73,2.378552631578947
47566b,TEA TIME PARTY BUNTING,1651.1499999999999,199,102,8.300588235294118
23273,HEART T-LIGHT HOLDER WILLIE WINKIE,1649.0499999999997,969,112,1.8786725663716815
22161,HEART DECORATION RUSTIC HANGING,1647.16,5088,340,0.5938121546961326
23348,CHILDRENS TOY COOKING UTENSIL SET,1642.13,750,168,2.570982658959538
22284,HEN HOUSE DECORATION,1641.62,954,131,2.0248529411764706
22375,AIRLINE BAG VINTAGE JET SET BROWN,1639.29,349,167,5.209764705882352
23366,SET 12 COLOURING PENCILS DOILY,1638.7,2204,191,0.8182051282051283
22154,ANGEL DECORATION 3 BUTTONS,1638.35,3749,162,0.5421301775147929
84510A,SET OF 4 ENGLISH ROSE COASTERS,1636.57,1201,239,1.733739837398374
22474,SPACEBOY TV DINNER TRAY,1636.27,303,132,6.867651515151515
35953,FOLKART STAR CHRISTMAS DECORATIONS,1634.9199999999998,3582,131,0.5932592592592593
85034B,3 WHITE CHOC MORRIS BOXED CANDLES,1633.78,949,120,2.696935483870968
22799,SWEETHEART WIRE FRUIT BOWL,1631.58,208,89,8.714777777777778
23391,I LOVE LONDON MINI BACKPACK,1628.17,389,86,4.611363636363636
22445,PENCIL CASE LIFE IS BEAUTIFUL,1624.7600000000002,537,130,3.513065693430657
22975,SPACEBOY CHILDRENS EGG CUP,1624.63,1204,186,1.544627659574468
22473,TV DINNER TRAY VINTAGE PAISLEY,1623.04,503,112,5.063124999999999
37495,FAIRY CAKE BIRTHDAY CANDLE SET,1622.24,440,92,4.016630434782608
21706,FOLDING UMBRELLA RED/WHITE POLKADOT,1621.76,347,120,4.996942148760331
22166,WALL MIRROR RECTANGLE DIAMANTE PINK,1614.4,207,87,12.049080459770115
23217,LAUREL HEART ANTIQUE SILVER,1613.82,1309,97,1.5415151515151517
23287,RED VINTAGE SPOT BEAKER,1613.59,1891,198,1.032128712871287
21206,STRAWBERRY HONEYCOMB  GARLAND,1610.9199999999998,1290,109,1.9194594594594594
85040A,S/4 PINK FLOWER CANDLES IN BOWL,1610.62,890,164,2.034912280701754
22095,LADS ONLY TISSUE BOX,1610.41,1650,143,1.1355483870967742
22671,FRENCH LAUNDRY SIGN BLUE METAL,1610.35,963,144,2.158137931034483
22292,HANGING CHICK  YELLOW DECORATION,1608.86,1139,112,1.5909243697478992
22475,SKULL DESIGN TV DINNER TRAY,1605.67,316,138,5.9185815602836875
22948,METAL DECORATION NAUGHTY CHILDREN,1604.99,1601,136,1.6652777777777776
22305,COFFEE MUG PINK PAISLEY DESIGN,1604.58,693,51,3.0107843137254897
21394,RED POLKADOT BEAKER,1603.77,3865,131,0.6057251908396946
18097C,WHITE TALL PORCELAIN T-LIGHT HOLDER,1601.21,699,69,3.083835616438356
23226,FILIGREE HEART DAISY WHITE,1596.67,1247,98,1.5736363636363635
23244,ROUND STORAGE TIN VINTAGE LEAF,1593.58,864,103,2.1018446601941747
22398,MAGNETS PACK OF 4 SWALLOWS,1589.51,2576,248,0.769604743083004
22449,SILK PURSE BABUSHKA PINK,1587.3000000000002,492,143,3.250689655172414
21626,VINTAGE UNION JACK PENNANT,1586.75,795,99,2.273168316831683
15056n,EDWARDIAN PARASOL NATURAL,1585.2800000000002,127,84,12.484761904761905
21967,PACK OF 12 SKULL TISSUES,1583.4099999999999,5275,232,0.4447280334728033
46000M,POLYESTER FILLER PAD 45x45cm,1582.55,1021,137,1.55
23369,SET 36 COLOUR PENCILS LOVE LONDON,1581.06,1105,126,1.4970542635658914
22676,FRENCH BLUE METAL DOOR SIGN 1,1580.89,1157,199,1.630742574257426
22434,BALLOON PUMP WITH 10 BALLOONS,1580.16,798,124,2.1209375
21528,DAIRY MAID TRADITIONAL TEAPOT,1578.42,218,111,7.684912280701755
84279P,CHERRY BLOSSOM  DECORATIVE FLASK,1576.96,380,126,4.8312307692307686
22208,WOOD STAMP SET THANK YOU,1576.4699999999998,1515,280,1.2702405498281786
22494,EMERGENCY FIRST AID TIN,1573.52,1089,245,1.905081300813008
22583,PACK OF 6 HANDBAG GIFT BOXES,1572.9499999999998,574,111,3.282212389380531
21509,COWBOYS AND INDIANS BIRTHDAY CARD,1572.28,3741,274,0.5317883211678832
85206A,CREAM FELT EASTER EGG BASKET,1572.2299999999998,976,114,1.755897435897436
23462,ROCOCO WALL MIRROR WHITE,1567.1399999999999,78,45,20.713555555555555
22085,PAPER CHAIN KIT SKULLS,1566.99,548,97,3.175714285714286
21913,VINTAGE SEASIDE JIGSAW PUZZLES,1565.83,398,148,4.369256756756757
85132A,CHARLIE + LOLA BISCUITS TINS,1565.6699999999998,547,110,5.088918918918919
22313,OFFICE MUG WARMER PINK,1564.8300000000002,565,65,3.51179104477612
21744,SNOWFLAKE PORTABLE TABLE LIGHT,1563.5500000000002,531,127,3.0406870229007636
84971S,SMALL HEART FLOWERS HOOK,1561.6999999999998,1786,172,1.1148
22818,CARD CHRISTMAS VILLAGE,1560.48,3657,244,0.4605691056910569
22675,FRENCH KITCHEN SIGN BLUE METAL,1558.91,1243,164,1.5485207100591716
20665,RED RETROSPOT PURSE,1546.2700000000002,461,156,4.068333333333333
20985,HEART CALCULATOR,1545.59,1183,131,1.634642857142857
22982,PANTRY PASTRY BRUSH,1545.02,1155,212,1.6353990610328637
22600,CHRISTMAS RETROSPOT STAR WOOD,1544.9299999999998,1700,193,1.0698477157360406
10133,COLOURING PENCILS BROWN TUBE,1544.22,2867,196,0.6502020202020202
22318,FIVE HEART HANGING DECORATION,1541.6200000000001,462,142,3.984685314685315
21898,POTTING SHED ROSE CANDLE,1541.11,493,25,2.6156
22176,BLUE OWL SOFT TOY,1539.8300000000002,513,115,3.309661016949153
22472,TV DINNER TRAY DOLLY GIRL,1536.91,322,107,6.159816513761467
22731,3D CHRISTMAS STAMPS STICKERS,1536.24,1172,143,1.5102083333333334
23267,SET OF 4 SANTA PLACE SETTINGS,1531.95,1202,108,1.4116216216216215
21200,MULTICOLOUR HONEYCOMB PAPER GARLAND,1531.1399999999999,1119,75,1.9658666666666667
84968E,SET OF 16 VINTAGE BLACK CUTLERY,1522.53,132,44,12.58
85049C,ROMANTIC PINKS RIBBONS,1518.19,1217,224,1.3543722943722944
22530,MAGIC DRAWING SLATE DOLLY GIRL,1517.72,3631,233,0.4992857142857143
22770,MIRROR CORNICE,1515.68,94,62,16.29064516129032
20668,DISCO BALL CHRISTMAS DECORATION,1512.92,12979,215,0.16364864864864864
21352,EUCALYPTUS & PINECONE  WREATH,1511.2600000000002,378,77,5.135454545454546
22591,CARDHOLDER GINGHAM CHRISTMAS TREE,1509.41,413,86,4.486511627906976
22471,TV DINNER TRAY AIR HOSTESS,1506.97,420,105,5.723490566037735
21361,LOVE LARGE WOOD LETTERS,1505.96,106,69,15.432028985507246
22905,CALENDAR IN SEASON DESIGN,1505.24,582,110,2.791339285714286
23250,VINTAGE RED TRIM ENAMEL BOWL,1501.03,1155,108,1.4721296296296298
21792,CLASSIC FRENCH STYLE BASKET GREEN,1497.72,344,76,5.041052631578947
23280,FOLDING BUTTERFLY MIRROR HOT PINK,1496.07,1868,152,1.067012987012987
22802,FAUX FUR CHOCOLATE THROW,1494.69,88,49,18.7646
23334,IVORY WICKER HEART SMALL,1491.75,2271,130,0.7883823529411764
72349B,SET/6 PURPLE BUTTERFLY T-LIGHTS,1490.89,731,114,2.46728813559322
37342,POLKADOT COFFEE CUP & SAUCER PINK,1489.01,1570,109,1.5553636363636365
23559,WOODLAND BUNNIES LOLLY MAKERS,1488.65,652,124,2.850236220472441
84580,MOUSE TOY WITH PINK T-SHIRT,1486.18,390,165,3.8623809523809522
23271,CHRISTMAS TABLE SILVER CANDLE SPIKE,1486.1,1718,103,1.0537735849056602
23392,SPACEBOY ROCKET LOLLY MAKERS,1485.43,667,113,2.683135593220339
35924,HANGING FAIRY CAKE DECORATION,1484.3,820,72,2.546081081081081
21327,SKULLS WRITING SET,1484.1299999999999,864,252,1.9820703124999999
21829,DINOSAUR KEYRINGS ASSORTED,1483.4199999999998,6873,177,0.2621546961325967
22203,MILK PAN RED RETROSPOT,1483.13,403,145,4.484551724137931
21619,4 VANILLA BOTANICAL CANDLES,1481.4,978,164,1.9742857142857144
21447,12 IVORY ROSE PEG PLACE SETTINGS,1478.1,969,148,1.7138926174496645
21470,FLOWER VINE RAFFIA FOOD COVER,1477.82,383,140,4.106808510638298
22664,TOY TIDY DOLLY GIRL DESIGN,1472.85,713,162,2.869320987654321
23034,DRAWER KNOB CERAMIC BLACK,1466.07,991,88,1.623478260869565
23365,SET 12 COLOUR PENCILS LOVE LONDON,1464.38,1859,169,0.7927428571428571
22713,CARD I LOVE LONDON,1462.56,3501,217,0.5386547085201794
21705,BAG 500g SWIRLY MARBLES,1462.1699999999998,1459,141,1.8397902097902097
84818,DANISH ROSE PHOTO FRAME,1461.6,1424,99,1.3434
23470,CARD HOLDER LOVE BIRD LARGE,1460.5,232,84,6.810714285714286
21872,GLAMOROUS  MUG,1459.98,1296,142,1.6600000000000001
15044A,PINK PAPER PARASOL,1456.72,464,102,3.663009708737864
22939,APRON APPLE DELIGHT,1456.69,287,80,5.80780487804878
22696,WICKER WREATH LARGE,1456.4499999999998,731,151,2.3436708860759494
22461,SAVOY ART DECO CLOCK,1453.5800000000002,239,53,10.390188679245282
21620,SET OF 4 ROSE BOTANICAL CANDLES,1451.99,897,165,2.041976744186046
21191,LARGE WHITE HONEYCOMB PAPER BELL,1451.82,562,95,3.066421052631579
23086,ZINC  STAR T-LIGHT HOLDER,1445.18,1220,46,1.5197872340425533
84031B,CHARLIE LOLA BLUE HOT WATER BOTTLE,1440.3700000000001,304,143,4.605068493150685
85054,FRENCH ENAMEL POT W LID,1436.5300000000002,589,115,3.47864406779661
23057,BEADED CHANDELIER T-LIGHT HOLDER,1435.8200000000002,698,38,4.784634146341464
22182,CAKE STAND VICTORIAN FILIGREE SMALL,1430.48,374,122,4.333870967741936
15058C,ICE CREAM DESIGN GARDEN PARASOL,1429.82,240,72,9.33361111111111
22306,SILVER MUG BONE CHINA TREE OF LIFE,1428.57,1174,111,1.8321739130434782
23249,VINTAGE RED ENAMEL TRIM PLATE,1426.1,842,80,1.8880246913580248
22922,FRIDGE MAGNETS US DINER ASSORTED,1422.8999999999999,1587,102,1.7672549019607842
21407,BROWN CHECK CAT DOORSTOP,1421.11,290,138,5.448623188405797
22285,HANGING HEN ON NEST DECORATION,1420.4699999999998,829,114,2.012542372881356
22976,CIRCUS PARADE CHILDRENS EGG CUP,1420.26,1091,143,1.5085714285714285
22714,CARD BIRTHDAY COWBOY,1415.73,3487,225,0.5433333333333333
22576,SWALLOW WOODEN CHRISTMAS DECORATION,1415.31,1539,173,1.0919662921348314
51014C,"FEATHER PEN,COAL BLACK",1415.09,2711,174,0.7176271186440678
21363,HOME SMALL WOOD LETTERS,1413.8400000000001,245,125,6.496846153846154
22531,MAGIC DRAWING SLATE CIRCUS PARADE,1413.25,3384,200,0.48763546798029556
82567,"AIRLINE LOUNGE,METAL SIGN",1412.27,713,291,2.0078498293515357
22436,12 COLOURED PARTY BALLOONS,1412.16,2155,163,0.7033136094674556
84536A,ENGLISH ROSE NOTEBOOK A7 SIZE,1409.8999999999999,3138,341,0.5375652173913043
22915,ASSORTED BOTTLE TOP  MAGNETS,1406.42,3152,184,1.1675135135135135
23119,PACK OF 6 LARGE FRUIT STRAWS,1402.32,2283,151,0.7780921052631579
23055,IVORY CHANDELIER T-LIGHT HOLDER,1401.43,658,38,5.636585365853659
21424,WOODLAND STORAGE BOX LARGE,1401.02,346,70,5.450571428571429
22443,GROW YOUR OWN HERBS SET OF 3,1399.69,165,90,8.736593406593407
22047,EMPIRE GIFT WRAP,1394.5,3425,106,0.417962962962963
23040,PAPER LANTERN 9 POINT SNOW STAR,1394.03,253,41,6.278372093023257
84813,SET OF 4 DIAMOND NAPKIN RINGS,1393.79,166,38,10.532105263157895
21537,RED RETROSPOT PUDDING BOWL,1392.21,333,61,4.500322580645161
84795B,SUNSET CHECK HAMMOCK,1390.64,176,48,9.090833333333334
23376,PACK OF 12 VINTAGE CHRISTMAS TISSUE,1389.59,3051,155,0.5071875
21519,GIN & TONIC DIET GREETING CARD,1389.22,3299,246,0.510609756097561
21382,SET/4 SPRING FLOWER DECORATION,1389.08,1148,128,2.017175572519084
22677,FRENCH BLUE METAL DOOR SIGN 2,1389.07,1001,188,1.7276190476190476
22063,CERAMIC BOWL WITH STRAWBERRY DESIGN,1388.1000000000001,590,120,3.63375
22071,SMALL WHITE RETROSPOT MUG IN BOX,1388.05,730,86,3.869438202247191
22735,RIBBON REEL SOCKS AND MITTENS,1387.46,746,136,2.533475177304964
22299,PIG KEYRING WITH LIGHT & SOUND,1386.97,1379,80,1.7235
21071,VINTAGE BILLBOARD DRINK ME MUG,1385.28,995,177,1.7081666666666666
22363,GLASS JAR MARMALADE,1383.75,481,81,3.781904761904762
21123,SET/10 IVORY POLKADOT PARTY CANDLES,1383.34,1145,154,1.1867295597484278
22609,PENS ASSORTED SPACEBALL,1381.78,5946,155,0.41575949367088605
23104,IVORY CAFE HANGING LAMP,1380.42,116,45,12.867111111111111
21820,GLITTER HEART GARLAND WITH BELLS,1379.72,332,90,5.000105263157895
23414,ZINC BOX SIGN HOME,1378.75,141,64,10.073749999999999
23546,WRAP PAISLEY PARK,1375.5,3275,120,0.42
23536,WALL ART VILLAGE SHOW,1369.71,240,67,7.079253731343283
23000,TRAVEL CARD WALLET TRANSPORT,1369.12,3171,278,0.5190035587188612
85227,SET OF 6 3D KIT CARDS FOR KIDS,1368.75,1488,223,1.1078481012658228
22304,COFFEE MUG BLUE PAISLEY DESIGN,1368.18,767,61,3.1091935483870965
22716,CARD CIRCUS PARADE,1365.95,3213,288,0.5244982698961937
22949,36 DOILIES DOLLY GIRL,1365.29,923,90,1.7124175824175822
23221,REINDEER HEART DECORATION SILVER,1363.87,1537,145,1.0746
22911,PAPER CHAIN KIT LONDON,1361.0400000000002,464,94,3.2412500000000004
23469,CARD HOLDER LOVE BIRD SMALL,1355.24,332,72,4.643611111111111
21039,RED RETROSPOT SHOPPING BAG,1353.6899999999998,523,90,3.0876666666666663
22754,SMALL RED BABUSHKA NOTEBOOK,1352.1699999999998,1953,266,1.0012962962962961
21615,4 LAVENDER BOTANICAL DINNER CANDLES,1349.17,892,135,2.0180575539568344
22421,LIPSTICK PEN FUSCHIA,1347.52,2598,213,0.61125
22399,MAGNETS PACK OF 4 CHILDHOOD MEMORY,1347.08,1152,98,1.326734693877551
21987,PACK OF 6 SKULL PAPER CUPS,1346.65,2113,171,0.7704545454545454
22917,HERB MARKER ROSEMARY,1344.77,1944,240,0.8454838709677419
22073,RED RETROSPOT STORAGE JAR,1343.64,336,69,4.9445205479452055
22912,YELLOW COAT RACK PARIS FASHION,1342.39,287,100,5.285841584158416
22293,HANGING CHICK GREEN DECORATION,1341.6699999999998,907,122,1.713953488372093
84828,JUNGLE POPSICLES ICE LOLLY MOULDS,1341.3700000000001,962,153,1.6052229299363059
23232,WRAP VINTAGE PETALS  DESIGN,1338.0,3300,104,0.4177142857142857
21624,VINTAGE UNION JACK DOORSTOP,1337.51,217,95,6.637346938775511
21246,RED RETROSPOT BIG BOWL,1336.78,286,96,4.550833333333333
23538,WALL ART VINTAGE HEART,1334.49,332,32,5.753939393939394
72802A,ROSE SCENT CANDLE IN JEWELLED BOX,1334.16,324,63,4.741692307692308
22650,CERAMIC PIRATE CHEST MONEY BANK,1333.75,860,143,1.915448275862069
22742,MAKE YOUR OWN PLAYTIME CARD KIT,1333.21,643,101,3.015
22362,GLASS JAR PEACOCK BATH SALTS,1329.44,408,133,4.104586466165413
85183B,CHARLIE & LOLA WASTEPAPER BIN FLORA,1323.37,996,118,1.8833613445378152
23405,HOME SWEET HOME 2 DRAWER CABINET,1321.38,254,70,5.957123287671233
22916,HERB MARKER THYME,1316.16,1908,237,0.8477551020408163
21179,NO JUNK MAIL METAL SIGN,1315.43,1942,266,1.1959124087591242
23373,VINTAGE CHRISTMAS PAPER GIFT BAG,1313.3899999999999,1608,100,0.9070999999999999
37447,CERAMIC CAKE DESIGN SPOTTED PLATE,1313.28,820,115,2.1011304347826085
22028,PENNY FARTHING BIRTHDAY CARD,1309.18,3054,262,0.5447348484848485
21195,PINK  HONEYCOMB PAPER BALL,1308.56,693,80,2.8253086419753086
22686,FRENCH BLUE METAL DOOR SIGN No,1308.38,993,158,1.8928481012658227
85199S,SMALL HANGING IVORY/RED WOOD BIRD,1305.25,2667,261,0.588978102189781
21064,BOOM BOX SPEAKER BOYS,1301.55,301,101,4.855233644859813
21627,ELEPHANT CARNIVAL POUFFE,1299.83,63,47,21.961489361702128
22439,6 ROCKET BALLOONS,1297.1200000000001,1904,197,0.7706862745098039
21793,CLASSIC FRENCH STYLE BASKET BROWN,1296.6100000000001,304,74,4.584533333333334
22310,IVORY KNITTED MUG COSY,1296.23,668,109,2.583693693693694
21866,UNION JACK FLAG LUGGAGE TAG,1296.13,750,193,1.948984771573604
21408,SPOTTY PINK DUCK DOORSTOP,1295.21,289,117,5.873499999999999
21422,PORCELAIN ROSE SMALL,1295.0,1607,63,1.104285714285714
22372,AIRLINE BAG VINTAGE WORLD CHAMPION,1289.49,279,147,5.0018918918918915
21616,4 PEAR BOTANICAL DINNER CANDLES,1288.34,822,138,1.964507042253521
84012,MAGIC SHEEP WOOL GROWING FROM PAPER,1283.99,1265,115,1.2425862068965516
21901,"KEY FOB , BACK DOOR",1280.49,1832,308,0.8911320754716981
23061,VINTAGE EMBOSSED HEART,1280.18,973,113,1.5402586206896551
22918,HERB MARKER PARSLEY,1278.6000000000001,1874,238,0.8465447154471545
21090,SET/6 COLLAGE PAPER PLATES,1278.23,2421,217,0.6380454545454546
47480,HANGING PHOTO CLIP ROPE LADDER,1277.4699999999998,748,86,2.4065909090909092
23072,MARIE ANTOINETTE TRINKET BOX SILVER,1273.76,334,30,13.725333333333333
85059,FRENCH ENAMEL WATER BASIN,1273.11,411,128,4.116821705426357
21211,SET OF 72 SKULL PAPER  DOILIES,1271.52,884,103,1.7333333333333334
21902,"KEY FOB , FRONT  DOOR",1270.8200000000002,1975,210,0.8811111111111111
47503A,ASS FLORAL PRINT MULTI SCREWDRIVER,1264.2,2758,163,0.5067647058823529
23511,EMBROIDERED RIBBON REEL EMILY,1256.17,573,98,2.3259405940594062
22572,ROCKING HORSE GREEN CHRISTMAS,1255.72,1393,179,1.0571505376344086
22977,DOLLY GIRL CHILDRENS EGG CUP,1253.86,951,135,1.476934306569343
23237,SET OF 4 KNICK KNACK TINS LEAVES,1253.7800000000002,306,54,4.204444444444444
23067,HANGING ENGRAVED METAL HEART,1249.1100000000001,297,78,4.344823529411765
71038,WHITE HANGING BEADS CANDLE HOLDER,1244.95,239,47,5.401020408163266
21262,WHITE GOOSE FEATHER CHRISTMAS TREE,1242.0600000000002,335,78,4.506125
22074,6 RIBBONS SHIMMERING PINKS,1241.32,1403,199,1.402189054726368
22442,GROW YOUR OWN FLOWERS SET OF 3,1241.3,296,78,6.787179487179487
23138,SINGLE WIRE HOOK IVORY HEART,1238.76,884,82,1.593448275862069
21175,GIN AND TONIC DIET METAL SIGN,1237.5,498,50,3.1483999999999996
22603,CHRISTMAS RETROSPOT TREE WOOD,1237.08,1389,171,1.0768361581920904
22338,STAR DECORATION PAINTED ZINC,1234.67,4683,180,0.4451871657754011
72817,SET OF 2 CHRISTMAS DECOUPAGE CANDLE,1232.27,1212,161,1.2376687116564418
22919,HERB MARKER MINT,1224.46,1757,240,0.8382186234817813
22613,PACK OF 20 SPACEBOY NAPKINS,1222.61,1538,145,1.0078231292517008
22575,METAL MERRY CHRISTMAS WREATH,1222.07,639,90,2.2024731182795696
22315,200 RED + WHITE BENDY STRAWS,1221.43,918,172,1.4564
23142,IVORY WIRE KITCHEN ORGANISER,1220.8200000000002,121,40,11.11675
82578,KITCHEN METAL SIGN,1218.95,2060,305,0.7517799352750809
23598,PAPER BUNTING VINTAGE PARTY,1218.48,428,47,3.2291666666666665
82599,FANNY'S REST STOPMETAL SIGN,1217.73,508,141,2.8935664335664337
22711,WRAP CIRCUS PARADE,1213.34,2927,103,0.41923076923076924
72800E,4 IVORY DINNER CANDLES SILVER FLOCK,1213.29,541,136,2.596338028169014
22589,CARDHOLDER GINGHAM STAR,1212.82,379,79,3.6482716049382713
21846,PINK DIAMANTE PEN IN GIFT BOX,1206.97,424,103,4.093398058252427
22168,ORGANISER WOOD ANTIQUE WHITE,1205.3,143,76,8.488815789473684
84884A,ANT WHITE WIRE HEART SPIRAL,1201.91,301,78,4.802307692307692
23026,DRAWER KNOB VINTAGE GLASS STAR,1201.04,557,62,2.3233846153846156
23444,Next Day Carriage,1200.0,79,79,15.189873417721518
21986,PACK OF 12 PINK POLKADOT TISSUES,1197.73,4067,189,0.4273298429319371
21899,"KEY FOB , GARAGE DESIGN",1193.46,1904,131,0.8479104477611941
22081,RIBBON REEL FLORA + FAUNA,1193.0,654,138,2.3087857142857144
22453,MEASURING TAPE BABUSHKA BLUE,1191.69,444,78,2.7603703703703704
22755,SMALL PURPLE BABUSHKA NOTEBOOK,1190.51,1690,251,0.9778125
21070,VINTAGE BILLBOARD MUG,1186.23,1107,107,1.6288990825688074
22921,HERB MARKER CHIVES,1184.1200000000001,1721,209,0.8387441860465117
23539,WALL ART LOVES' SECRET,1180.35,239,39,6.626250000000001
22597,MUSICAL ZINC HEART DECORATION,1179.8799999999999,2764,176,0.653756906077348
23225,CHERUB HEART DECORATION SILVER,1177.0,1356,88,1.0910112359550561
21628,TRIANGULAR POUFFE VINTAGE,1176.6000000000001,64,33,21.548823529411763
23431,NATURAL HANGING QUILTED HEARTS,1175.3799999999999,1454,72,1.3431168831168832
85039B,S/4 IVORY MINI ROSE CANDLE IN BOWL,1174.6299999999999,806,172,1.6247398843930634
20984,12 PENCILS TALL TUBE POSY,1173.8999999999999,3812,170,0.38441340782122907
21742,LARGE ROUND WICKER PLATTER,1173.53,195,91,6.091276595744682
21065,BOOM BOX SPEAKER GIRLS,1172.48,564,90,4.404148936170213
22924,FRIDGE MAGNETS LA VIE EN ROSE,1169.8999999999999,1313,87,1.3682022471910111
22757,LARGE RED BABUSHKA NOTEBOOK,1168.99,1097,163,1.5358536585365854
23418,LAVENDER TOILETTE BOTTLE,1168.08,558,79,2.556
84313C,ORANGE TV TRAY TABLE,1165.9099999999999,504,43,3.9976744186046513
23508,MINI PLAYING CARDS DOLLY GIRL,1165.13,2631,120,0.46515151515151515
23515,EMBROIDERED RIBBON REEL DAISY,1164.98,579,71,2.3925
23269,SET OF 2 CERAMIC CHRISTMAS TREES,1163.1299999999999,786,94,1.7055670103092784
22334,DINOSAUR PARTY BAG + STICKER SET,1160.7099999999998,707,101,1.7907843137254902
22680,FRENCH BLUE METAL DOOR SIGN 5,1160.29,844,153,1.6492948717948719
22708,WRAP DOLLY GIRL,1160.0,2800,100,0.4192
23566,EGG CUP MILKMAID HEIDI,1159.43,883,83,1.7635714285714283
20801,LARGE PINK GLASS SUNDAE DISH,1157.8,1013,81,1.610731707317073
23507,MINI PLAYING CARDS BUFFALO BILL,1156.51,2884,119,0.4726356589147287
85132B,CHARLIE AND LOLA TABLE TINS,1156.1699999999998,529,75,3.5270666666666664
21773,DECORATIVE ROSE BATHROOM BOTTLE,1154.17,1170,163,1.7692073170731706
22678,FRENCH BLUE METAL DOOR SIGN 3,1152.81,844,160,1.6685093167701863
21774,DECORATIVE CATS BATHROOM BOTTLE,1152.4,1095,186,1.9209625668449197
22325,MOBILE VINTAGE HEARTS,1151.3,250,93,5.083617021276596
20956,PORCELAIN T-LIGHT HOLDERS ASSORTED,1149.02,824,101,1.7746601941747573
22320,BIRDS MOBILE VINTAGE DESIGN,1147.27,189,73,6.261232876712329
22497,SET OF 2 TINS VINTAGE BATHROOM,1145.15,225,100,5.873168316831682
21043,APRON MODERN VINTAGE COTTON,1143.76,494,90,2.968241758241758
21693,SMALL HAMMERED SILVER CANDLEPOT,1143.3100000000002,373,50,3.3346153846153848
21947,SET OF 6 HEART CHOPSTICKS,1142.15,813,152,1.6932075471698111
22376,AIRLINE BAG VINTAGE JET SET WHITE,1141.7,254,122,4.71976
21395,BLUE POLKADOT BEAKER,1141.3999999999999,2844,90,0.5398901098901099
22923,FRIDGE MAGNETS LES ENFANTS ASSORTED,1140.97,1372,80,0.9941975308641976
23506,MINI PLAYING CARDS SPACEBOY,1139.2,2747,146,0.46128205128205124
22581,WOOD STOCKING CHRISTMAS SCANDISPOT,1138.98,1571,177,0.8753260869565217
22094,RED RETROSPOT TISSUE BOX,1138.2,2172,200,1.051291866028708
84912B,GREEN ROSE WASHBAG,1136.6,324,160,3.4351533742331286
22416,SET OF 36 DOILIES SPACEBOY DESIGN,1135.3999999999999,817,68,1.5816176470588235
22446,PIN CUSHION BABUSHKA PINK,1135.18,439,133,2.8105882352941176
85159B,"WHITE TEA,COFFEE,SUGAR JARS",1134.5,622,59,2.090677966101695
22155,STAR DECORATION RUSTIC,1134.45,2454,142,0.5763576158940398
22153,ANGEL DECORATION STARS ON DRESS,1134.25,2653,131,0.5453623188405796
22539,MINI JIGSAW DOLLY GIRL,1130.58,2921,136,0.5570212765957446
85087,CANDY SPOT CUSHION COVER,1129.99,339,125,3.48024
47585A,PINK FAIRY CAKE CUSHION COVER,1129.44,264,83,4.854216867469879
21830,ASSORTED CREEPY CRAWLIES,1127.23,2669,99,0.4685436893203883
22211,WOOD STAMP SET FLOWERS,1124.04,1009,196,1.2926237623762378
22815,CARD PSYCHEDELIC APPLES,1123.8799999999999,2640,268,0.48988847583643125
84944,SET OF 6 KASHMIR FOLKART BAUBLES,1121.9099999999999,711,83,2.0518823529411763
47580,TEA TIME DES TEA COSY,1121.82,390,110,3.2895535714285713
22608,PENS ASSORTED FUNKY JEWELED,1121.48,5247,144,0.3293793103448276
21809,CHRISTMAS HANGING TREE WITH BELL,1119.56,1966,117,0.945609756097561
23510,MINI PLAYING CARDS GYMKHANA,1119.22,2522,120,0.4965873015873016
22060,LARGE CAKE STAND HANGING HEARTS,1118.95,233,34,5.2081081081081075
23411,TRELLIS COAT RACK,1118.6100000000001,227,56,5.844035087719298
21984,PACK OF 12 PINK PAISLEY TISSUES,1116.9499999999998,3473,212,0.46861751152073733
21466,RED FLOWER CROCHET FOOD COVER,1116.89,304,112,3.8950892857142856
22997,TRAVEL CARD WALLET UNION JACK,1115.93,2595,222,0.49198237885462553
22817,CARD SUKI BIRTHDAY,1114.81,2639,290,0.48220689655172416
23513,EMBROIDERED RIBBON REEL SUSIE,1114.26,566,70,2.306
22758,LARGE PURPLE BABUSHKA NOTEBOOK,1112.75,1197,178,1.4922651933701658
22342,HOME GARLAND PAINTED ZINC,1111.58,997,128,1.840078125
23375,50'S CHRISTMAS PAPER GIFT BAG,1108.8899999999999,1352,103,0.9358653846153846
23433,HANGING QUILTED PATCHWORK APPLES,1108.58,1258,89,1.5002247191011233
22444,GROW YOUR OWN PLANT IN A CAN,1107.87,839,57,1.7827586206896553
85116,BLACK CANDELABRA T-LIGHT HOLDER,1106.88,941,89,1.4657777777777776
85127,SMALL SQUARE CUT GLASS CANDLESTICK,1106.54,187,51,6.9253846153846155
22984,CARD GINGHAM ROSE,1106.17,2717,163,0.4787272727272727
85114A,BLACK ENCHANTED FOREST PLACEMAT,1105.21,649,56,2.0494642857142855
85036C,ROSE 1 WICK MORRIS BOXED CANDLE,1104.8600000000001,758,84,2.3958695652173914
22819,"BIRTHDAY CARD, RETRO SPOT",1104.81,2608,270,0.4670740740740741
22221,CAKE STAND LOVEBIRD 2 TIER PINK,1104.54,131,51,10.617450980392157
21824,PAINTED METAL STAR WITH HOLLY BELLS,1102.81,1917,117,0.7702479338842976
21688,SILVER PLATE CANDLE BOWL SMALL,1101.2800000000002,348,57,3.8033333333333337
22309,TEA COSY RED  STRIPE,1093.6,370,121,3.734552845528455
23087,ZINC  HEART T-LIGHT HOLDER,1090.66,868,69,1.5915942028985506
23432,PRETTY HANGING QUILTED HEARTS,1090.02,1278,74,1.351315789473684
21818,GLITTER HEART DECORATION,1088.98,2470,142,0.5524516129032258
15056bl,EDWARDIAN PARASOL BLACK,1086.88,87,62,12.489354838709678
23102,SILVER HEARTS TABLE DECORATION,1086.6499999999999,1288,157,0.9681481481481482
21469,POLKA DOT RAFFIA FOOD COVER,1085.32,290,89,3.8392134831460676
21991,BOHEMIAN COLLAGE STATIONERY SET,1080.82,635,211,2.004245283018868
21224,SET/4 SKULL BADGES,1080.0,914,165,1.0932934131736527
84459B,YELLOW METAL CHICKEN HEART,1079.67,721,91,2.0770652173913042
51014L,"FEATHER PEN,LIGHT PINK",1079.34,2071,149,0.6543708609271524
23347,I LOVE LONDON BEAKER,1077.3,860,97,1.5569387755102042
22611,VINTAGE UNION JACK SHOPPING BAG,1077.03,225,46,5.553829787234043
22245,"HOOK, 1 HANGER ,MAGIC GARDEN",1070.85,1263,98,1.1772999999999998
23041,PAPER LANTERN 9 POINT SNOW STAR,1070.5800000000002,246,48,4.6675
21288,STRIPEY CHOCOLATE NESTING BOXES,1070.26,358,110,3.307857142857143
22123,PING MICROWAVE APRON,1069.1699999999998,509,122,3.000806451612903
35648,VINTAGE BEAD PINK PURSE,1068.32,981,128,1.4621212121212122
21819,GLITTER CHRISTMAS STAR,1067.82,2473,124,0.5425185185185185
82001S,SILVER RECORD COVER FRAME,1067.76,287,26,5.2226923076923075
23033,DRAWER KNOB CERAMIC RED,1067.6,720,74,1.81
21391,FRENCH LAVENDER SCENT HEART,1064.44,1079,106,1.4953571428571428
23516,EMBROIDERED RIBBON REEL SOPHIE,1062.35,297,42,3.8459999999999996
23331,DECORATIVE WICKER HEART SMALL,1062.28,1596,109,0.781578947368421
22995,TRAVEL CARD WALLET SUKI,1062.0,2389,266,0.541037037037037
20931,BLUE POT PLANT CANDLE,1060.9,299,68,5.06
84459A,PINK METAL CHICKEN HEART,1059.67,717,91,2.208315789473684
22438,BALLOON ART MAKE YOUR OWN FLOWERS,1058.69,1022,98,1.7415384615384615
85035B,CHOCOLATE 3 WICK MORRIS BOX CANDLE,1058.35,620,70,3.3202816901408454
22190,LOCAL CAFE MUG,1057.71,676,116,2.180769230769231
23402,HOME SWEET HOME 3 PEG HANGER,1057.28,272,64,4.484923076923077
21464,DISCO BALL ROTATOR BATTERY OPERATED,1055.25,249,105,4.245238095238095
21949,SET OF 6 STRAWBERRY CHOPSTICKS,1054.44,801,144,1.8067586206896553
22152,PLACE SETTING WHITE STAR,1053.5,2408,105,0.5525454545454545
16016,LARGE CHINESE STYLE SCISSOR,1053.45,1273,65,0.8460000000000001
23327,HANGING CLEAR MINI BOTTLE,1051.14,1734,41,0.7871428571428571
22066,LOVE HEART TRINKET POT,1051.05,2255,135,0.6727777777777777
16237,SLEEPING CAT ERASERS,1048.56,4994,290,0.29757575757575755
21508,VINTAGE KID DOLLY CARD,1046.98,2490,213,0.5545327102803739
23419,HOME SWEET HOME BOTTLE,1045.8,474,86,2.6657471264367816
22163,HEART STRING MEMO HOLDER HANGING,1042.78,875,122,1.7872580645161291
85180A,RED HEARTS LIGHT CHAIN,1042.66,503,63,3.13359375
23231,WRAP  VINTAGE DOILY,1039.08,2474,94,0.42
22808,SET OF 6 T-LIGHTS EASTER CHICKS,1038.8700000000001,345,75,3.601466666666667
79302M,"ART LIGHTS,FUNK MONKEY",1037.54,370,62,3.553809523809524
21821,GLITTER STAR GARLAND WITH BELLS,1037.05,251,62,5.067142857142858
22402,MAGNETS PACK OF 4 VINTAGE COLLAGE,1035.58,1723,151,0.6826923076923077
22024,RAINY LADIES BIRTHDAY CARD,1033.81,2430,213,0.586046511627907
23088,ZINC HEART FLOWER T-LIGHT HOLDER,1033.28,795,79,1.627594936708861
22091,EMPIRE TISSUE BOX,1033.22,1991,167,0.9419767441860466
21788,KIDS RAIN MAC BLUE,1032.6399999999999,1297,85,0.9082954545454545
22860,EASTER TIN CHICKS PINK DAISY,1032.62,598,107,1.9602702702702703
20967,GREY FLORAL FELTCRAFT SHOULDER BAG,1031.69,266,83,4.110952380952381
21803,CHRISTMAS TREE STAR DECORATION,1031.56,2390,198,0.4508
22231,JIGSAW TREE WITH BIRDHOUSE,1029.76,1000,144,1.2234228187919463
21679,SKULLS  STICKERS,1028.58,1140,138,1.12731884057971
15044C,PURPLE PAPER PARASOL,1025.94,314,88,3.841685393258427
22614,PACK OF 12 SPACEBOY TISSUES,1024.8999999999999,3034,219,0.450625
22679,FRENCH BLUE METAL DOOR SIGN 4,1024.28,741,152,1.721372549019608
20966,SANDWICH BATH SPONGE,1022.8,719,97,1.9605154639175257
21188,3D HEARTS  HONEYCOMB PAPER GARLAND,1021.9000000000001,326,50,3.834705882352941
23452,HEART MINI PORTRAIT FRAME,1021.76,518,87,2.07183908045977
23153,ZINC SWEETHEART WIRE LETTER RACK,1020.69,263,90,4.236666666666666
22673,FRENCH GARDEN SIGN BLUE METAL,1019.83,794,131,1.4869402985074627
22459,CAST IRON HOOK GARDEN TROWEL,1018.19,386,25,3.5335999999999994
23525,WALL ART BUFFALO BILL,1014.8500000000001,335,37,4.351578947368421
85039A,SET/4 RED MINI ROSE CANDLE IN BOWL,1013.92,706,162,1.6264634146341463
21617,4 LILY  BOTANICAL DINNER CANDLES,1013.01,528,102,2.4162264150943398
21354,TOAST ITS - BEST MUM,1010.21,801,95,1.5753608247422681
21198,WHITE HEART CONFETTI IN TUBE,1008.4699999999999,1029,71,1.4479166666666667
22279,POCKET BAG BLUE PAISLEY RED SPOT,1007.15,834,128,1.4134586466165415
23460,SWEETHEART WALL TIDY,1007.0799999999999,108,43,9.900930232558139
72816,SET/3 CHRISTMAS DECOUPAGE CANDLES,1006.27,893,69,1.917
21467,CHERRY CROCHET FOOD COVER,1004.39,264,104,3.990096153846154
22098,BOUDOIR SQUARE TISSUE BOX,1003.19,1994,172,0.9594444444444444
23121,PACK OF 6 COCKTAIL PARASOL STRAWS,1002.54,2506,111,0.5484166666666667
22695,WICKER WREATH SMALL,1001.49,741,123,1.74696
21355,TOAST ITS - I LOVE YOU,998.83,794,120,1.3611811023622047
23533,WALL ART GARDEN HAVEN,998.64,215,36,6.166944444444445
85232D,SET/3 DECOUPAGE STACKING TINS,997.47,194,69,5.941
22069,BROWN  PIRATE TREASURE CHEST,996.8,416,146,3.186486486486486
23517,EMBROIDERED RIBBON REEL REBECCA,996.38,334,63,3.4480952380952385
84558A,3D DOG PICTURE PLAYING CARDS,996.2600000000001,336,81,3.110470588235294
10125,MINI FUNKY DESIGN TAPES,994.84,1296,91,0.8596808510638299
22242,5 HOOK HANGER MAGIC TOADSTOOL,994.3799999999999,640,34,1.9782352941176469
21648,ASSORTED TUTTI FRUTTI SMALL PURSE,992.79,737,66,1.8604411764705882
20886,BOX OF 9 PEBBLE CANDLES,988.18,486,103,2.4715238095238092
23281,FOLDING BUTTERFLY MIRROR RED,985.88,1262,99,0.9833333333333333
35651,VINTAGE BEAD PINK SCARF,985.8399999999999,451,58,2.9
35471D,SET OF 3 BIRD LIGHT PINK FEATHER,984.5699999999999,1862,223,0.9068376068376068
20802,SMALL GLASS SUNDAE DISH CLEAR,984.4699999999999,739,63,1.942063492063492
23518,EMBROIDERED RIBBON REEL RACHEL,983.3000000000001,362,44,3.0913333333333335
22500,SET OF 2 TINS JARDIN DE PROVENCE,980.7,253,96,4.782376237623763
21948,SET OF 6 CAKE CHOPSTICKS,979.48,641,153,1.9000641025641023
22857,ASSORTED EASTER GIFT TAGS,977.7599999999999,1159,61,1.31546875
23514,EMBROIDERED RIBBON REEL SALLY,977.39,478,74,2.349189189189189
23512,EMBROIDERED RIBBON REEL ROSIE,977.3199999999999,501,57,2.3124137931034485
85064,CREAM SWEETHEART LETTER RACK,976.25,215,30,6.697333333333333
22681,FRENCH BLUE METAL DOOR SIGN 6,973.15,710,126,1.680703125
21112,"SWISS ROLL TOWEL, PINK  SPOTS",971.44,653,43,2.4974418604651163
84843,WHITE SOAP RACK WITH 2 BOTTLES,969.8000000000001,172,48,6.570816326530613
22307,GOLD MUG BONE CHINA TREE OF LIFE,969.64,770,74,2.222
22209,WOOD STAMP SET HAPPY BIRTHDAY,968.3699999999999,950,173,1.1965168539325841
21058,PARTY INVITES WOODLAND,968.2099999999999,1157,122,0.9692913385826771
22599,CHRISTMAS MUSICAL ZINC STAR,967.7599999999999,1953,123,0.6486290322580645
23183,MOTHER'S KITCHEN SPOON REST,967.17,226,84,4.879411764705883
21389,IVORY HANGING DECORATION  BIRD,966.78,1116,128,0.9460294117647059
47504H,ENGLISH ROSE SPIRIT LEVEL,964.38,978,118,1.7283898305084744
23107,WHITE HEARTS WIRE PLANT POT HOLDER,963.27,343,71,3.2097183098591553
70007,HI TEC ALPINE HAND WARMER,962.9599999999999,845,107,2.1074107142857144
22540,MINI JIGSAW CIRCUS PARADE,960.86,2519,91,0.5225
22210,WOOD STAMP SET BEST WISHES,959.6999999999999,1019,187,1.1272820512820512
20846,ZINC HEART LATTICE T-LIGHT HOLDER,958.57,717,88,1.6094444444444445
22994,TRAVEL CARD WALLET RETROSPOT,958.2,2197,218,0.5273303167420814
20733,GOLD MINI TAPE MEASURE,958.06,1236,205,0.8459134615384615
23529,WALL ART DOLLY GIRL,956.0500000000002,319,26,4.647307692307693
23380,PACK OF 12 VINTAGE DOILY TISSUES,955.42,2272,119,0.48677685950413224
22262,FELT EGG COSY CHICKEN,953.8599999999999,1027,137,1.1012499999999998
84913A,SOFT PINK ROSE TOWEL,952.83,273,124,3.4126612903225806
84819,DANISH ROSE ROUND SEWING BOX,951.79,811,62,2.2196774193548388
22939,ADULT APRON APPLE DELIGHT,950.83,185,45,6.331304347826087
84509G,SET OF 4 FAIRY CAKE PLACEMATS,950.49,517,66,3.0195454545454545
84596G,SMALL CHOCOLATES PINK BOWL,949.92,1857,245,0.6247389558232932
21683,MEDIUM MEDINA STAMPED METAL BOWL,948.7000000000002,310,58,3.3927586206896554
21717,EASTER TIN BUCKET,946.93,408,41,2.684878048780488
15044B,BLUE PAPER PARASOL,946.83,321,60,3.506666666666667
47593B,SCOTTIE DOGS BABY BIB,946.13,1987,245,0.6978542510121458
22270,HAPPY EASTER HANGING DECORATION,945.9499999999999,244,53,4.406071428571429
21507,"ELEPHANT, BIRTHDAY CARD,",945.46,2210,167,0.5207185628742514
23178,JAM CLOCK MAGNET,943.9200000000001,330,68,3.323428571428572
22986,WRAP GINGHAM ROSE,943.92,2276,82,0.41926829268292676
22246,MAGIC GARDEN FELT GARLAND,939.3699999999999,419,89,2.825056179775281
22132,RED LOVE HEART SHAPE CUP,939.03,1038,154,1.2053896103896105
35646,VINTAGE BEAD PINK EVENING BAG,937.25,619,94,2.0357291666666666
22281,EASTER TREE YELLOW BIRDS,935.39,132,63,7.988437500000001
20752,BLUE POLKADOT WASHING UP GLOVES,935.1500000000001,414,148,2.413
20686,DOLLY MIXTURE CHILDREN'S UMBRELLA,932.42,270,77,3.8638461538461537
21462,"NURSERY A,B,C PAINTED LETTERS",932.4,198,73,6.4089041095890416
22893,MINI CAKE STAND T-LIGHT HOLDER,931.02,1872,142,0.6406293706293706
21682,LARGE MEDINA STAMPED METAL BOWL,930.96,182,55,5.496545454545455
23179,CLOCK MAGNET MUM'S KITCHEN,930.48,324,53,3.5243396226415094
22046,TEA PARTY  WRAPPING PAPER,929.0,2250,75,0.4189333333333333
22103,MIRROR MOSAIC T-LIGHT HOLDER ROUND,928.04,1260,26,2.0864285714285713
23099,FRENCH CARRIAGE LANTERN,925.35,137,58,7.039152542372881
23002,TRAVEL CARD WALLET SKULLS,925.29,2145,192,0.5216751269035533
85103,SILVER T-LIGHT SETTING,924.29,143,28,7.292142857142857
22701,PINK DOG BOWL,922.89,549,115,2.5988793103448278
17091J,VANILLA INCENSE IN TIN,920.67,2084,95,0.7027272727272726
21802,CHRISTMAS TREE HEART DECORATION,920.4,2125,180,0.45300546448087425
85114C,RED ENCHANTED FOREST PLACEMAT,920.2199999999999,516,75,1.9419230769230769
72799E,IVORY PILLAR CANDLE SILVER FLOCK,919.94,452,76,2.828205128205128
21786,POLKADOT RAIN HAT,918.25,1940,226,0.6665811965811965
23338,EGG FRYING PAN RED,915.4000000000001,431,109,2.3390825688073393
85034A,3 GARDENIA MORRIS BOXED CANDLES,915.15,501,74,2.7155421686746988
23472,NINE DRAWER OFFICE TIDY,909.37,59,33,16.05705882352941
21894,POTTING SHED SEED ENVELOPES,908.33,597,130,1.8154477611940296
23004,TRAVEL CARD WALLET PANTRY,906.9399999999999,2011,221,0.6006167400881057
37501,TEA TIME TEA SET IN GIFT BOX,906.83,133,49,6.676530612244897
22519,CHILDS GARDEN BRUSH PINK,906.7500000000001,411,88,2.6006818181818185
84519A,TOMATO CHARLIE+LOLA COASTER SET,905.55,512,88,2.508522727272727
85114B,IVORY ENCHANTED FOREST PLACEMAT,904.14,478,77,2.1969230769230768
23532,WALL ART WORK REST AND PLAY,901.58,210,31,5.301612903225807
85131A,BEADED PEARL HEART WHITE ON STICK,901.48,996,119,0.9148739495798318
22118,JOY WOODEN BLOCK LETTERS,901.46,232,89,5.1425274725274726
22106,MIRROR MOSAIC HURRICANE LAMP,898.38,349,47,5.131914893617021
21465,PINK FLOWER CROCHET FOOD COVER,897.8,237,79,3.934430379746835
22277,COSMETIC BAG VINTAGE ROSE PAISLEY,897.74,417,100,2.6088
22682,FRENCH BLUE METAL DOOR SIGN 7,896.75,677,113,1.5951754385964911
21631,HIPPY CHIC DECORATIVE PARASOL,896.01,169,27,8.337407407407408
22936,BAKING MOULD ROSE WHITE CHOCOLATE,895.97,279,50,4.326153846153846
22719,GUMBALL MONOCHROME COAT RACK,895.72,620,109,2.0745454545454542
21633,SUNFLOWER DECORATIVE PARASOL,895.46,125,42,10.163571428571428
22761,CHEST 7 DRAWER MA CAMPAGNE,895.38,36,26,25.533846153846152
22814,CARD PARTY GAMES,893.51,2141,235,0.4926271186440678
22251,BIRDHOUSE DECORATION MAGIC GARDEN,891.99,714,137,1.527142857142857
21743,STAR PORTABLE TABLE LIGHT,890.6,300,49,3.8572
84823,DANISH ROSE FOLDING CHAIR,890.4000000000001,112,25,7.95
21189,WHITE HONEYCOMB PAPER GARLAND,888.67,355,72,2.5816438356164384
21199,PINK  HEART CONFETTI IN TUBE,888.3299999999999,966,78,1.5878481012658228
84536B,FAIRY CAKES NOTEBOOK A7 SIZE,888.14,2102,178,0.5553631284916201
21209,MULTICOLOUR HONEYCOMB FAN,886.24,1224,89,1.396629213483146
22524,CHILDRENS GARDEN GLOVES BLUE,883.1999999999999,642,81,1.616829268292683
46776F,WOVEN ROSE GARDEN CUSHION COVER,883.12,210,89,4.2064044943820225
22317,FIVE CATS HANGING DECORATION,882.6200000000001,287,89,3.647777777777778
22321,BIRD DECORATION RED RETROSPOT,881.3299999999999,917,132,1.280375939849624
85176,SEWING SUSAN 21 NEEDLE SET,880.4699999999999,918,172,1.2030232558139533
23479,WIRE EGG BASKET,880.23,114,44,8.257333333333333
23502,PLAYING CARDS VINTAGE DOILY,880.16,701,92,1.3027956989247311
84030e,ENGLISH ROSE HOT WATER BOTTLE,877.76,108,41,8.488181818181818
22308,TEA COSY BLUE STRIPE,877.38,250,105,4.214476190476191
23423,PANTRY 3 HOOK ROLLING PIN HANGER,876.9,219,66,4.536969696969697
21695,SMALL SILVER FLOWER CANDLE POT,875.3800000000001,290,41,3.355714285714286
21399,BLUE POLKADOT COFFEE MUG,874.29,2066,71,0.7916666666666666
22343,PARTY PIZZA DISH RED RETROSPOT,873.9,1977,94,0.5985263157894737
22565,FELTCRAFT HAIRBANDS PINK AND WHITE,873.52,934,148,1.1052
22683,FRENCH BLUE METAL DOOR SIGN 8,871.49,644,119,1.6489166666666668
85049H,URBAN BLACK RIBBONS,870.35,849,184,1.059468085106383
23220,REINDEER HEART DECORATION GOLD,869.9799999999999,994,103,1.0803809523809524
21204,DAISIES  HONEYCOMB GARLAND,868.4399999999999,499,85,1.9561176470588233
21708,FOLDING UMBRELLA CREAM POLKADOT,868.0600000000001,191,64,4.326153846153846
23545,WRAP RED VINTAGE DOILY,866.0,2100,68,0.41884057971014493
22068,BLACK PIRATE TREASURE CHEST,863.38,531,143,2.358503401360544
21359,RELAX LARGE WOOD LETTERS,860.23,130,29,10.807666666666666
84849D,HOT BATHS SOAP HOLDER,859.0,494,114,1.8581739130434782
21880,RED RETROSPOT TAPE,858.7800000000001,1903,240,0.48406639004149377
85135C,RED DRAGONFLY HELICOPTER,856.38,106,67,8.074705882352943
21823,PAINTED METAL HEART WITH HOLLY BELL,854.74,1373,97,0.9383809523809524
85183A,CHARLIE & LOLA WASTEPAPER BIN BLUE,852.04,667,86,1.5657954545454544
84535B,FAIRY CAKES NOTEBOOK A6 SIZE,850.2,1332,155,0.9028205128205128
84006,MAGIC TREE -PAPER FLOWERS,849.55,919,105,1.0532075471698112
22706,WRAP COWBOYS,847.94,2057,71,0.4188732394366197
22105,MIRROR MOSAIC GOBLET CANDLE HOLDER,847.82,574,33,3.9760606060606065
22537,MAGIC DRAWING SLATE DINOSAUR,844.84,1931,171,0.49137931034482757
22862,LOVE HEART NAPKIN BOX,843.95,175,66,5.3963768115942035
23564,EGG CUP MILKMAID INGRID,841.31,644,76,1.7567105263157894
22162,HEART GARLAND RUSTIC PADDED,841.24,264,91,3.2348913043478262
23551,PACK OF 12 PAISLEY PARK TISSUES,841.01,1843,136,0.5141134751773049
37327,ASSTD MULTICOLOUR CIRCLES MUG,840.47,1579,81,1.637738095238095
20839,FRENCH PAISLEY CUSHION COVER,840.4399999999999,575,105,2.385047619047619
15034,PAPER POCKET TRAVELING FAN,840.0200000000001,6591,138,0.3739855072463768
22276,WASH BAG VINTAGE ROSE PAISLEY,838.86,290,85,3.3250588235294116
84997a,CHILDRENS CUTLERY POLKADOT GREEN,837.29,101,60,8.29
22254,FELT TOADSTOOL LARGE,836.8000000000001,657,61,1.6237704918032787
21125,SET 6 FOOTBALL CELEBRATION CANDLES,834.73,660,103,1.3183177570093458
20986,BLUE CALCULATOR RULER,833.49,657,113,1.5878813559322034
22587,FELTCRAFT HAIRBAND RED AND BLUE,833.0699999999999,921,161,1.040181818181818
22217,T-LIGHT HOLDER HANGING LACE,832.51,840,82,1.3173493975903614
22102,MIRROR MOSAIC T-LIGHT HOLDER,831.84,1622,31,2.0570967741935484
21642,ASSORTED TUTTI FRUTTI PEN,831.0199999999999,2472,101,0.4938461538461538
21804,WHITE CHRISTMAS GARLAND STARS TREES,830.03,225,65,3.7701515151515155
22454,MEASURING TAPE BABUSHKA RED,827.82,290,41,3.059767441860465
22341,LOVE GARLAND PAINTED ZINC,827.6299999999999,453,78,2.4683333333333333
22249,DECORATION WHITE CHICK MAGIC GARDEN,826.46,944,145,0.9992948717948718
21294,ETCHED GLASS COASTER,825.49,1618,71,0.8383561643835616
22093,MOTORING TISSUE BOX,824.08,1835,160,0.5990419161676647
85194L,HANGING SPRING FLOWER EGG LARGE,823.7399999999999,948,73,1.0274324324324324
21905,MORE BUTTER METAL SIGN,823.71,761,160,1.4059627329192548
72818,CHRISTMAS DECOUPAGE CANDLE,821.98,1845,76,0.7696153846153846
21291,SMALL POLKADOT CHOCOLATE GIFT BAG,819.64,943,52,1.0317307692307691
23186,FRENCH STYLE STORAGE JAR CAFE,819.4599999999999,1982,70,0.3409859154929577
85169A,IVORY LOVE BIRD CANDLE,813.02,812,88,1.3231460674157303
85049a,TRADITIONAL CHRISTMAS RIBBONS,812.84,244,36,3.2977777777777777
79191C,RETRO PLASTIC ELEPHANT TRAY,812.53,1105,65,0.8364615384615384
21789,KIDS RAIN MAC PINK,806.1999999999999,928,92,0.9391666666666666
84509B,SET OF 4 FAIRY CAKE PLACEMATS,806.04,217,79,3.8036250000000003
22099,CARAVAN SQUARE TISSUE BOX,804.65,1446,153,0.948780487804878
79160,HEART SHAPE WIRELESS DOORBELL,802.13,447,49,2.084363636363636
23409,PHOTO FRAME LINEN AND LACE LARGE,801.6800000000001,215,43,3.8148837209302324
22705,WRAP GREEN PEARS,801.36,1908,77,0.42
22546,MINI JIGSAW PURDEY,800.4,2104,86,0.5341379310344827
85185B,PINK HORSE SOCK PUPPET,797.1400000000001,262,57,3.5003225806451614
85170D,SET/6 PINK BIRD T-LIGHT CANDLES,796.99,451,100,2.7365
23487,SWEET HEART CAKE CARRIER,795.5799999999999,80,44,10.365454545454545
85035A,GARDENIA 3 WICK MORRIS BOXED CANDLE,795.05,279,81,3.8021839080459774
85173,SET/6 FROG PRINCE T-LIGHT CANDLES,795.02,479,86,2.90367816091954
22566,FELTCRAFT HAIRBAND PINK AND PURPLE,794.88,879,150,1.0457692307692308
21162,TOXIC AREA  DOOR HANGER,794.15,1465,162,0.9817575757575758
23335,EGG FRYING PAN IVORY,792.86,378,96,2.326326530612245
23106,ZINC HEARTS PLANT POT HOLDER,792.47,283,52,2.9438461538461542
22340,NOEL GARLAND PAINTED ZINC,792.28,1411,128,0.7605384615384616
21504,SKULLS GREETING CARD,788.97,1915,115,0.4847413793103448
23568,EGG CUP HENRIETTA HEN CREAM,787.52,630,48,1.7454166666666666
21680,WOODLAND  STICKERS,786.31,868,103,1.2149514563106796
84279B,CHERRY BLOSSOM DECORATIVE FLASK,785.95,195,69,4.501666666666667
23115,RED APPLES CHOPPING BOARD,785.1700000000001,155,45,5.802765957446809
21272,SALLE DE BAIN HOOK,783.8199999999999,553,103,1.7344954128440366
21158,MOODY GIRL DOOR HANGER,783.8199999999999,1474,170,0.959217877094972
85163B,BLACK BAROQUE WALL CLOCK,783.68,84,36,12.721666666666668
22518,CHILDS GARDEN BRUSH BLUE,783.5400000000001,363,81,2.668024691358025
84660A,WHITE STITCHED WALL CLOCK,783.45,843,42,1.6857142857142857
85159A,"BLACK TEA,COFFEE,SUGAR JARS",783.3499999999999,453,47,1.9734042553191489
22685,FRENCH BLUE METAL DOOR SIGN 0,780.8,594,99,1.5481818181818183
22451,SILK PURSE BABUSHKA RED,779.1500000000001,223,51,4.131538461538462
22228,BUNNY WOODEN PAINTED WITH BIRD,778.63,1001,147,0.9301351351351351
21983,PACK OF 12 BLUE PAISLEY TISSUES,777.67,2301,155,0.44819354838709674
85231B,CINAMMON SET OF 9 T-LIGHTS,777.5799999999999,868,151,1.073896103896104
85032A,ROMANTIC IMAGES GIFT WRAP SET,777.1400000000001,790,135,1.0904411764705884
22422,TOOTHPASTE TUBE PEN,776.75,1274,205,1.0335406698564593
84509a,SET OF 4 ENGLISH ROSE PLACEMATS,775.84,104,68,7.46
22586,FELTCRAFT HAIRBAND PINK AND BLUE,774.55,856,161,1.0627777777777776
84519B,CARROT CHARLIE+LOLA COASTER SET,774.55,472,126,2.364609375
22522,CHILDS GARDEN FORK BLUE,774.29,932,128,0.8965151515151515
21084,SET/6 COLLAGE PAPER CUPS,773.14,2610,181,0.5010869565217392
21927,BLUE/CREAM STRIPE CUSHION COVER,771.15,623,99,1.2481
21618,4 WILDFLOWER BOTANICAL CANDLES,770.87,406,91,2.4527551020408165
22133,PINK LOVE HEART SHAPE CUP,770.73,816,133,1.286390977443609
22252,BIRDCAGE DECORATION TEALIGHT HOLDER,770.32,650,67,1.236619718309859
85125,SMALL ROUND CUT GLASS CANDLESTICK,770.2900000000001,163,33,5.193823529411765
21530,DAIRY MAID TOASTRACK,769.57,777,104,1.614952380952381
22985,WRAP BILLBOARD FONTS DESIGN,769.02,1831,64,0.42
22986,GINGHAM ROSE WRAP,768.18,1829,73,0.42
23140,TRIPLE WIRE HOOK IVORY HEART,766.1,182,52,4.535769230769231
22025,RING OF ROSES BIRTHDAY CARD,766.09,1847,130,0.5506818181818182
23006,TRAVEL CARD WALLET FLOWER MEADOW,765.27,1764,173,0.5186206896551724
22786,CUSHION COVER PINK UNION JACK,764.63,123,47,7.620212765957446
21707,FOLDING UMBRELLA BLACKBLUE POLKADOT,763.6600000000001,160,74,4.881351351351352
23550,WRAP ALPHABET POSTER,763.1,1855,64,0.41875
23458,DOLLY CABINET 3 DRAWERS,762.4499999999999,51,30,14.95
85212,MINI PAINTED GARDEN DECORATION,761.4,2476,79,0.5147560975609756
23025,DRAWER KNOB VINTAGE GLASS BALL,760.8000000000001,350,54,2.269814814814815
85130B,BEADED CRYSTAL HEART GREEN LARGE,760.4300000000001,834,62,1.382741935483871
23123,COCKTAIL SWORDS 50 PIECES,760.4,936,95,1.0125
23524,WALL ART HORSE & PONY,760.32,225,46,4.593478260869565
17084R,ASSORTED INCENSE PACK,760.3199999999999,4032,27,0.20259259259259257
21287,SCENTED VELVET LOUNGE CANDLE,760.15,1790,55,0.5452727272727272
10002,INFLATABLE POLITICAL GLOBE,759.89,860,71,1.086619718309859
21822,GLITTER CHRISTMAS TREE WITH BELLS,759.44,740,97,1.309811320754717
85036A,GARDENIA 1 WICK MORRIS BOXED CANDLE,759.35,223,60,3.898
22753,SMALL YELLOW BABUSHKA NOTEBOOK,758.98,1011,217,0.9662727272727272
22480,RED TEA TOWEL CLASSIC DESIGN,757.21,631,73,1.2945945945945945
21383,PACK OF 12 STICKY BUNNIES,755.83,998,167,1.012457142857143
22336,DOVE DECORATION PAINTED ZINC,754.4100000000001,2383,79,0.6251807228915662
84913B,MINT GREEN ROSE TOWEL,754.07,196,86,3.64
23223,CHRISTMAS TREE HANGING SILVER,751.8499999999999,803,88,1.0837362637362635
22495,SET OF 2 ROUND TINS CAMEMBERT,751.7700000000001,283,98,3.6413131313131313
22523,CHILDS GARDEN FORK PINK,751.66,865,135,0.947720588235294
23124,18PC WOODEN CUTLERY SET DISPOSABLE,751.38,567,43,1.751627906976744
20748,KENSINGTON COFFEE SET,751.17,57,34,13.468235294117648
21126,SET OF 6 GIRLS CELEBRATION CANDLES,750.2,593,126,1.334765625
84763,ZINC FINISH 15CM PLANTER POTS,748.34,601,57,1.4157894736842105
22481,BLACK TEA TOWEL CLASSIC DESIGN,748.08,827,128,1.0716030534351144
22322,BIRD DECORATION GREEN POLKADOT,747.81,820,139,1.1363309352517985
85032B,BLOSSOM IMAGES GIFT WRAP SET,747.7900000000001,798,133,1.0748507462686567
21215,IVORY PAPER CUP CAKE CASES,745.45,1089,124,0.91671875
22258,FELT FARM ANIMAL RABBIT,743.89,912,77,1.325194805194805
22316,200 BENDY SKULL STRAWS,743.62,661,55,1.3703571428571428
21643,ASSORTED TUTTI FRUTTI MIRROR,743.31,550,60,1.8401666666666665
23282,FOLDING BUTTERFLY MIRROR IVORY,742.92,794,133,1.2622222222222224
22393,PAPERWEIGHT VINTAGE COLLAGE,741.98,512,71,2.902361111111111
22097,SWALLOW SQUARE TISSUE BOX,739.57,1610,145,0.6839999999999999
22264,FELT FARM ANIMAL WHITE BUNNY,738.68,1563,96,1.0341
23114,VINTAGE LEAF CHOPPING BOARD,737.95,149,45,5.451333333333333
21677,HEARTS  STICKERS,737.8399999999999,835,119,1.0332773109243696
84660B,BLACK STITCHED WALL CLOCK,734.86,709,40,2.0719512195121954
23435,3 RAFFIA RIBBONS VINTAGE CHRISTMAS,734.7900000000001,827,99,0.8966
22250,DECORATION  BUTTERFLY  MAGIC GARDEN,732.65,821,147,1.0474496644295301
22400,MAGNETS PACK OF 4 HOME SWEET HOME,731.82,1400,150,0.6586163522012578
22985,"WRAP, BILLBOARD FONTS DESIGN",731.42,1951,35,0.4154285714285714
72803A,ROSE SCENT CANDLE JEWELLED DRAWER,730.97,531,41,4.261190476190476
22821,GIFT BAG PSYCHEDELIC APPLES,730.47,1183,139,0.7047142857142857
23562,SET OF 6 RIBBONS PERFECTLY PRETTY,730.37,253,43,3.267777777777778
21398,RED POLKADOT COFFEE  MUG,729.6,1532,63,1.2461904761904763
90200D,PINK SWEETHEART BRACELET,729.57,176,78,4.189113924050633
22856,ASSORTED EASTER DECORATIONS  BELLS,729.57,569,27,3.9481481481481477
22684,FRENCH BLUE METAL DOOR SIGN 9,728.57,533,98,1.6995049504950495
20996,JAZZ HEARTS ADDRESS BOOK,727.46,3194,225,0.31912663755458515
22718,CARD CAT AND TREE,727.31,1657,168,0.5745882352941176
84754,S/15 SILVER GLASS BAUBLES IN BAG,725.52,558,62,1.7536507936507935
21883,STARS GIFT TAPE,725.4200000000001,1653,133,0.6445864661654136
85131D,BEADED CRYSTAL HEART PINK ON STICK,725.26,850,206,0.8429126213592232
46775D,SUNSET COLOUR CHUNKY KNITTED THROW,720.93,60,39,11.514871794871794
85032C,CURIOUS IMAGES GIFT WRAP SET,719.84,685,140,1.1848251748251748
79067,CORONA MEXICAN TRAY,719.69,172,38,5.865263157894737
23222,CHRISTMAS TREE HANGING GOLD,718.53,799,75,1.0467532467532468
21630,FLOOR CUSHION ELEPHANT CARNIVAL,718.14,69,35,12.1
84581,DOG TOY WITH PINK CROCHET SKIRT,717.21,189,90,3.842967032967033
22026,BANQUET BIRTHDAY  CARD,717.12,1656,160,0.5722981366459627
21775,DECORATIVE FLORE BATHROOM BOTTLE,716.86,515,139,1.8763309352517985
22201,FRYING PAN BLUE POLKADOT,716.8,193,87,4.299540229885057
23042,PAPER LANTERN 7 POINT SNOW STAR,711.51,103,28,7.361428571428571
20866,BLUE ROSE FABRIC MIRROR,710.95,598,90,1.486043956043956
84817,DANISH ROSE DECORATIVE PLATE,710.64,951,55,1.4351785714285714
21636,MADRAS NOTEBOOK MEDIUM,709.66,919,73,0.8476250000000001
23070,EDWARDIAN HEART PHOTO FRAME,709.5400000000001,160,44,5.090909090909091
21143,ANTIQUE GLASS HEART DECORATION,709.18,328,36,2.4612820512820512
21739,COSY SLIPPER SHOES SMALL GREEN,708.98,256,111,2.7664601769911505
21289,LARGE STRIPES CHOCOLATE GIFT BAG,708.75,567,49,1.25
22514,CHILDS GARDEN SPADE BLUE,706.5500000000001,303,99,2.5246
22981,PANTRY APPLE CORER,705.5799999999999,472,105,1.8662385321100916
21356,TOAST ITS - FAIRY FLOWER,704.55,643,151,1.2192810457516339
16235,RECYCLED PENCIL WITH RABBIT ERASER,702.96,3104,168,0.31585798816568045
21106,CREAM SLICE FLANNEL CHOCOLATE SPOT,702.51,237,53,3.8114814814814815
21208,PASTEL COLOUR HONEYCOMB FAN,697.77,940,83,1.2677380952380952
20704,MR ROBOT SOFT TOY,697.7,216,44,5.847727272727273
85049D,BRIGHT BLUES RIBBONS,697.49,549,107,1.294954954954955
85078,SCANDINAVIAN 3 HEARTS NAPKIN RING,696.8,1932,124,1.001290322580645
23120,PACK OF 6 SMALL FRUIT STRAWS,695.41,1716,100,0.4647787610619469
84707A,SILVER JEWELLED MIRROR TRINKET TRAY,695.23,95,45,9.787555555555555
23187,FRENCH STYLE STORAGE JAR BONBONS,695.06,2338,74,0.3154666666666667
21066,VINTAGE RED MUG,694.72,703,54,1.5279999999999998
84660C,PINK STITCHED WALL CLOCK,693.32,661,45,2.494666666666667
21650,ASSORTED TUTTI FRUTTI BRACELET,692.85,2550,132,0.5017985611510791
16225,RATTLE SNAKE EGGS,691.85,815,102,1.4593269230769232
35923,CANDY HEART HANGING DECORATION,690.52,1318,62,0.7807936507936507
21696,SMALL SILVER TRELLIS CANDLEPOT,690.1000000000001,230,33,3.2911764705882356
22403,MAGNETS PACK OF 4 VINTAGE LABELS,689.67,1323,125,0.8908730158730159
21317,GLASS SPHERE CANDLE STAND MEDIUM,689.53,112,34,6.621666666666666
79066K,RETRO MOD TRAY,689.34,783,146,1.0782876712328768
85071B,RED CHARLIE+LOLA PERSONAL DOORSIGN,688.91,1301,125,0.8738636363636364
22324,BLUE POLKADOT KIDS BAG,688.3,286,74,3.4390666666666667
21629,SQUARE FLOOR CUSHION VINTAGE RED,687.95,73,42,10.399090909090908
20902,VINTAGE KEEPSAKE BOX PARIS DAYS,686.86,112,56,6.938035714285715
23597,PAPER BUNTING PAISLEY PARK,684.97,251,31,3.171818181818182
21163,DO NOT TOUCH MY STUFF DOOR HANGER,684.62,1201,127,1.0143382352941175
22339,CHRISTMAS TREE PAINTED ZINC,683.3100000000001,2468,83,0.43829545454545454
85019B,BLOSSOM  IMAGES NOTEBOOK SET,682.97,512,36,1.9597222222222221
22062,CERAMIC BOWL WITH LOVE HEART DESIGN,682.01,588,73,1.5628048780487807
35001G,HAND OPEN SHAPE GOLD,681.59,199,30,3.713939393939394
23325,RUSTIC STRAWBERRY JAM POT SMALL,681.54,426,32,1.8299999999999998
22136,LOVE HEART SOCK HANGER,680.93,379,84,2.297471264367816
46776B,WOVEN BERRIES CUSHION COVER,679.67,161,88,4.211818181818182
21205,MULTICOLOUR 3D BALLS GARLAND,677.1899999999999,253,68,2.811971830985915
22806,SET OF 6 T-LIGHTS WEDDING CAKE,677.0400000000001,260,38,3.388421052631579
84659A,WHITE TRAVEL ALARM CLOCK,676.27,280,89,2.4769662921348314
23428,IVORY RETRO KITCHEN WALL CLOCK,675.91,77,33,9.915454545454546
40001,WHITE BAMBOO RIBS LAMPSHADE,675.2299999999999,821,56,1.084642857142857
22999,TRAVEL CARD WALLET RETRO PETALS,674.53,1545,105,0.4811926605504587
22267,EASTER DECORATION EGG BUNNY,673.17,836,83,1.094470588235294
21351,CINAMMON & ORANGE WREATH,672.88,104,34,6.652222222222222
47591d,PINK FAIRY CAKE CHILDRENS APRON,672.24,134,56,4.968928571428571
21261,GREEN GOOSE FEATHER CHRISTMAS TREE,672.09,187,45,5.107777777777778
37475,SET/4 COLOURFUL MIXING BOWLS,671.93,71,43,9.829090909090908
84923,PINK BUTTERFLY HANDBAG W BOBBLES,671.62,162,98,4.146326530612245
22618,COOKING SET RETROSPOT,671.53,69,28,10.612857142857141
22535,MAGIC DRAWING SLATE BUNNIES,671.01,1766,134,0.4825547445255474
22204,MILK PAN BLUE POLKADOT,669.54,197,79,3.7055
22057,CERAMIC PLATE STRAWBERRY DESIGN,667.92,584,61,1.41327868852459
47574A,ENGLISH ROSE SCENTED HANGING FLOWER,665.95,549,114,1.8899137931034482
20767,BLUE PAISLEY JOURNAL,663.7099999999999,253,79,2.8604878048780487
85199L,LARGE HANGING IVORY & RED WOOD BIRD,663.4300000000001,977,95,0.8388421052631578
21613,S/12 VANILLA  BOTANICAL T-LIGHTS,661.9300000000001,227,42,3.1461904761904766
23547,WRAP FLOWER SHOP,661.5,1575,62,0.42
22450,SILK PURSE BABUSHKA BLUE,661.11,195,58,3.5143333333333335
23482,PEARLISED IVORY HEART LARGE,661.02,418,39,1.765897435897436
22615,PACK OF 12 CIRCUS PARADE TISSUES,660.7299999999999,2075,102,0.49213592233009706
18098C,PORCELAIN BUTTERFLY OIL BURNER,658.75,213,49,3.680980392156863
72349b,SET/6 PURPLE BUTTERFLY T-LIGHTS,658.51,159,82,4.144634146341463
22756,LARGE YELLOW BABUSHKA NOTEBOOK,656.52,599,123,1.4316260162601626
22448,PIN CUSHION BABUSHKA RED,656.4300000000001,201,45,3.8984444444444444
20658,RED RETROSPOT LUGGAGE TAG,653.36,434,105,1.7475925925925926
46776A,WOVEN BUBBLE GUM CUSHION COVER,651.95,155,70,4.203714285714286
21187,WHITE BELL HONEYCOMB PAPER GARLAND,651.75,371,48,2.1109999999999998
23224,CHERUB HEART DECORATION GOLD,649.02,738,71,1.0394366197183098
22525,CHILDRENS GARDEN GLOVES PINK,648.97,489,74,1.7722972972972975
22533,MAGIC DRAWING SLATE BAKE A CAKE,646.49,1787,88,0.457191011235955
22715,CARD WEDDING DAY,645.64,1543,130,0.5171538461538462
21747,SMALL SKULL WINDMILL,645.61,485,54,1.5116666666666665
22067,CHOC TRUFFLE GOLD TRINKET POT,645.2199999999999,412,70,2.060958904109589
85177,BASKET OF FLOWERS SEWING KIT,645.06,813,63,1.03703125
23408,PHOTO FRAME LINEN AND LACE SMALL,644.8000000000001,310,59,2.08
84789,ENCHANTED BIRD PLANT CAGE,644.47,187,48,4.033877551020408
21640,ASSORTED TUTTI FRUTTI  FOB NOTEBOOK,644.03,662,78,1.1350588235294117
17021,NAMASTE SWAGAT INCENSE,643.14,2427,47,0.2947368421052632
21808,"CHRISTMAS GARLAND STARS,TREES",641.58,181,48,3.54
22389,PAPERWEIGHT SAVE THE PLANET,641.55,338,45,2.582888888888889
21446,12 RED ROSE PEG PLACE SETTINGS,640.92,457,105,1.567241379310345
35810A,ENAMEL PINK COFFEE CONTAINER,640.92,634,75,1.6450649350649351
84929,ASSTD FRUIT+FLOWERS FRIDGE MAGNETS,637.5600000000001,2412,65,0.2896923076923077
85141,JARDIN ETCHED GLASS FRUITBOWL,635.74,124,39,5.59046511627907
23492,VINTAGE JINGLE BELLS WREATH,635.38,76,28,8.549285714285714
21054,NURSE'S BAG SOFT TOY,634.53,70,29,9.226896551724137
22396,MAGNETS PACK OF 4 RETRO PHOTO,634.43,1232,128,0.7482706766917293
84086C,PINK/PURPLE RETRO RADIO,634.07,222,53,2.969818181818182
21784,SHOE SHINE BOX,633.0699999999999,57,44,11.448181818181817
20840,FRENCH FLORAL CUSHION COVER,632.3199999999999,533,74,2.004
23453,OVAL  MINI PORTRAIT FRAME,631.5799999999999,324,47,1.9868627450980392
23454,THREE MINI HANGING FRAMES,630.75,147,50,4.5131578947368425
23216,LAUREL HEART ANTIQUE GOLD,630.73,525,44,1.446888888888889
72232,FENG SHUI PILLAR CANDLE,630.23,3317,65,0.19
21417,COCKLE SHELL DISH,629.8000000000001,340,68,2.994264705882353
84596L,BISCUITS SMALL BOWL LIGHT BLUE,629.8,1255,172,0.7042196531791908
23019,SMALL APOTHECARY MEASURING JAR,629.0500000000001,81,28,8.078571428571427
20932,PINK POT PLANT CANDLE,628.7900000000001,204,35,4.676
23027,DRAWER KNOB VINTAGE GLASS HEXAGON,627.95,295,30,2.216666666666667
23471,SIX DRAWER OFFICE TIDY,626.74,66,27,10.155
79163,BLACK CHAMPAGNE GLASS,626.55,1529,35,0.498
22559,SEASIDE FLYING DISC,626.53,505,81,1.5980246913580247
20735,BLACK MINI TAPE MEASURE,625.8,623,112,1.1194642857142856
22194,BLACK DINER WALL CLOCK,625.6899999999999,66,44,9.790227272727272
21865,PINK UNION JACK  PASSPORT COVER,625.23,274,106,2.5596363636363635
21426,WOODLAND STORAGE BOX SMALL,624.58,256,46,3.8434042553191494
22269,EGG CUP NATURAL CHICKEN,622.74,933,125,1.0433070866141732
22035,VINTAGE CARAVAN GREETING CARD,622.36,1464,137,0.5739130434782609
21684,SMALL MEDINA STAMPED METAL BOWL,622.3,783,47,1.2502083333333334
22520,CHILDS GARDEN TROWEL BLUE,622.0999999999999,719,113,0.9045217391304348
22129,PARTY CONES CANDY DECORATION,621.96,454,67,2.337910447761194
23425,STORAGE TIN HOME SWEET HOME,621.44,275,56,3.0989285714285715
20772,GARDEN PATH JOURNAL,621.1899999999999,247,65,2.752153846153846
23180,MUM'S KITCHEN CLOCK,621.09,122,49,5.939387755102041
22116,METAL SIGN HIS DINNER IS SERVED,620.42,575,148,1.4704729729729729
84637,KITCHEN FLOWER POTS WALL PLAQUE,619.59,116,83,5.3020481927710845
23528,WALL ART SPACEBOY,618.59,173,37,5.19972972972973
22288,HANGING METAL RABBIT DECORATION,618.2,475,58,1.5996825396825396
22953,BIRTHDAY PARTY CORDON BARRIER TAPE,617.11,478,97,1.3616326530612244
21171,BATHROOM METAL SIGN,613.14,438,73,1.7678082191780824
22420,LIPSTICK PEN BABY PINK,611.72,1334,126,0.589922480620155
20893,HANGING BAUBLE T-LIGHT HOLDER SMALL,611.57,269,26,3.0392592592592593
20764,ABSTRACT CIRCLES SKETCHBOOK,610.8100000000001,144,76,4.657820512820513
22021,BLUE FELT EASTER EGG BASKET,610.4499999999999,365,71,1.73986301369863
22129,PARTY CONES CANDY TREE DECORATION,609.56,740,33,1.276176470588235
85036B,CHOCOLATE 1 WICK MORRIS BOX CANDLE,609.4300000000001,369,49,2.2178846153846155
22515,CHILDS GARDEN SPADE PINK,608.95,266,84,2.6092857142857144
22359,GLASS JAR KINGS CHOICE,608.72,184,81,3.6485365853658536
85170C,SET/6 EAU DE NIL BIRD T-LIGHTS,608.53,335,72,2.6856944444444446
22233,JIGSAW RABBIT AND BIRDHOUSE,607.7299999999999,597,105,1.286330275229358
21709,FOLDING UMBRELLA CHOCOLATE POLKADOT,607.23,133,59,4.667118644067797
72598,SET/12 TAPER CANDLES,605.89,607,93,1.2690526315789472
22595,CHRISTMAS GINGHAM HEART,605.8,649,54,1.1770370370370369
22999,TRAVEL CARD WALLET VINTAGE LEAF,605.78,1415,117,0.48099173553719005
84625A,PINK NEW BAROQUECANDLESTICK CANDLE,605.48,478,42,2.6080952380952382
22232,JIGSAW TOADSTOOLS 3 PIECE,604.4599999999999,690,83,1.0685542168674698
23520,EMBROIDERED RIBBON REEL RUBY,604.3,168,32,3.960909090909091
22255,FELT TOADSTOOL  SMALL,602.63,629,77,1.185844155844156
21159,MOODY BOY  DOOR HANGER,602.18,1127,124,1.0252000000000001
35971,ROSE FOLKART HEART DECORATIONS,600.93,462,88,1.8164835164835167
21448,12 DAISY PEGS IN WOOD BOX,600.8699999999999,349,77,1.907142857142857
85017B,ENVELOPE 50 BLOSSOM IMAGES,600.29,1077,158,0.6770440251572326
21014,SWISS CHALET TREE DECORATION,598.8199999999999,1385,119,0.6728455284552844
22266,EASTER DECORATION HANGING BUNNY,596.5,1888,92,0.5670000000000001
22642,SET OF 4 NAPKIN CHARMS STARS,596.36,269,51,2.645283018867924
17012B,ORIGAMI JASMINE INCENSE/CANDLE SET,595.85,525,85,1.8828235294117646
21292,SMALL STRIPES CHOCOLATE GIFT BAG,594.51,867,28,0.874642857142857
23377,PACK OF 12 DOLLY GIRL TISSUES,593.62,1354,133,0.557007299270073
21253,SET OF PICTURE FRAME  STICKERS,593.37,135,62,5.002698412698413
22247,BUNNY DECORATION MAGIC GARDEN,593.14,670,113,1.0170338983050846
21581,SKULLS  DESIGN  COTTON TOTE BAG,590.67,252,79,2.8841772151898732
21015,DARK BIRD HOUSE TREE DECORATION,590.13,1485,142,0.6599305555555556
22319,HAIRCLIPS FORTIES FABRIC ASSORTED,587.86,1346,61,0.5696825396825397
23499,SET 12 VINTAGE DOILY CHALK,587.49,1315,110,0.4820869565217391
85180B,PINK HEARTS LIGHT CHAIN,587.2,271,48,3.28375
22096,PINK PAISLEY SQUARE TISSUE BOX,586.82,1373,117,0.6418253968253969
23565,EGG CUP MILKMAID HELGA,586.31,410,63,1.8453968253968254
84748,FOLK FELT HANGING MULTICOL GARLAND,585.86,208,61,3.24125
21576,LETS GO SHOPPING COTTON TOTE BAG,585.34,252,78,2.5892307692307694
22825,DECORATIVE PLANT POT WITH FRIEZE,584.37,73,28,8.479285714285714
22703,PINK CAT BOWL,583.33,360,123,1.754390243902439
85071A,BLUE CHARLIE+LOLA PERSONAL DOORSIGN,583.23,1041,111,0.8838938053097345
85172,HYACINTH BULB T-LIGHT CANDLES,583.12,1346,43,0.6838297872340425
20832,RED FLOCK LOVE HEART PHOTO FRAME,582.03,1091,82,0.7383333333333334
22785,SQUARECUSHION COVER PINK UNION JACK,581.23,173,42,7.178571428571429
21096,SET/6 FRUIT SALAD  PAPER PLATES,581.09,1259,105,0.5745714285714285
85136A,YELLOW SHARK HELICOPTER,580.36,72,53,8.047454545454546
85144,JARDIN ETCHED GLASS CHEESE DISH,579.35,221,40,3.7988372093023255
20702,PINK PADDED MOBILE,577.79,135,42,4.343953488372093
23324,RUSTIC STRAWBERRY JAM POT LARGE,577.48,279,38,2.2357894736842105
22260,FELT EGG COSY BLUE RABBIT,577.4399999999999,552,104,1.2758878504672895
21264,WHITE GOOSE FEATHER TREE 60CM,575.55,285,48,2.354081632653061
22820,GIFT BAG BIRTHDAY,575.4200000000001,940,77,0.6137179487179487
23125,6PC WOOD PLATE SET DISPOSABLE,574.88,459,38,1.9131578947368422
22337,ANGEL DECORATION PAINTED ZINC,574.5400000000001,912,77,0.7082051282051283
21675,BUTTERFLIES STICKERS,573.36,634,110,1.1361261261261262
21468,BUTTERFLY CROCHET FOOD COVER,572.23,148,66,4.010606060606061
85130D,BEADED CRYSTAL HEART PINK LARGE,569.29,565,62,1.5017460317460318
21251,DINOSAUR HEIGHT CHART STICKER SET,568.98,182,46,3.5830434782608696
23069,EDWARDIAN PHOTO FRAME,568.71,90,32,6.4381818181818184
23219,LAUREL STAR ANTIQUE SILVER,568.6,430,61,1.52765625
84796A,PINK HAWAIIAN PICNIC HAMPER FOR 2,568.13,61,43,9.327209302325581
23381,PACK OF 12 VINTAGE LEAF TISSUES,567.9499999999999,1509,80,0.47397590361445785
21899,GARAGE KEY FOB,567.76,780,147,0.9047999999999999
23413,VINTAGE COFFEE GRINDER BOX,566.1800000000001,110,30,6.217096774193548
22482,BLUE TEA TOWEL CLASSIC DESIGN,565.86,478,53,1.2656603773584905
22272,FELTCRAFT DOLL MARIA,564.9200000000001,196,48,3.0626530612244904
85019A,ROMANTIC IMAGES NOTEBOOK SET,564.35,414,33,2.033333333333333
23272,TREE T-LIGHT HOLDER WILLIE WINKIE,562.2199999999999,364,44,1.916818181818182
84569D,PACK 6 HEART/ICE-CREAM PATCHES,561.87,468,98,1.3728282828282827
21219,SET/4 BADGES BALLOON GIRL,561.84,448,89,1.4985555555555556
85032D,YULETIDE IMAGES GIFT WRAP SET,561.34,687,93,1.1588297872340425
71279,PINK GLASS CANDLEHOLDER,561.32,176,38,3.6590000000000003
22286,"DECORATION , WOBBLY RABBIT , METAL",560.93,319,48,2.1029411764705883
84912A,PINK ROSE WASHBAG,560.62,156,74,3.5262162162162163
85016,SET OF 6 VINTAGE NOTELETS KIT,560.11,563,42,2.0207142857142855
85163A,WHITE BAROQUE WALL CLOCK,559.0,66,32,11.20625
21849,SILVER DIAMANTE PEN IN GIFT BOX,558.83,175,66,3.8204347826086957
85025B,EAU DE NILE HEART SHAPE PHOTO FRAME,558.42,331,38,2.3194871794871794
23451,SQUARE MINI PORTRAIT FRAME,558.12,278,52,2.2674074074074073
21194,PINK  HONEYCOMB PAPER FAN,558.07,499,65,1.6838805970149253
90062,CARNIVAL BRACELET,558.03,44,26,12.656538461538462
21662,VINTAGE GLASS COFFEE CADDY,557.3000000000001,86,26,8.161538461538461
85187,S/12 MINI RABBIT EASTER,556.53,337,69,1.8753521126760564
23074,EMBOSSED HEART TRINKET BOX,555.59,250,48,2.6120408163265303
84951B,SET OF 4 BLACK LOVEBIRD COASTERS,554.78,451,82,1.8233734939759036
85184C,SET 4 VALENTINE DECOUPAGE HEART BOX,554.6,172,62,3.8176923076923077
17129F,BLUE GLASS GEMS IN BAG,553.8299999999999,588,57,1.37
84951A,SET OF 4 PISTACHIO LOVEBIRD COASTER,553.8,476,93,1.8128723404255318
79030G,TUMBLER NEW ENGLAND,553.53,1267,53,1.3900000000000001
35599D,PINK AND WHITE CHRISTMAS TREE 120CM,553.07,201,34,4.017058823529412
23473,WOODLAND SMALL RED FELT HEART,552.85,679,51,0.9509615384615384
47563A,RETRO LONGBOARD IRONING BOARD COVER,552.76,286,105,2.571132075471698
21638,ASSORTED TUTTI FRUTTI NOTEBOOK,551.96,249,40,2.555365853658537
35965,FOLKART HEART NAPKIN RINGS,551.13,366,69,2.3904347826086956
35599B,BLACK CHRISTMAS TREE 120CM,551.13,217,27,3.4596296296296294
17012D,ORIGAMI ROSE INCENSE/CANDLE SET,550.64,463,97,1.8204040404040405
22903,CALENDAR FAMILY FAVOURITES,550.6,193,59,3.033728813559322
21397,BLUE POLKADOT EGG CUP,550.43,1075,65,1.0604615384615383
23456,MEDIUM PARLOUR PICTURE FRAME,550.0,136,34,4.126470588235295
22261,FELT EGG COSY WHITE RABBIT,549.81,585,107,1.1205172413793103
23549,WRAP BIRD GARDEN,548.1,1305,52,0.42
21128,GOLD FISHING GNOME,546.6,68,36,10.019166666666667
85107,CUT GLASS T-LIGHT HOLDER OCTAGON,546.49,251,27,2.516774193548387
84598,BOYS ALPHABET IRON ON PATCHES,546.04,1975,99,0.38494949494949493
22023,EMPIRE BIRTHDAY CARD,543.76,1218,146,0.5986486486486486
22513,DOORSTOP FOOTBALL DESIGN,543.65,153,67,4.653235294117647
23398,HANGING HEART BONHEUR,538.75,610,69,1.0375641025641025
22496,SET OF 2 ROUND TINS DUTCH CHEESE,538.0600000000001,254,79,3.028
84625C,BLUE NEW BAROQUE CANDLESTICK CANDLE,536.41,449,35,2.384857142857143
22717,CARD DOG AND BALL,535.78,1229,131,0.5551908396946565
82613D,METAL SIGN CUPCAKE SINGLE HOOK,535.49,697,111,1.3680357142857142
85088,CANDY SPOT HAND BAG,534.83,259,51,2.3871153846153845
23660,HENRIETTA HEN MUG,534.66,306,42,2.2404761904761905
85114c,RED ENCHANTED FOREST PLACEMAT,534.66,162,35,3.298
22521,CHILDS GARDEN TROWEL PINK,533.16,618,104,0.9143636363636364
22543,MINI JIGSAW BAKE A CAKE,531.64,1455,55,0.49912280701754386
17012F,ORIGAMI SANDLEWOOD INCENSE/CAND SET,530.6,448,94,1.7973404255319148
35241,ENAMEL BLUE RIM BISCUIT BIN,530.49,103,44,5.912272727272727
21801,CHRISTMAS TREE DECORATION WITH BELL,530.26,1251,125,0.42296
21270,ANTIQUE CREAM CUTLERY CUPBOARD,530.19,50,36,11.344722222222224
23139,SINGLE WIRE HOOK PINK HEART,530.15,415,27,1.6072413793103448
22709,WRAP WEDDING DAY,528.5,1325,39,0.41641025641025636
21059,PARTY INVITES DINOSAURS,528.2299999999999,611,94,0.9231914893617021
23060,HEART BEADED TRELLIS DECORATION,528.1700000000001,249,42,2.2197727272727272
22707,WRAP MONSTER FUN,527.94,1257,49,0.42
22248,DECORATION  PINK CHICK MAGIC GARDEN,525.9399999999999,594,109,1.0386607142857143
85135B,BLUE DRAGONFLY HELICOPTER,524.5500000000001,65,45,8.051739130434783
22861,EASTER TIN CHICKS IN GARDEN,522.93,305,50,2.0107999999999997
85025C,PINK HEART SHAPE PHOTO FRAME,522.56,322,39,2.0485365853658535
23537,WALL ART I LOVE LONDON,521.73,99,32,7.0649999999999995
23336,EGG FRYING PAN PINK,521.33,226,85,2.598390804597701
85131B,BEADED CRYSTAL HEART GREEN ON STICK,521.11,623,172,0.8377906976744186
84313B,BLUE TV TRAY TABLE,518.61,127,39,6.107435897435898
20761,BLUE PAISLEY SKETCHBOOK,517.22,123,63,4.429393939393939
21455,PAINTED YELLOW WOODEN DAISY,516.79,612,117,0.8565833333333333
21711,FOLDING UMBRELLA WHITE/RED POLKADOT,513.02,104,36,5.247777777777778
22216,T-LIGHT HOLDER WHITE LACE,512.93,588,68,1.1177941176470587
23136,IVORY WIRE SWEETHEART LETTER TRAY,511.89,135,49,4.034081632653061
22280,POCKET BAG PINK PAISELY BROWN SPOT,510.84,469,95,1.2941237113402062
21926,RED/CREAM STRIPE CUSHION COVER,509.9,414,60,1.2468333333333335
21654,RIDGED GLASS FINGER BOWL,509.36,986,59,0.942258064516129
72819,CUPID DESIGN SCENTED CANDLES,509.07,225,43,2.9211627906976743
84520B,PACK 20 ENGLISH ROSE PAPER NAPKINS,508.36999999999995,554,80,1.1018518518518519
23527,WALL ART ANIMALS AND NATURE,508.34000000000003,154,31,4.1509375
20681,PINK POLKADOT CHILDRENS UMBRELLA,506.96,140,46,4.205744680851064
21067,VINTAGE RED TEATIME MUG,506.65,319,76,1.7759493670886073
22785,SQUARECUSHION COVER PINK UNION FLAG,506.34000000000003,72,32,7.460625
82616B,FRAPPUCINO SCARF KNITTING KIT,505.69,344,73,1.956973684210526
20998,ROSE DU SUD OVEN GLOVE,505.20000000000005,185,69,2.66231884057971
23021,GLASS BONNE JAM JAR,504.97,121,27,4.4314285714285715
22286,DECORATION WOBBLY RABBIT METAL,504.46,830,67,1.225820895522388
84687,BEACH HUT SHELF W 3 DRAWERS,504.43,81,31,7.804193548387097
21925,UNION STRIPE CUSHION COVER,503.75,403,65,1.25
84509C,SET OF 4 POLKADOT PLACEMATS,502.69,131,51,4.141346153846154
23560,SET OF 6 RIBBONS COUNTRY STYLE,502.07000000000005,173,26,3.51962962962963
21710,FOLDING UMBRELLA PINKWHITE POLKADOT,501.98,107,45,4.822666666666667
82613B,"METAL SIGN,CUPCAKE SINGLE HOOK",501.49,584,111,1.4912499999999997
82616C,MIDNIGHT GLAMOUR SCARF KNITTING KIT,501.44,324,85,1.9223529411764706
85231G,ORANGE SCENTED SET/9 T-LIGHTS,501.27,594,81,0.9924390243902439
23117,POPPY FIELDS CHOPPING BOARD,501.23,93,45,5.598888888888888
20766,GARDEN PATH SKETCHBOOK,501.07,124,57,4.427499999999999
22181,SNOWSTORM PHOTO FRAME FRIDGE MAGNET,500.90999999999997,591,57,0.9998245614035087
21972,SET OF 36 DINOSAUR PAPER DOILIES,499.08,335,65,1.6887692307692308
22050,PINK PAISLEY ROSE GIFT WRAP,498.5,1225,40,0.418
22516,CHILDS GARDEN RAKE BLUE,496.99,207,62,2.7244615384615387
84970s,HANGING HEART ZINC T-LIGHT HOLDER,496.49,238,66,2.0875757575757574
22511,RETROSPOT BABUSHKA DOORSTOP,495.2,251,54,2.802037037037037
21358,TOAST ITS - HAPPY BIRTHDAY,494.54,412,108,1.181743119266055
21850,BLUE  DIAMANTE PEN IN GIFT BOX,493.08,130,54,4.313272727272727
35598D,PINK/WHITE CHRISTMAS TREE 60CM,493.01,684,42,1.4949999999999999
46776C,WOVEN FROST CUSHION COVER,492.79,117,59,4.221525423728814
85194S,HANGING SPRING FLOWER EGG SMALL,489.17,1197,72,0.6436111111111111
35809A,ENAMEL PINK TEA CONTAINER,488.89,421,62,1.910625
21202,DOLLY HONEYCOMB GARLAND,487.11,475,25,1.7484615384615385
21867,PINK UNION JACK  LUGGAGE TAG,486.5,353,121,1.5646268656716418
21454,PAINTED PINK RABBIT,486.01,573,136,0.8597857142857143
84820,DANISH ROSE TRINKET TRAYS,484.63,261,31,3.78125
17012C,ORIGAMI LAVENDER INCENSE/CANDL SET,484.34999999999997,421,85,1.7767441860465114
23218,LAUREL STAR ANTIQUE GOLD,483.03,379,40,1.57225
21634,ASSORTED MINI MADRAS NOTEBOOK,481.95,976,28,0.8446428571428571
22638,SET OF 4 NAPKIN CHARMS CROWNS,481.88,300,52,2.2776923076923077
22230,JIGSAW TREE WITH WATERING CAN,480.91999999999996,1048,101,0.7873076923076923
21587,COSY HOUR GIANT TUBE MATCHES,480.75,197,26,2.5349999999999997
90209C,PINK ENAMEL+GLASS HAIR COMB,480.5,263,31,2.059354838709677
21741,COSY SLIPPER SHOES LARGE GREEN,480.1700000000001,147,40,3.8230000000000004
21507,ELEPHANT BIRTHDAY CARD,479.82,1122,95,0.546875
84849B,FAIRY SOAP SOAP HOLDER,478.83,266,76,2.053421052631579
20803,SMALL PINK GLASS SUNDAE DISH,478.72,945,40,1.1280487804878048
23422,PANTRY HOOK BALLOON WHISK,477.89,213,47,2.777872340425532
85049F,BABY BOOM RIBBONS,477.34,378,88,1.2898901098901099
21472,LADYBIRD + BEE RAFFIA FOOD COVER,476.41,123,37,4.1597297297297295
85093,CANDY SPOT EGG WARMER HARE,475.18,708,88,0.8860674157303371
22184,CAKE STAND VICTORIAN FILIGREE LARGE,471.86,56,35,8.427142857142856
21366,MIRRORED WALL ART PHOTO FRAMES,470.16999999999996,89,46,5.890851063829787
84674,FLYING PIG WATERING CAN,469.90000000000003,194,47,3.2540816326530617
23521,WALL ART CAT AND BIRD,469.73,143,40,4.424
20716,PARTY FOOD SHOPPER BAG,469.63,400,73,1.3158108108108109
20707,CRAZY DAISY HEART DECORATION,468.39,464,149,1.0885906040268456
20615,BLUE POLKADOT PASSPORT COVER,466.99,309,95,2.5613684210526313
20831,GOLD PHOTO FRAME,466.53000000000003,216,39,2.737948717948718
84917,WHITE HAND TOWEL WITH BUTTERFLY,466.3,184,27,3.976666666666667
22647,CERAMIC LOVE HEART MONEY BANK,466.18,732,45,1.405111111111111
23379,PACK OF 12 RED APPLE TISSUES,465.36,1220,76,0.5376623376623376
21374,MIRRORED WALL ART SKULLS,463.79,304,46,2.366739130434783
23455,SMALL PARLOUR PICTURE FRAME,462.45,165,33,2.8782352941176472
22517,CHILDS GARDEN RAKE PINK,462.33000000000004,206,69,2.488082191780822
20838,FRENCH LATTICE CUSHION COVER,461.45,385,57,1.8773684210526316
35598B,BLACK CHRISTMAS TREE 60CM,460.64,558,25,1.9308
21003,ROSE DU SUD CUSHION COVER,460.58,78,46,5.887391304347826
23691,WRAP KEEP CALM BIRTHDAY,460.5,1125,36,0.4183333333333333
22344,PARTY PIZZA DISH PINK POLKADOT,460.38,1228,76,0.6288311688311689
21063,PARTY INVITES JAZZ HEARTS,458.31,528,102,0.9322549019607843
21062,PARTY INVITES SPACEMAN,458.22999999999996,539,74,0.8574666666666667
23023,RIDGED BONNE JAM JAR T-LIGHT HOLDER,457.61999999999995,286,25,1.7566666666666666
21220,SET/4 BADGES DOGS,457.51,348,89,1.5517777777777777
21851,LILAC DIAMANTE PEN IN GIFT BOX,454.99,141,63,4.154603174603174
22268,EASTER DECORATION SITTING BUNNY,454.5,531,75,1.0560759493670886
21415,CLAM SHELL SMALL,454.42,223,46,2.6964583333333336
84920,PINK FLOWER FABRIC PONY,453.73,117,48,4.155102040816327
84916,HAND TOWEL PALE BLUE W FLOWERS,453.39,223,29,3.9479310344827585
85169C,EAU DE NIL LOVE BIRD CANDLE,452.86,429,46,1.218913043478261
23509,MINI PLAYING CARDS FUN FAIR,452.72,1065,65,0.4845588235294117
22813,PACK 3 BOXES BIRD PANETTONE,451.84,204,31,3.4170967741935483
21061,PARTY INVITES FOOTBALL,451.7,488,83,1.0548192771084337
21641,ASSORTED TUTTI FRUTTI KEYRING BALL,451.59,1153,49,1.0971428571428572
23548,WRAP MAGIC FOREST,451.5,1075,43,0.42
84872A,TEATIME FUNKY FLOWER BACKPACK FOR 2,450.08,40,32,11.3675
20770,ABSTRACT CIRCLE JOURNAL,449.8,185,72,2.5002739726027396
22640,SET OF 4 NAPKIN CHARMS 3 KEYS,449.39,238,57,2.5246551724137927
22598,CHRISTMAS MUSICAL ZINC TREE,447.35999999999996,994,95,0.6559183673469388
20669,RED HEART LUGGAGE TAG,447.34,304,96,1.6915841584158415
21365,MIRRORED WALL ART STARS,447.09000000000003,363,52,1.972962962962963
84600,NEW BAROQUE JEWELLERY BOX,446.89,53,25,9.4516
22486,PLASMATRONIC LAMP,446.45,71,25,8.1356
84976,RECTANGULAR SHAPED MIRROR,446.15000000000003,512,37,1.4297297297297298
22390,PAPERWEIGHT CHILDHOOD MEMORIES,445.44,268,36,2.784054054054054
22643,SET OF 4 NAPKIN CHARMS LEAVES,445.16999999999996,240,48,2.1763999999999997
82613C,"METAL SIGN,CUPCAKE SINGLE HOOK",444.63,538,96,1.4441237113402061
21656,RIDGED GLASS POSY VASE,444.58,219,47,2.208085106382979
21580,RABBIT  DESIGN  COTTON TOTE BAG,444.07,181,62,2.890483870967742
20903,VINTAGE KEEPSAKE BOX TRAVELOGUE,441.89,82,56,5.576964285714285
20768,GREEN FERN JOURNAL,441.12,177,55,2.6455357142857143
85111,SILVER GLITTER FLOWER VOTIVE HOLDER,441.07,1421,57,0.48766666666666664
35637A,IVORY STRING CURTAIN WITH POLE,440.62,170,28,4.99
20619,TROPICAL PASSPORT COVER,439.65,262,99,2.136767676767677
21828,EIGHT PIECE SNAKE  SET,439.54,333,84,1.4748275862068965
85130C,BEADED CRYSTAL HEART BLUE  LARGE,438.87,483,46,1.0895833333333333
22545,MINI JIGSAW BUNNIES,436.09,1143,75,0.5607894736842105
35653,VINTAGE BEAD NOTEBOOK,433.19,150,52,3.3453846153846154
85168B,BLACK BAROQUE CARRIAGE CLOCK,432.78999999999996,51,35,8.475142857142856
22229,BUNNY WOODEN PAINTED WITH FLOWER,432.46,568,101,0.9327184466019417
23457,LARGE PARLOUR PICTURE FRAME,431.98,86,29,5.129666666666667
84931B,BLUE SCOTTIE DOG W FLOWER PATTERN,431.72999999999996,180,49,2.4027450980392153
23058,CHRISTMAS HANGING SNOWFLAKE,430.86,490,48,1.2252083333333335
20705,MRS ROBOT SOFT TOY,428.85,143,28,4.807142857142857
21002,ROSE DU SUD DRAWSTRING BAG,428.66,125,66,3.3995454545454544
21088,SET/6 FRUIT SALAD PAPER CUPS,428.28000000000003,1678,103,0.41398058252427183
85071C,"CHARLIE+LOLA""EXTREMELY BUSY"" SIGN",428.0,683,105,1.2516981132075473
21758,VINTAGE SHELLS PRINT,427.46000000000004,50,32,9.839375
21318,GLASS CHALICE BLUE SMALL,425.08,696,49,1.3245098039215686
20934,SET/3 POT PLANT CANDLES,424.46000000000004,68,32,7.133125
72799F,IVORY PILLAR CANDLE GOLD FLOCK,424.08000000000004,145,30,3.0338709677419353
20765,CHRYSANTHEMUM SKETCHBOOK,423.55,104,59,4.239180327868852
90200E,GREEN SWEETHEART BRACELET,423.41,103,44,4.187727272727273
85136C,RED SHARK HELICOPTER,421.18,52,36,8.079444444444444
20762,GREEN FERN SKETCHBOOK,420.08,106,56,4.153214285714286
22051,BLUE SCANDINAVIAN PAISLEY WRAP,420.0,1000,39,0.42000000000000004
21129,SILVER FISHING GNOME,419.52000000000004,52,27,9.361851851851853
85208,SET/12 FUNKY FELT FLOWER PEG IN BAG,419.01000000000005,224,48,2.067142857142857
84970l,SINGLE HEART ZINC T-LIGHT HOLDER,418.98,201,50,2.089
90114,SUMMER DAISIES BAG CHARM,417.96,167,88,2.4803409090909088
22405,MONEY BOX POCKET MONEY DESIGN,417.86,374,70,1.4268055555555557
84821,DANISH ROSE DELUXE COASTER,417.34999999999997,947,40,0.62
22214,CANDLE PLATE LACE WHITE,416.59999999999997,193,56,2.6326785714285714
21147,JINGLE BELLS TREE DECORATION,415.77,203,76,2.046493506493506
22108,PING! MICROWAVE PLATE,415.09000000000003,152,63,3.1066666666666665
21817,GLITTER CHRISTMAS TREE,414.63,912,58,0.560923076923077
21579,LOLITA  DESIGN  COTTON TOTE BAG,414.22,178,50,2.5615384615384613
21285,RETROSPOT CANDLE  MEDIUM,413.88,365,43,2.175581395348837
21884,CAKES AND BOWS GIFT  TAPE,413.76,1166,93,0.761505376344086
90161C,ANT COPPER LIME BOUDICCA BRACELET,412.74,83,50,4.986000000000001
15056p,EDWARDIAN PARASOL PINK,412.48,33,26,12.5
23415,HOME SWEET HOME HOOK,412.17999999999995,328,47,1.4517021276595745
84596E,SMALL LICORICE DES PINK BOWL,412.1,565,79,0.974
22447,PIN CUSHION BABUSHKA BLUE,410.81,137,45,3.2939999999999996
20830,SILVER PHOTO FRAME,409.83,136,37,3.0435135135135134
85203,HANGING WOOD AND FELT BUTTERFLY,409.41,896,127,0.5666165413533835
16219,HOUSE SHAPE PENCIL SHARPENER,407.71999999999997,3048,100,0.5172
22510,GINGHAM BABUSHKA DOORSTOP,406.49,211,42,2.425813953488372
35964,FOLKART CLIP ON STARS,405.25,786,100,0.8374757281553398
23339,EGG FRYING PAN BLUE,405.0,175,76,2.505974025974026
22406,MONEY BOX KINGS CHOICE DESIGN,403.46,346,84,1.5136904761904764
22134,MINI LADLE LOVE HEART RED,401.59999999999997,866,153,0.6399999999999999
22287,"DECORATION , WOBBLY CHICKEN, METAL",401.0199999999999,236,35,1.964054054054054
23576,SNACK TRAY RED VINTAGE DOILY,400.03999999999996,198,37,2.4010526315789473
23039,T-LIGHT HOLDER SILVER HEART HANDLE,399.71,199,28,2.3906896551724137
22345,PARTY PIZZA DISH BLUE POLKADOT,399.62,1120,71,0.5925675675675676
37476,CONDIMENT TRAY 4 BOWLS AND 4 SPOONS,399.02,37,26,11.486666666666666
21131,GOLD STANDING GNOME,398.02,106,28,5.6049999999999995
84974,S/2 ZINC HEART DESIGN PLANTERS,398.0,40,28,9.95
18007,ESSENTIAL BALM 3.5g TIN IN ENVELOPE,395.61,5884,30,0.27483870967741936
23484,HEART TRELLIS TRIPLE T-LIGHT HOLDER,395.11,129,30,3.8125806451612902
47421,ASSORTED COLOUR LIZARD SUCTION HOOK,395.09999999999997,999,55,0.41625
22256,FELT FARM ANIMAL CHICKEN,394.15,291,50,1.5767857142857142
23661,MILK MAIDS MUG,393.59,219,33,2.2335294117647058
22048,BIRTHDAY BANQUET GIFT WRAP,393.5,975,32,0.4175
20867,PINK ROSE FABRIC MIRROR,393.46999999999997,331,62,1.3503225806451613
90200B,BLACK SWEETHEART BRACELET,392.83,93,47,4.204893617021276
84826,ASSTD DESIGN 3D PAPER STICKERS,391.93,1165,31,0.5822222222222222
23150,IVORY SWEETHEART SOAP DISH,390.75000000000006,148,49,2.9436734693877553
85232A,SET/3 POLKADOT STACKING TINS,389.55,78,29,5.624137931034483
21373,MIRRORED WALL ART SNOWFLAKES,389.04,512,47,0.8572340425531915
23337,EGG FRYING PAN MINT,388.75,180,69,2.287971014492754
35095A,BLUE VICTORIAN FABRIC OVAL BOX,388.57,925,100,0.6903
21879,HEARTS GIFT TAPE,386.77000000000004,1178,94,0.5869791666666667
20854,BLUE PATCH PURSE PINK HEART,386.32,244,41,1.6847619047619045
71053,WHITE MOROCCAN METAL LANTERN,385.29999999999995,70,26,6.595185185185185
21881,CUTE CATS TAPE,383.11,1102,79,0.6788607594936709
21197,MULTICOLOUR  CONFETTI IN TUBE,382.9599999999999,284,27,1.6192592592592592
84919,BLUE CUSHION COVER WITH FLOWER,381.78000000000003,58,29,6.534827586206896
22346,PARTY PIZZA DISH GREEN POLKADOT,381.65999999999997,1037,59,0.5911475409836066
85179A,GREEN BITTY LIGHT CHAIN,380.79,193,59,2.8252542372881355
21562,HAWAIIAN GRASS SKIRT,380.36,324,28,1.4353571428571428
16045,POPART WOODEN PENCILS ASST,380.0,8900,68,0.043478260869565216
23396,LA JARDIN BOTANIQUE CUSHION COVER,379.28,88,28,4.963793103448276
46776D,WOVEN SUNSET CUSHION COVER,378.29,89,37,4.200810810810811
90161B,ANT COPPER TURQ BOUDICCA BRACELET,377.88,76,37,4.984594594594594
21243,PINK POLKADOT PLATE,377.56,220,25,2.1284
21051,RIBBONS PURSE,377.2,192,51,2.0466666666666664
90160C,TURQ+RED BOUDICCA LARGE BRACELET,377.04,54,26,7.003076923076923
47367B,PAIR PADDED HANGERS PINK CHECK,376.27000000000004,112,43,3.3988372093023256
21284,RETROSPOT CANDLE  SMALL,376.18,404,42,2.0311627906976746
17012A,ORIGAMI VANILLA INCENSE/CANDLE SET,375.93,323,65,1.9546969696969696
84559A,3D SHEET OF DOG STICKERS,375.60999999999996,397,94,1.1461702127659574
84663A,GRASS HOPPER WOODEN WALL CLOCK,374.12,272,34,2.9629411764705886
20782,CAMOUFLAGE EAR MUFF HEADPHONES,373.57,54,27,7.462142857142857
21945,STRAWBERRIES  DESIGN FLANNEL,373.34,358,105,1.3124528301886793
16011,ANIMAL STICKERS,372.33,1773,46,0.21
21689,SILVER VANILLA  FLOWER CANDLE POT,369.87,95,26,4.273846153846154
84563A,PINK & WHITE BREAKFAST TRAY,369.84000000000003,96,35,4.716285714285714
23575,SNACK TRAY PAISLEY PARK,367.34999999999997,179,32,2.5823529411764703
22532,MAGIC DRAWING SLATE LEAP FROG,366.75,1072,73,0.4473333333333333
22265,EASTER DECORATION NATURAL CHICK,366.15000000000003,540,64,0.7780281690140846
21000,ROSE DU SUD COSMETICS BAG,365.09,97,52,3.629245283018868
23579,SNACK TRAY I LOVE LONDON,362.65,171,35,2.59
21286,RETROSPOT CANDLE  LARGE,362.12,273,30,2.675
35957,SMALLFOLKART BAUBLE CHRISTMAS DEC,361.81,688,41,1.430731707317073
85049e,SCANDINAVIAN REDS RIBBONS,360.71,109,42,3.2950000000000004
16008,SMALL FOLDING SCISSOR(POINTED EDGE),360.71,2892,70,0.13614285714285712
35954,SMALL FOLKART STAR CHRISTMAS DEC,359.6,1293,54,0.8489285714285714
21060,PARTY INVITES BALLOON GIRL,359.28999999999996,405,71,0.946619718309859
84563B,BLUE & WHITE BREAKFAST TRAY,358.1,98,38,3.9382926829268294
90209B,GREEN ENAMEL+GLASS HAIR COMB,357.74,185,54,2.0744642857142854
20856,DENIM PATCH PURSE PINK BUTTERFLY,357.28999999999996,216,61,1.670327868852459
21263,GREEN GOOSE FEATHER TREE 60CM,356.96999999999997,171,42,2.4726666666666666
22100,SKULLS SQUARE TISSUE BOX,356.46000000000004,757,59,1.1765573770491802
82095,HEART BUTTONS JEWELLERY BOX,356.11,68,30,5.318666666666667
85169D,PINK LOVE BIRD CANDLE,356.08,351,50,1.3084
85169B,BLACK LOVE BIRD CANDLE,356.06,329,62,1.4383870967741934
84569A,PACK 3 IRON ON DOG PATCHES,355.84,294,65,1.2592307692307692
21724,PANDA AND BUNNIES STICKER SHEET,355.83,408,81,0.9703703703703703
21001,ROSE DU SUD WASHBAG,354.14,74,50,4.645294117647059
37482P,CUBIC MUG PINK POLKADOT,354.03,506,47,2.6526
47310M,SMALL POP BOX FUNKY MONKEY,353.98,258,87,1.5590909090909089
21723,ALPHABET HEARTS STICKER SHEET,353.47999999999996,401,59,1.0236065573770492
23420,PANTRY HOOK TEA STRAINER,353.45,165,32,2.3284848484848486
23421,PANTRY HOOK SPATULA,353.36,162,33,2.502058823529412
21222,SET/4 BADGES BEETLES,353.19,269,73,1.5676315789473685
35095B,RED VICTORIAN FABRIC OVAL BOX,352.25,862,98,0.6579591836734694
20652,BLUE POLKADOT LUGGAGE TAG,350.61,268,78,1.5638271604938272
21555,CERAMIC STRAWBERRY TRINKET TRAY,350.46999999999997,137,69,2.590869565217391
22529,MAGIC DRAWING SLATE GO TO THE FAIR,349.87,853,70,0.45957746478873235
22268,DECORATION SITTING BUNNY,349.54,1480,83,0.422
84924A,WAKE UP COCKEREL CALENDAR SIGN,348.59000000000003,81,33,4.996363636363636
20700,GREEN CAT FLORAL CUSHION COVER,345.17,73,54,4.981111111111112
47591B,SCOTTIES CHILDRENS APRON,344.78999999999996,209,56,1.6485714285714284
84849A,HELLO SAILOR BLUE SOAP HOLDER,344.34000000000003,180,53,2.3567924528301885
85129D,BEADED CRYSTAL HEART PINK SMALL,343.99,208,65,1.9328787878787879
22104,MIRROR MOSAIC CANDLE PLATE,343.71,288,59,1.58
47559b,TEA TIME OVEN GLOVE,342.65,103,28,3.31
23523,WALL ART TREASURE AHOY,340.35,90,25,4.158399999999999
21221,SET/4 BADGES CUTE CREATURES,340.22,261,54,1.3612962962962964
71270,PHOTO CLIP LINE,338.73,239,49,1.6847169811320752
22547,MINI JIGSAW DINOSAUR,338.23,809,101,0.6317647058823529
21167,WHITE SAGE INCENSE,337.14,1432,67,0.34253731343283583
72122,COFFEE SCENT PILLAR CANDLE,336.73999999999995,325,61,1.1876190476190476
84926E,FLOWERS TILE COASTER,334.76,992,39,0.53775
85213,MINI  ZINC GARDEN DECORATIONS,334.03,841,33,0.8111764705882353
85230B,CINNAMON SCENTED VOTIVE CANDLE,333.2,1288,39,0.2776923076923077
22259,FELT FARM ANIMAL HEN,332.84,481,44,1.0475555555555556
84952B,BLACK LOVE BIRD T-LIGHT HOLDER,332.14,186,29,2.971724137931034
84638,SMALL KITCHEN FLOWER POTS PLAQUE,331.5,50,37,6.668918918918919
21248,DOOR HANGER  MUM + DADS ROOM,330.71999999999997,205,66,1.8424242424242423
90200A,PURPLE SWEETHEART BRACELET,328.44,78,50,4.1948
16259,PIECE OF CAMO STATIONERY SET,326.56,3380,31,0.0967741935483871
85204,HANGING WOOD AND FELT FLOWER,325.96,2055,104,0.3314150943396226
23695,DOILY THANK YOU CARD,323.32,765,57,0.5013559322033898
85205B,PINK FELT EASTER RABBIT GARLAND,323.15,122,29,2.8713333333333333
84931A,PINK SCOTTIE DOG W FLOWER PATTERN,322.53999999999996,135,51,2.5125
84509c,SET OF 4 POLKADOT PLACEMATS,322.22,43,27,7.495555555555556
21403,BLUE EGG  SPOON,322.18,1857,106,0.25075471698113205
22092,BLUE PAISLEY TISSUE BOX,322.18,672,91,0.5680645161290322
16238,PARTY TIME PENCIL ERASERS,322.09,1398,134,0.3108823529411765
21425,SKULLS STORAGE BOX LARGE,320.49,87,30,4.644
16236,KITTY PENCIL ERASERS,320.09,1438,136,0.30455882352941177
21371,MIRRORED WALL ART POPPIES,319.71,287,38,1.6355263157894737
20936,FORKED CACTUS CANDLE,319.66,100,34,3.7341176470588238
21026,SPACE OWL,319.5,258,68,1.5432394366197182
22202,MILK PAN PINK POLKADOT,319.35,64,37,5.68972972972973
22287,DECORATION WOBBLY CHICKEN,319.14,560,45,1.181111111111111
90161D,ANT COPPER PINK BOUDICCA BRACELET,318.89000000000004,64,34,4.997941176470588
72586,SET OF 6 HALLOWEEN GHOST T-LIGHTS,318.66999999999996,693,83,0.645952380952381
84876B,GREEN HEART COMPACT MIRROR,318.31,220,33,2.352222222222222
20780,BLACK EAR MUFF HEADPHONES,318.19,48,28,7.620333333333333
84884a,ANT WHITE WIRE HEART SPIRAL,317.71999999999997,38,26,8.345384615384615
46118,FUNKY MONKEY CUSHION COVER,317.16999999999996,232,46,2.807608695652174
85170B,SET/6 BLACK BIRD T-LIGHT CANDLES,316.75,215,39,2.3964102564102565
35915C,PEACH KNITTED HEN,316.46,315,60,1.0498333333333332
90198A,VINTAGE ROSE BEAD BRACELET RASPBERR,315.73,75,44,4.195227272727273
21375,LARGE CAMPHOR WOOD FIELD MUSHROOM,315.27,43,27,8.153793103448276
85202,HANGING WOOD AND FELT HEART,314.81,676,106,0.544051724137931
47594B,SCOTTIES DESIGN WASHBAG,314.54999999999995,170,56,1.9028571428571428
84584,PINK GINGHAM CAT WITH SCARF,314.51,144,30,2.2963333333333336
17084N,FAIRY DREAMS INCENSE,313.31,1264,101,0.3538613861386139
21942,SKULLS DESIGN FLANNEL,313.01,287,103,1.3337864077669903
21811,CHRISTMAS HANGING HEART WITH BELL,311.34999999999997,234,26,1.639310344827586
21442,GREEN BIRDHOUSE DECORATION,310.49,440,59,1.0421666666666665
21944,KITTENS DESIGN FLANNEL,310.19,337,100,1.1922772277227722
47021G,SET/6 BEAD COASTERS GAUZE BAG GOLD,309.29999999999995,582,27,1.9044444444444442
22124,SET OF 2 TEA TOWELS PING MICROWAVE,309.11,150,76,2.4642857142857144
21719,LOVELY BONBON STICKER SHEET,307.44,345,58,1.0569491525423729
23495,SET OF 3 PANTRY WOODEN SPOONS,306.66,225,41,1.7221951219512195
22040,BOTANICAL ROSE GIFT WRAP,304.5,725,28,0.42
22043,CHRISTMAS CARD SCREEN PRINT,304.5,1238,64,0.29765625
22641,SET OF 4 NAPKIN CHARMS INSTRUMENT,303.72999999999996,139,37,2.5927027027027023
23522,WALL ART DOG AND BALL,301.56,102,28,3.883571428571429
84661B,BLACK SQUARE TABLE CLOCK,300.24,115,29,3.3796551724137927
22409,MONEY BOX BISCUITS DESIGN,299.72,228,57,1.5082456140350877
22135,MINI LADLE LOVE HEART PINK,297.82,529,166,0.6689221556886227
84596J,MIXED NUTS LIGHT GREEN BOWL,296.45,568,68,0.8294117647058823
22049,WRAP CHRISTMAS SCREEN PRINT,296.25,1075,33,0.2711764705882353
85186A,EASTER BUNNY GARLAND OF FLOWERS,293.8,615,79,0.6290123456790123
20655,QUEEN OF SKIES LUGGAGE TAG,292.29,197,99,1.7224242424242426
35911A,MULTICOLOUR RABBIT EGG WARMER,292.07,319,70,0.973
21441,BLUE BIRDHOUSE DECORATION,292.03,421,62,1.0741935483870966
23567,EGG CUP HENRIETTA HEN PINK,291.58,211,37,1.823157894736842
72800B,4 PURPLE FLOCK DINNER CANDLES,290.8,144,38,2.4553658536585363
21386,IVORY HANGING DECORATION  EGG,290.2,733,51,0.5548214285714286
84247E,PACK OF 12 CHRISTMAS FUN CARDS,289.69,108,37,2.6484615384615386
46776E,WOVEN CANDY CUSHION COVER,288.43,67,38,4.24421052631579
79190B,RETRO PLASTIC POLKA TRAY,288.36,707,57,0.5775438596491228
71403,"PINK/WHITE ""KEEP CLEAN"" BULLET BIN",286.91,77,33,4.457058823529412
20618,QUEEN OF THE SKIES PASSPORT COVER,286.39,148,76,2.0278947368421054
37413,ICON MUG REVOLUTIONARY,284.49,703,81,0.4107228915662651
18094C,WHITE AND BLUE CERAMIC OIL BURNER,283.93,192,42,1.955952380952381
21666,RIDGED GLASS T-LIGHT HOLDER,283.51,412,43,0.8558139534883721
16218,CARTOON  PENCIL SHARPENERS,283.31,3821,64,0.26984375
20794,BLUE  TILE HOOK,282.78999999999996,99,27,3.573928571428571
20777,CHRYSANTHEMUM NOTEBOOK,282.48999999999995,169,80,1.7029999999999998
84341B,SMALL PINK MAGIC CHRISTMAS TREE,282.38,645,40,0.6804878048780487
23481,PEARLISED IVORY HEART SMALL,281.17,228,29,1.28125
22257,FELT FARM ANIMAL SHEEP,280.42,373,42,1.0997727272727273
85188A,GREEN METAL SWINGING BUNNY,278.16999999999996,319,42,0.9799999999999999
21725,SWEETIES  STICKERS,277.24,301,50,1.1344
16169M,WRAP DAISY CARPET,277.2,660,25,0.42
84926D,LA PALMIERA TILE COASTER,276.53,709,34,0.8079999999999999
85049g,CHOCOLATE BOX RIBBONS,276.42,113,51,2.4284313725490194
20684,STRAWBERRY DREAM CHILDS UMBRELLA,273.81,81,35,3.5433333333333334
22512,DOORSTOP RACING CAR DESIGN,273.46,123,37,3.315263157894737
22052,VINTAGE CARAVAN GIFT WRAP,273.0,650,27,0.42
84859A,SILVER DISCO HANDBAG,272.99,129,35,2.485
23141,TRIPLE WIRE HOOK PINK HEART,272.91,79,25,4.2404
22889,NUMBER TILE VINTAGE FONT No,272.2,173,33,3.5397142857142856
20755,BLUE PAISLEY POCKET BOOK,272.02,307,62,0.9880952380952381
21815,STAR  T-LIGHT HOLDER,271.68,159,29,1.9890322580645161
20734,SILVER MINI TAPE MEASURE,271.21999999999997,158,26,1.7962962962962963
85214,TUB 24 PINK FLOWER PEGS,271.03999999999996,164,58,1.6734482758620688
23474,WOODLAND SMALL BLUE FELT HEART,270.96,312,37,1.0405263157894737
20771,CHRYSANTHEMUM  JOURNAL,269.68,103,40,2.763170731707317
85186C,BUNNY EGG GARLAND,269.17,528,78,0.6543037974683544
21644,ASSORTED TUTTI FRUTTI HEART BOX,268.75,215,32,1.25
79030D,TUMBLER BAROQUE,268.53,531,40,0.912439024390244
17107D,"FLOWER FAIRY,5 SUMMER B'DRAW LINERS",267.75,105,25,2.55
21279,VINTAGE KITCHEN PRINT FRUITS,266.15,85,29,3.9972413793103443
20699,MOUSEY LONG LEGS SOFT TOY,266.03,97,41,3.0048780487804874
85039C,S/4 BLACK MINI ROSE CANDLE IN BOWL,265.77,305,67,1.5844776119402983
72800C,4 PINK DINNER CANDLE SILVER FLOCK,264.82,132,35,2.6378378378378375
84952A,CLEAR LOVE BIRD T-LIGHT HOLDER,264.46999999999997,92,26,3.1765384615384615
85124B,BLUE JUICY FRUIT PHOTO FRAME,264.06,93,39,3.178205128205128
85124C,GREEN JUICY FRUIT PHOTO FRAME,261.89,94,39,2.9928205128205128
47422,ASSORTED MONKEY SUCTION CUP HOOK,261.3,653,45,0.4168965517241379
16012,FOOD/DRINK SPONGE STICKERS,261.24,1244,35,0.21
21324,HANGING MEDINA LANTERN SMALL,259.67,81,28,3.4785714285714286
20997,ROSE DU SUD CUSHION COVER,257.61,59,34,4.274705882352941
35915B,BLUE KNITTED HEN,257.21999999999997,220,50,1.0595999999999999
85230G,ORANGE VOTIVE CANDLE,257.03999999999996,1032,25,0.2708
21458,2 PICTURE BOOK EGGS EASTER BUNNY,256.54,182,36,1.8213888888888887
21427,SKULLS STORAGE BOX SMALL,256.44,96,41,3.225853658536585
21379,CAMPHOR WOOD PORTOBELLO MUSHROOM,254.32999999999998,184,50,1.8419607843137253
21882,SKULLS TAPE,252.47000000000003,706,70,0.6371232876712328
35967,FOLK ART METAL STAR T-LIGHT HOLDER,252.33,485,67,0.7286567164179104
85071D,CHARLIE+LOLA MY ROOM DOOR SIGN,249.48999999999998,403,84,0.8260465116279069
20659,ECONOMY LUGGAGE TAG,248.09,159,62,1.633846153846154
21647,ASSORTED TUTTI FRUTTI LARGE PURSE,247.8,118,25,2.1
22954,HEN PARTY CORDON BARRIER TAPE,247.63,202,40,1.3873170731707318
22410,MONEY BOX HOUSEKEEPING DESIGN,247.42000000000002,237,58,1.4191379310344827
22869,NUMBER TILE COTTAGE GARDEN 1,246.14,96,44,3.1904545454545454
90175A,WHITE GLASS CHUNKY CHARM BRACELET,245.63,27,25,9.1012
22391,PAPERWEIGHT HOME SWEET HOME,245.57999999999998,158,29,2.8731034482758617
21676,FLOWERS  STICKERS,245.35999999999999,257,61,1.159344262295082
20819,SILVER TEDDY BEAR,244.72,64,27,4.016666666666667
20616,CHERRY BLOSSOM PASSPORT COVER,243.53,194,71,1.8074647887323942
85095,THREE CANVAS LUGGAGE TAGS,243.49,150,48,1.8197916666666665
85094,CANDY SPOT EGG WARMER RABBIT,242.32,641,90,0.6852747252747252
22870,NUMBER TILE COTTAGE GARDEN 2,242.24,94,39,3.228048780487805
23475,WOODLAND SMALL PINK FELT HEART,242.17999999999998,286,31,0.959032258064516
21028,NINJA RABBIT BLACK,239.24,187,58,1.5422413793103449
23580,SNACK TRAY HAPPY FOREST,236.87,117,25,2.2015384615384614
20775,DAISY NOTEBOOK,235.18999999999997,135,63,1.7169230769230768
16216,LETTER SHAPE PENCIL SHARPENER,234.0,3333,45,0.15244444444444444
21025,SPACE FROG,233.52,174,56,1.5507142857142857
21161,KEEP OUT BOYS DOOR HANGER,231.36999999999998,144,43,1.7760869565217392
20696,FLORAL SOFT CAR TOY,230.81,54,30,4.7219999999999995
21973,SET OF 36 MUSHROOM PAPER DOILIES,230.54999999999998,159,30,1.45
90206C,CRYSTAL DIAMANTE STAR BROOCH,229.68,46,31,4.9896875000000005
85040B,SET/4 BLUE FLOWER CANDLES IN BOWL,229.46999999999997,137,35,1.6975
72800D,4 BLUE DINNER CANDLES SILVER FLOCK,229.22,88,31,2.7006249999999996
85200,BUNNY EGG BOX,228.75,183,26,1.25
21157,RED RETROSPOT WASHBAG,227.6,79,34,3.2714285714285714
23003,TRAVEL CARD WALLET VINTAGE ROSE,226.2,542,53,0.41888888888888887
90201D,GREEN ENAMEL FLOWER RING,225.84,77,31,2.9203225806451614
22031,BOTANICAL LAVENDER BIRTHDAY CARD,225.59,504,80,0.518875
90158,ST TROPEZ NECKLACE,224.12,45,35,4.9874285714285715
84218,BOX/12 CHICK & EGG IN BASKET,223.10999999999999,123,41,1.9158536585365853
21456,2 PICTURE BOOK EGGS EASTER CHICKS,222.22,171,25,1.492
20781,GOLD EAR MUFF HEADPHONES,221.65,38,25,5.757857142857143
22395,PAPERWEIGHT VINTAGE PAISLEY,220.04,152,33,3.3184848484848484
35914,PINK CHICK EGG WARMER + EGG CUP,219.66,196,40,1.1046341463414633
20868,SILVER FABRIC MIRROR,219.35000000000002,458,46,0.7071739130434783
21378,SMALL TALL CAMPHOR WOOD TOADSTOOL,217.89,142,34,2.119705882352941
20769,DAISY JOURNAL,217.55999999999997,80,34,2.7467647058823528
84559B,3D SHEET OF CAT STICKERS,217.29,237,55,1.0139285714285715
47310M,"SMALL POP BOX,FUNKY MONKEY",216.47,152,34,1.5923529411764705
84051,ASS COLOUR GLOWING TIARAS,216.06,282,25,0.8711111111111111
21377,SMALL CAMPHOR WOOD FIELD  MUSHROOM,215.67999999999998,121,41,2.4429268292682926
21520,BOOZE & WOMEN GREETING CARD,214.19,504,58,0.5127586206896552
84510C,SET OF 4 POLKADOT COASTERS,213.82999999999998,134,54,1.773035714285714
22882,NUMBER TILE VINTAGE FONT 3,213.7,108,42,3.0280952380952377
20622,VIPPASSPORT COVER,211.76000000000002,143,34,2.4125714285714284
90200C,BLUE SWEETHEART BRACELET,211.43,50,26,4.22
72127,COLUMBIAN CANDLE ROUND,210.61,169,30,1.284516129032258
84926A,WAKE UP COCKEREL TILE COASTER,210.51999999999998,604,35,0.6694285714285714
90192,JADE DROP EARRINGS W FILIGREE,209.10000000000002,42,25,4.9956
90119,METALIC LEAVES BAG CHARMS,207.60999999999999,84,36,2.4713513513513514
79051A,SMOKEY GREY COLOUR D.O.F. GLASS,207.39,591,26,0.3628571428571429
16048,TEATIME ROUND PENCIL SHARPENER,205.42,1461,67,0.32507246376811594
20763,DAISY SKETCHBOOK,205.04,73,27,3.9829629629629633
21726,MULTI HEARTS  STICKERS,204.69,237,42,0.927142857142857
22878,NUMBER TILE COTTAGE GARDEN No,204.19,75,33,3.453333333333333
21911,GARDEN METAL SIGN,203.20999999999998,114,29,2.1710344827586208
47578A,ENGLISH ROSE SMALL SCENTED FLOWER,202.53,219,45,1.136530612244898
90201A,PURPLE ENAMEL FLOWER RING,202.51000000000002,69,28,2.9217857142857144
22541,MINI JIGSAW LEAP FROG,202.37,504,35,0.5611111111111111
85179C,PINK BITTY LIGHT CHAIN,201.31,106,36,2.8925
22880,NUMBER TILE VINTAGE FONT 1,200.59,99,32,3.2584848484848483
84828,JUNGLE POPSICLES ICE LOLLY HOLDERS,199.99,141,29,1.7719354838709678
47594A,CAROUSEL DESIGN WASHBAG,199.84,108,50,1.9125999999999999
21367,MIRRORED WALL ART GENTS,199.48999999999998,171,43,2.19953488372093
22289,HANGING METAL CHICKEN DECORATION,198.52,152,34,1.4802702702702701
22881,NUMBER TILE VINTAGE FONT 2,197.56,102,34,3.2152941176470584
90019A,SILVER M.O.P ORBIT BRACELET,197.09,38,27,5.245555555555556
22263,FELT EGG COSY LADYBIRD,196.82,327,51,1.0442592592592592
22044,CHRISTMAS CARD STACK OF PRESENTS,196.44,816,36,0.2602777777777778
90013A,MIDNIGHT BLUE VINTAGE EARRINGS,195.32,52,32,3.759375
84926F,PSYCHEDELIC TILE COASTER,195.22,430,28,1.1860714285714287
20617,FIRST CLASS PASSPORT COVER,194.94,93,43,2.251860465116279
23697,A PRETTY THANK YOU CARD,194.58,456,35,0.5208333333333334
22884,NUMBER TILE VINTAGE FONT 5,194.04999999999998,99,36,3.086666666666667
20654,FIRST CLASS LUGGAGE TAG,193.59,152,49,1.385
90018A,SILVER M.O.P ORBIT DROP EARRINGS,193.33,46,37,4.194054054054054
21306,SET/4 DAISY MIRROR MAGNETS,193.03,495,44,1.0275555555555556
22883,NUMBER TILE VINTAGE FONT 4,191.48,100,32,3.294375
47471,RAINBOW PEGS PHOTO CLIP STRING,191.18,292,39,0.9814634146341464
90030B,RED KUKUI COCONUT SEED NECKLACE,190.73000000000002,122,25,3.1552000000000002
21027,NINJA RABBIT PINK,190.29,169,42,1.1161363636363637
21418,STARFISH SOAP DISH,189.75,74,25,3.488076923076923
21807,WHITE CHRISTMAS STAR DECORATION,189.42,439,30,0.46799999999999997
21311,SET/4 BIRD MIRROR MAGNETS,188.86999999999998,485,51,0.8705454545454546
21826,EIGHT PIECE DINOSAUR SET,186.43,126,35,1.6797368421052632
21402,RED  EGG  SPOON,185.51999999999998,1369,92,0.25717391304347825
72801d,4 SKY BLUE DINNER CANDLES,184.7,75,44,2.463409090909091
23416,CHAMBRE HOOK,184.67999999999998,132,25,1.7564
84927F,PSYCHEDELIC TILE HOOK,182.95000000000002,299,44,1.088695652173913
71143,SILVER BOOK MARK WITH BEADS,182.25,161,34,1.7126470588235294
22032,BOTANICAL LILY GREETING CARD,181.98,427,60,0.4485
21721,CANDY SHOP  STICKER SHEET,179.45999999999998,195,33,1.102857142857143
79190A,RETRO PLASTIC 70'S TRAY,179.35999999999999,384,63,0.6090476190476191
16258A,SWIRLY CIRCULAR RUBBERS IN BAG,178.97,472,59,0.5913559322033899
21847,GREEN  DIAMANTE PEN IN GIFT BOX,178.89,76,33,2.7533333333333334
85131C,BEADED CRYSTAL HEART BLUE ON STICK,178.85,193,50,0.8714
22872,NUMBER TILE COTTAGE GARDEN 4,177.46,72,30,3.1853333333333333
84507C,BLUE CIRCLES DESIGN MONKEY DOLL,175.73,66,28,2.806206896551724
90197B,BLACK GLASS BRACELET W HEART CHARMS,174.73000000000002,35,27,4.994074074074074
35810B,ENAMEL BLUE RIM COFFEE CONTAINER,174.09,152,26,1.6965384615384616
22042,CHRISTMAS CARD SINGING ANGEL,173.37,411,39,0.43274999999999997
16168M,FUNKY MONKEY GIFT BAG MEDIUM,173.12,371,41,0.6314634146341463
22885,NUMBER TILE VINTAGE FONT 6,172.78,96,28,3.097142857142857
21030,SPACE CADET RED,172.2,141,33,1.191142857142857
85129B,BEADED CRYSTAL HEART GREEN SMALL,168.59,119,31,1.9122580645161291
21457,2 PICTURE BOOK EGGS EASTER DUCKS,165.89,124,25,1.6856
23694,PAISLEY PARK CARD,165.07999999999998,376,41,0.5885365853658536
22538,MINI JIGSAW GO TO THE FAIR,164.84,403,40,0.5553658536585365
21698,MOCK LOBSTER FRIDGE MAGNET,164.17,296,45,1.0622222222222222
22408,MONEY BOX CONFECTIONERY DESIGN,163.69,146,29,1.4883333333333333
22871,NUMBER TILE COTTAGE GARDEN 3,163.35,67,25,3.258
16207A,PINK STRAWBERRY HANDBAG,163.1,60,34,2.751764705882353
21100,CHARLIE AND LOLA CHARLOTTE BAG,162.20999999999998,65,27,3.4099999999999997
84993A,75 GREEN PETIT FOUR CASES,159.69,343,55,0.5847272727272727
84247G,"DECOUPAGE,GREETING CARD,",158.63,357,32,0.5371874999999999
90013C,GREEN VINTAGE EARRINGS,158.08,39,28,4.115357142857143
17038,PORCELAIN BUDAH INCENSE HOLDER,158.06,1525,34,0.42
90134,OLD ROSE COMBO BEAD NECKLACE,157.5,54,45,2.912
84508C,BLUE CIRCLES DESIGN TEDDY,157.5,57,25,3.017307692307692
23417,BATHROOM HOOK,157.5,146,27,1.5964285714285713
35649,VINTAGE BEAD COSMETIC BAG,156.85,57,35,2.699444444444444
84673B,BLUE FLY SWAT,156.63,179,66,0.9283333333333333
44234,ASSORTED CIRCULAR MOBILE,155.82,698,33,0.4108108108108108
23496,PANTRY KITCHEN THERMOMETER,154.52,112,31,1.562258064516129
72128,COLUMBIAN CANDLE ROUND,152.04999999999998,193,36,0.9033333333333332
21401,BLUE PUDDING SPOON,151.19,1052,82,0.24349397590361446
90013B,BLACK VINTAGE EARRINGS,149.41000000000003,36,31,4.1574193548387095
46000R,POLYESTER FILLER PAD 45x30cm,149.35,103,38,1.45
22875,NUMBER TILE COTTAGE GARDEN 7,149.09,63,25,2.9124
37479P,CUBIC MUG FLOCK PINK ON BROWN,146.91,175,32,2.1282857142857146
22886,NUMBER TILE VINTAGE FONT 7,146.43,87,25,2.8827999999999996
84870B,BLUE GEISHA GIRL,146.07999999999998,44,25,3.4415999999999998
84870C,GREEN GEISHA GIRL,146.05,46,28,3.1614285714285715
90116,FRUIT SALAD BAG CHARM,145.52,64,45,2.4153333333333333
22873,NUMBER TILE COTTAGE GARDEN 5,145.5,60,26,3.0461538461538464
84508B,STRIPES DESIGN TEDDY,145.35,57,30,2.55
20757,RED DAISY POCKET BOOK,144.29,167,33,0.9149999999999999
21368,MIRRORED WALL ART LADIES,144.03,164,33,1.2302941176470588
84192,ASSORTED COLOUR METAL CAT,143.75,115,25,1.25
21082,SET/20 FRUIT SALAD PAPER NAPKINS,143.44,88,25,1.63
20774,GREEN FERN NOTEBOOK,141.23999999999998,86,44,1.6406666666666667
20661,BLUE POLKADOT PURSE,141.15,44,33,3.397878787878788
16054,POPART RECT PENCIL SHARPENER ASST,140.52,1166,33,0.1290909090909091
90170,DAISY HAIR BAND,140.32999999999998,85,37,1.652162162162162
23306,SET OF 36 PANTRY PAPER DOILIES,139.78,67,33,2.3147058823529414
79191B,RETRO PLASTIC POLKA TRAY,138.29999999999998,159,30,0.9289999999999999
20758,ABSTRACT CIRCLES POCKET BOOK,137.7,162,42,0.85
22602,CHRISTMAS RETROSPOT HEART WOOD,137.59,139,27,1.3128571428571427
90115,SUMMER BUTTERFLIES BAG CHARM,134.53,54,31,2.485483870967742
21943,CAKES AND RABBITS DESIGN FLANNEL,134.48999999999998,119,50,1.2856
46000U,POLYESTER FILLER PAD 30CMx30CM,133.75,107,26,1.25
72130,COLUMBIAN CANDLE ROUND,133.34,219,27,0.7432142857142857
90208,PAIR OF PINK FLOWER CLUSTER SLIDE,132.7,53,37,2.4975675675675673
21518,BANK ACCOUNT  GREETING  CARD,132.44,318,38,0.47526315789473683
85039a,SET/4 RED MINI ROSE CANDLE IN BOWL,131.81,40,29,3.297241379310345
84510a,SET OF 4 ENGLISH ROSE COASTERS,130.48,53,40,2.4625
21400,RED PUDDING SPOON,128.63,881,72,0.25069444444444444
79190D,RETRO PLASTIC DAISY TRAY,126.97999999999999,265,47,0.6136170212765958
85086A,CANDY SPOT HEART DECORATION,122.08,146,50,0.8331999999999999
21032,SPACE CADET WHITE,119.03,98,30,1.3774193548387097
23185,FRENCH STYLE STORAGE JAR JAM,116.58999999999999,323,30,0.3496875
90130B,TURQ STONE/CRYSTAL EARRINGS,113.97,39,31,2.9183870967741936
47518F,ICON PLACEMAT POP ART ELVIS,113.64,827,28,0.14142857142857143
84457,SET/3 RABBITS FLOWER SKIPPPING ROPE,113.41,127,26,0.9892857142857142
47503H,ASS FLORAL PRINT SPIRIT LEVEL,112.81,101,37,1.5104878048780488
90096,NECKLACE+BRACELET SET BLUE BLOSSOM,112.21,45,26,2.4815384615384612
21678,PAISLEY PATTERN  STICKERS,111.86,125,32,1.0071875
90214A,"LETTER ""A"" BLING KEY RING",111.66,130,56,0.9039285714285714
21372,MIRRORED WALL ART TABLE LAMP,107.75,75,33,1.9772727272727273
20657,TROPICAL LUGGAGE TAG,105.91,73,33,1.720909090909091
17084P,DRAGONS BLOOD INCENSE,104.44,423,39,0.3507692307692308
79144B,PAINTED LIGHTBULB STAR+ MOON,103.64999999999999,181,53,0.7077777777777777
17091A,LAVENDER INCENSE IN TIN,99.29,172,25,0.7815384615384615
79144C,PAINTED LIGHTBULB RAINBOW DESIGN,98.53999999999999,153,51,0.7746153846153846
72801c,4 ROSE PINK DINNER CANDLES,95.94,39,25,2.46
21722,SWEET PUDDING STICKER SHEET,95.52999999999999,98,36,1.1297222222222223
20653,CHERRY BLOSSOM LUGGAGE TAG,95.17999999999999,73,33,1.4815151515151515
84531B,BLUE KNITTED EGG COSY,87.56,156,28,0.743103448275862
84989a,75 GREEN FAIRY CAKE CASES,87.51,42,25,2.086
20869,GOLD FABRIC MIRROR,86.76,180,29,0.716
84249A,"GREETING CARD,SQUARE, DOUGHNUTS",80.46,174,27,0.6629629629629629
90086,CRYSTAL FROG PHONE CHARM,77.78999999999999,102,28,1.5003571428571427
84531A,PINK KNITTED EGG COSY,76.69,147,29,0.6940000000000001
21946,PARTY TIME DESIGN FLANNEL,75.35,86,25,1.0136
84251G,"GREETING CARD, OVERCROWDED POOL.",74.7,270,53,0.4033962264150943
90059A,DIAMANTE HAIR GRIP PACK/2 CRYSTAL,74.53,45,27,1.6588888888888889
90214C,"LETTER ""C"" BLING KEY RING",72.77,91,33,0.8336363636363636
90214S,"LETTER ""S"" BLING KEY RING",71.0,94,41,0.8251219512195122
84251B,"GREETING CARD, STICKY GORDON",70.78,245,53,0.43150943396226416
35916A,YELLOW FELT HANGING HEART W FLOWER,67.39,87,29,0.7927586206896551
90214L,"LETTER ""L"" BLING KEY RING",65.03999999999999,94,37,0.8386486486486486
84673A,PINK FLY SWAT,63.720000000000006,92,43,0.7040909090909091
90087,CRYSTAL SEA HORSE PHONE CHARM,61.459999999999994,107,25,1.4872
90214K,"LETTER ""K"" BLING KEY RING",60.699999999999996,78,38,0.8915789473684211
90214J,"LETTER ""J"" BLING KEY RING",57.21,71,41,0.8602439024390243
90071,RUBY GLASS CLUSTER EARRINGS,54.62,44,33,1.2387878787878788
84251C,"GREETING CARD, TWO SISTERS.",53.88,127,40,0.5189999999999999
90214E,"LETTER ""E"" BLING KEY RING",53.199999999999996,72,30,0.8506666666666667
35916B,BLUE FELT HANGING HEART WITH FLOWER,50.57,75,30,0.7040000000000001
90214D,"LETTER ""D"" BLING KEY RING",49.9,68,32,0.865625
90214M,"LETTER ""M"" BLING KEY RING",49.82,60,28,0.8742857142857143
21089,SET/6 GREEN SPRING PAPER CUPS,48.99,233,25,0.2844
10120,DOGGY RUBBER,40.53,193,29,0.21
90214G,"LETTER ""G"" BLING KEY RING",40.199999999999996,60,30,0.8353333333333333
90214H,"LETTER ""H"" BLING KEY RING",36.76,48,30,0.8546666666666667
84199,GLOW IN DARK DOLPHINS,29.19,139,31,0.21
90214R,"LETTER ""R"" BLING KEY RING",28.009999999999998,41,25,0.8251999999999999
